loan_id,customer_id,loan_product_id,loan_status_id,loan_status,principal_amount,interest_rate,term_months,disbursement_date,customer_age,gender_id,customer_status_id,employment_status_id,industry_id,annual_income,loan_to_income,payments_cnt,late_cnt,late_fee_sum,avg_delay_days,is_overdue
1,6,2,3,ACTIVE,9359671.45,13.4203,120,2025-09-11,25,1,1,1,7.0,2154655.92,4.343928588839373,3,0,0.0,,0
4,22,1,3,ACTIVE,1088267.74,24.0639,12,2025-11-25,64,1,1,1,11.0,7672814.4,0.1418342322994285,1,0,0.0,,0
5,23,1,3,ACTIVE,369542.04,17.2866,60,2025-08-26,34,1,3,1,10.0,2618852.76,0.1411083683834138,4,0,0.0,,0
6,27,2,3,ACTIVE,6715317.59,10.9088,120,2025-04-13,55,2,1,1,3.0,1285964.04,5.222010399295458,8,0,0.0,,0
7,28,1,3,ACTIVE,296854.98,18.072,12,2025-07-23,46,2,1,2,5.0,2732976.6,0.10861965667763127,5,0,0.0,,0
8,28,2,3,ACTIVE,4569604.06,14.6587,180,2025-08-05,46,2,1,2,5.0,2732976.6,1.6720245830132612,4,0,0.0,,0
9,32,1,3,ACTIVE,783818.72,24.4691,36,2025-06-09,61,1,1,1,12.0,1716160.08,0.4567282091773164,6,1,1638.32,4.0,1
10,35,2,3,ACTIVE,8438880.77,10.8302,120,2025-03-04,58,1,1,1,3.0,1576653.0,5.352402063104564,9,2,2346.06,15.5,1
11,38,1,3,ACTIVE,1003829.97,22.9905,24,2025-07-01,49,2,1,2,8.0,1037422.08,0.9676196307678356,6,1,1290.56,16.0,1
12,41,2,3,ACTIVE,4301970.04,13.1063,300,2025-11-19,53,2,1,1,2.0,5759075.16,0.7469897371507824,1,0,0.0,,0
13,43,2,3,ACTIVE,7649012.4,13.9951,300,2025-06-01,60,1,1,1,10.0,1749436.44,4.372272250142451,5,1,1378.77,13.0,1
14,44,2,3,ACTIVE,9022266.23,11.2189,180,2025-09-16,33,1,1,2,7.0,4230955.92,2.1324415570843387,3,0,0.0,,0
16,48,1,3,ACTIVE,793830.36,17.396,24,2025-05-17,33,1,1,1,2.0,5695265.52,0.13938425824262535,7,0,0.0,,0
17,49,2,3,ACTIVE,9447921.66,10.1978,120,2025-04-25,50,1,1,1,6.0,2012141.64,4.695455564450224,8,0,0.0,,0
19,63,1,3,ACTIVE,692242.25,23.2536,48,2025-09-18,61,2,1,1,7.0,456303.24,1.5170662605858332,3,0,0.0,,0
20,63,2,3,ACTIVE,5615934.67,10.5308,120,2025-10-16,61,2,1,1,7.0,456303.24,12.307461744080538,2,0,0.0,,0
21,71,1,3,ACTIVE,1046062.51,21.5306,12,2025-06-06,37,2,1,2,3.0,1484720.88,0.704551625892134,6,2,2338.65,12.0,1
22,72,1,3,ACTIVE,337548.01,22.4381,12,2025-06-30,37,1,1,1,10.0,1688429.88,0.19991828739728298,6,1,969.33,20.0,1
23,77,2,3,ACTIVE,5209031.53,13.3685,120,2025-05-12,33,1,1,1,3.0,2185889.28,2.383026248246206,7,1,997.14,16.0,1
25,81,1,3,ACTIVE,1110758.07,21.5472,24,2025-06-05,44,2,1,1,9.0,2029764.6,0.5472349207390848,6,0,0.0,,0
26,81,2,3,ACTIVE,6813185.73,11.3923,180,2025-02-01,44,2,1,1,9.0,2029764.6,3.356638365847941,10,0,0.0,,0
27,84,1,3,ACTIVE,413280.94,24.7397,36,2025-05-14,35,2,1,2,9.0,1788670.8,0.23105478101392385,7,0,0.0,,0
31,93,1,3,ACTIVE,103135.23,18.2121,48,2025-01-31,42,2,1,1,10.0,4657132.68,0.022145649928101255,11,0,0.0,,0
32,95,1,3,ACTIVE,716803.49,23.6864,36,2025-04-06,64,2,1,2,11.0,2527935.72,0.283552894295904,7,1,1105.44,6.0,1
34,98,1,3,ACTIVE,957265.14,24.3555,48,2025-09-30,42,1,1,1,1.0,1973660.28,0.48502021837314374,3,0,0.0,,0
35,107,1,3,ACTIVE,772462.98,16.3594,12,2025-02-15,31,2,1,1,7.0,1012126.2,0.7632081651477849,10,0,0.0,,0
36,112,1,3,ACTIVE,770724.76,17.8585,60,2025-06-04,42,1,1,2,8.0,2341765.68,0.32912121250320825,6,0,0.0,,0
37,112,2,3,ACTIVE,2310516.21,14.7863,120,2025-06-02,42,1,1,2,8.0,2341765.68,0.9866555948501218,6,2,2190.22,11.0,1
38,115,2,3,ACTIVE,7881433.85,14.0699,180,2025-06-23,63,2,1,1,12.0,1367419.68,5.763727087795021,6,0,0.0,,0
39,117,1,3,ACTIVE,615411.97,16.0419,12,2025-08-23,34,1,1,1,3.0,3932382.12,0.1564985169854246,4,0,0.0,,0
40,117,2,3,ACTIVE,4219122.31,12.6159,240,2025-09-02,34,1,1,1,3.0,3932382.12,1.072917682272444,3,0,0.0,,0
43,124,1,3,ACTIVE,912168.53,21.7315,60,2025-04-17,49,2,1,1,5.0,2210244.6,0.41270026403412546,8,0,0.0,,0
44,127,2,3,ACTIVE,3984933.4,14.5762,120,2025-09-20,43,1,2,1,8.0,1333503.24,2.988319248478166,3,0,0.0,,0
45,128,2,3,ACTIVE,8883312.21,14.312,180,2025-03-28,63,2,2,1,12.0,6042429.48,1.4701557112752601,9,0,0.0,,0
46,130,1,3,ACTIVE,837543.92,23.7877,24,2025-07-18,39,1,1,1,9.0,5040303.84,0.16616933156950317,5,0,0.0,,0
47,135,1,3,ACTIVE,898884.56,16.9957,60,2025-08-13,26,2,1,1,2.0,2690719.68,0.33406845264535323,4,0,0.0,,0
48,141,2,3,ACTIVE,6089770.58,12.7513,300,2025-06-03,65,1,1,1,2.0,2043325.8,2.9803228540451063,6,1,867.39,7.0,1
49,142,2,3,ACTIVE,6307888.37,13.1221,240,2025-05-10,58,1,1,1,3.0,1507464.48,4.184435821665264,7,0,0.0,,0
50,143,1,3,ACTIVE,700197.53,22.147,12,2025-04-19,27,2,1,1,4.0,832050.84,0.8415321472423488,8,0,0.0,,0
51,147,1,3,ACTIVE,657866.54,16.3791,48,2025-09-08,39,2,1,1,2.0,4760129.4,0.1382034992578143,3,1,1193.26,16.0,1
52,152,2,3,ACTIVE,3957535.22,10.6905,240,2025-06-28,54,2,2,1,11.0,6583786.2,0.6011032405639175,6,1,1931.87,19.0,1
53,154,1,3,ACTIVE,416227.24,22.5411,12,2025-09-12,34,2,1,1,4.0,1469429.88,0.2832576400311119,3,1,555.16,11.0,1
54,156,1,3,ACTIVE,247097.59,21.2969,12,2025-10-04,50,2,1,1,1.0,3684437.64,0.06706521161259225,2,0,0.0,,0
55,160,1,3,ACTIVE,153663.95,18.1518,60,2025-09-20,29,2,2,1,2.0,1873686.96,0.08201153836284371,3,0,0.0,,0
56,165,2,3,ACTIVE,7226945.47,13.1148,240,2025-10-04,30,2,1,1,1.0,865151.28,8.353389328627012,2,0,0.0,,0
57,168,1,3,ACTIVE,558810.64,23.55,24,2025-07-16,47,1,1,1,6.0,2039221.2,0.2740313998304843,5,1,542.58,8.0,1
58,168,2,3,ACTIVE,5372822.39,12.9322,180,2025-08-06,47,1,1,1,6.0,2039221.2,2.634742317312119,4,0,0.0,,0
59,171,1,3,ACTIVE,1006914.66,16.6173,12,2025-05-14,47,2,1,1,1.0,2055674.88,0.48982194110383837,7,0,0.0,,0
61,180,1,3,ACTIVE,752772.4,18.1829,60,2025-06-01,49,2,1,2,4.0,1785391.32,0.42162880012209314,7,0,0.0,,0
63,189,2,3,ACTIVE,9863192.52,13.301,180,2025-02-13,49,2,1,1,8.0,1131789.6,8.714687358851858,10,1,988.96,14.0,1
64,192,1,3,ACTIVE,977968.46,22.0366,60,2025-03-25,60,1,1,1,11.0,1969119.6,0.4966526461876668,9,0,0.0,,0
65,198,1,3,ACTIVE,1010657.94,24.7085,24,2025-05-20,53,2,1,1,8.0,854012.4,1.1834230275813324,6,0,0.0,,0
66,212,1,3,ACTIVE,344421.74,18.0394,36,2025-10-20,63,2,1,2,2.0,3258753.72,0.10569124567044606,2,0,0.0,,0
68,217,1,3,ACTIVE,606559.14,16.1897,36,2025-09-18,63,1,1,2,4.0,1703761.08,0.3560118534929792,3,0,0.0,,0
69,224,1,3,ACTIVE,776830.92,16.1047,60,2025-05-18,38,2,2,2,10.0,3494786.64,0.22228278862826373,7,0,0.0,,0
71,229,2,3,ACTIVE,5353287.39,10.5459,180,2025-11-08,60,2,1,1,2.0,2184864.48,2.4501690786789667,1,0,0.0,,0
72,230,1,3,ACTIVE,584453.63,19.2502,48,2025-08-17,34,2,1,1,12.0,1488263.76,0.39270836642558576,4,1,1158.78,6.0,1
73,236,2,3,ACTIVE,5476855.82,11.8996,240,2025-09-14,24,2,1,1,4.0,1857123.6,2.949106790738107,3,0,0.0,,0
74,239,2,3,ACTIVE,9259083.25,12.3251,120,2025-03-28,47,2,1,1,5.0,1382763.84,6.69606984371243,9,0,0.0,,0
75,241,1,3,ACTIVE,309136.99,18.6656,36,2025-06-29,38,1,1,1,3.0,2286215.28,0.1352177954125125,6,0,0.0,,0
76,241,2,3,ACTIVE,2452663.09,12.385,240,2025-03-29,38,1,1,1,3.0,2286215.28,1.0728049591200353,9,0,0.0,,0
77,247,1,3,ACTIVE,965260.07,24.4374,36,2025-08-02,44,1,1,1,9.0,2197235.88,0.4393065299843911,4,0,0.0,,0
78,248,2,3,ACTIVE,7398950.71,11.2049,240,2025-10-17,29,1,1,1,7.0,2068355.52,3.5772141870465286,1,0,0.0,,0
79,249,1,3,ACTIVE,464308.1,21.3872,36,2025-10-14,51,2,1,1,9.0,905423.52,0.5128076416658582,2,0,0.0,,0
80,249,2,3,ACTIVE,5550793.45,12.1004,300,2025-11-19,51,2,1,1,9.0,905423.52,6.130604438020342,1,0,0.0,,0
81,252,2,3,ACTIVE,6187095.78,14.2556,180,2025-09-18,40,1,1,1,9.0,2189598.84,2.8256754922285214,2,0,0.0,,0
82,255,1,3,ACTIVE,1049427.3,16.7471,36,2025-06-24,45,1,1,1,2.0,2540089.56,0.41314578687532577,6,0,0.0,,0
83,256,1,3,ACTIVE,650931.34,16.1181,12,2025-03-22,27,2,1,1,7.0,2175409.56,0.29922243239567264,9,0,0.0,,0
84,260,1,3,ACTIVE,589235.81,20.1852,12,2025-08-25,46,1,1,1,7.0,2474794.2,0.2380948726968893,4,0,0.0,,0
85,262,1,3,ACTIVE,413361.57,19.7119,60,2025-04-27,36,1,1,1,12.0,1778929.44,0.23236535452468537,8,0,0.0,,0
86,263,2,3,ACTIVE,9198138.24,11.4397,300,2025-10-19,39,2,1,1,5.0,3598210.2,2.5563093117795064,2,0,0.0,,0
87,264,1,3,ACTIVE,346628.27,18.3634,24,2025-07-26,43,2,1,1,5.0,1282836.72,0.2702045120753949,5,0,0.0,,0
88,264,2,3,ACTIVE,7626431.9,14.8074,180,2025-09-02,43,2,1,1,5.0,1282836.72,5.94497474316139,3,0,0.0,,0
89,265,1,3,ACTIVE,883100.43,21.5073,36,2025-04-25,52,2,1,1,6.0,1221739.68,0.72282209087291,8,1,1787.11,20.0,1
90,266,1,3,ACTIVE,1054061.48,21.3915,12,2025-03-23,45,2,1,1,9.0,2832166.32,0.3721749928867172,9,0,0.0,,0
92,273,1,3,ACTIVE,755058.9,17.8423,60,2025-12-01,40,2,1,1,3.0,1806749.64,0.41791008742085595,1,0,0.0,,0
93,279,1,3,ACTIVE,824581.47,23.6664,24,2025-09-19,45,2,1,1,8.0,2038305.84,0.40454256364197044,3,0,0.0,,0
94,279,2,3,ACTIVE,7997983.41,11.1998,240,2025-10-14,45,2,1,1,8.0,2038305.84,3.923838735604074,2,0,0.0,,0
96,286,2,3,ACTIVE,8880677.4,13.7757,180,2025-07-25,55,2,1,1,3.0,5723690.4,1.5515649483766627,5,0,0.0,,0
97,290,2,3,ACTIVE,8993662.39,14.4861,120,2025-05-18,41,1,1,1,6.0,1415400.84,6.354145155092603,7,0,0.0,,0
98,291,1,3,ACTIVE,606353.31,21.2288,24,2025-11-09,33,1,1,1,10.0,2440836.72,0.24842026712872461,1,0,0.0,,0
99,293,1,3,ACTIVE,370841.81,24.3528,24,2025-08-08,34,1,1,2,1.0,2354267.52,0.1575189764330606,4,0,0.0,,0
100,295,2,3,ACTIVE,5744371.28,10.9071,180,2025-04-28,39,1,1,1,1.0,2897355.36,1.9826257280363428,8,0,0.0,,0
101,297,1,3,ACTIVE,1235149.31,18.366,36,2025-04-27,55,1,1,2,7.0,3438500.16,0.35921164825538354,7,0,0.0,,0
102,298,1,3,ACTIVE,1072492.96,17.857,24,2025-02-20,54,1,1,1,2.0,2848257.36,0.37654355784759563,10,0,0.0,,0
103,301,2,3,ACTIVE,6624612.64,12.3938,120,2025-08-03,58,2,1,1,10.0,4533282.12,1.4613281204744435,3,0,0.0,,0
105,304,1,3,ACTIVE,235072.17,18.0902,48,2025-09-12,26,1,2,1,12.0,953356.32,0.24657325395398857,3,0,0.0,,0
106,310,1,3,ACTIVE,866879.42,20.058,12,2025-05-24,47,2,1,1,8.0,1872520.08,0.4629479967979836,7,0,0.0,,0
107,310,2,3,ACTIVE,6828042.21,10.3697,120,2025-04-28,47,2,1,1,8.0,1872520.08,3.646445388185103,8,0,0.0,,0
108,319,1,3,ACTIVE,308648.08,22.0187,24,2025-10-06,44,2,1,2,5.0,2243855.88,0.13755254192172092,2,0,0.0,,0
110,321,2,3,ACTIVE,5713698.78,12.3397,120,2025-05-13,25,1,1,1,7.0,1056351.72,5.408898070426771,7,0,0.0,,0
111,328,1,3,ACTIVE,1324380.41,19.0218,12,2025-10-06,34,1,1,2,10.0,1349625.12,0.9812950206498824,2,0,0.0,,0
114,343,1,3,ACTIVE,269773.79,21.9672,12,2025-07-18,22,1,1,3,,447262.68,0.6031663316957274,5,0,0.0,,0
115,344,1,3,ACTIVE,446012.69,19.8607,48,2025-06-18,35,1,1,1,9.0,2042715.96,0.2183429800000192,6,0,0.0,,0
116,344,2,3,ACTIVE,3763786.01,13.39,240,2025-03-30,35,1,1,1,9.0,2042715.96,1.8425400710140827,9,0,0.0,,0
117,347,2,3,ACTIVE,7348899.64,14.3908,300,2025-08-12,48,2,1,1,8.0,3679493.64,1.9972584162422957,4,0,0.0,,0
118,350,1,3,ACTIVE,471831.78,21.4992,36,2025-09-14,54,2,1,2,2.0,1461235.68,0.322899164356567,3,0,0.0,,0
119,352,2,3,ACTIVE,9727036.18,14.71,300,2025-05-07,42,2,1,1,11.0,3052821.96,3.1862441725884336,7,1,606.77,5.0,1
120,354,2,3,ACTIVE,5263570.17,10.648,180,2025-09-25,40,1,1,1,9.0,1311803.16,4.012469500378395,3,0,0.0,,0
122,360,2,3,ACTIVE,9328939.09,11.3658,180,2025-08-04,43,2,1,1,7.0,1481793.36,6.295708525782569,4,0,0.0,,0
123,365,1,3,ACTIVE,737878.73,16.8601,12,2025-06-08,65,1,1,1,12.0,2658513.0,0.27755317728369205,5,0,0.0,,0
124,367,1,3,ACTIVE,667836.72,18.1008,36,2025-10-16,29,1,1,1,6.0,1907829.72,0.3500504856376805,2,0,0.0,,0
126,370,1,3,ACTIVE,1495189.44,19.7332,48,2025-07-10,51,2,1,2,12.0,2461236.84,0.6074951486586719,4,0,0.0,,0
127,387,1,3,ACTIVE,140503.94,21.9364,48,2025-06-14,30,1,1,1,10.0,1070599.2,0.1312385998420324,6,1,1486.14,20.0,1
128,392,1,3,ACTIVE,262442.78,21.2413,36,2025-03-24,27,2,1,1,5.0,908517.12,0.2888693831107993,8,0,0.0,,0
129,395,1,3,ACTIVE,420822.66,18.8597,24,2025-04-23,23,1,1,3,,337099.32,1.2483640133121598,8,0,0.0,,0
130,399,1,3,ACTIVE,833793.84,22.3764,36,2025-02-16,31,1,1,1,10.0,1099130.52,0.7585940202988813,8,0,0.0,,0
131,401,1,3,ACTIVE,605892.4,17.557,12,2025-06-07,61,2,1,1,5.0,2016259.92,0.30050312164118204,6,1,1193.4,3.0,1
132,402,1,3,ACTIVE,287948.47,21.6997,60,2025-08-25,61,1,1,1,2.0,1870775.16,0.15391933576881575,4,0,0.0,,0
133,407,2,3,ACTIVE,5289974.21,11.3663,300,2025-01-26,54,2,1,1,9.0,1776971.52,2.9769606042982613,11,0,0.0,,0
136,421,1,3,ACTIVE,153713.1,19.413,24,2025-07-05,24,2,1,1,5.0,1681887.12,0.09139323214509187,5,0,0.0,,0
137,423,1,3,ACTIVE,208222.71,21.9915,48,2025-10-01,47,1,1,2,12.0,747604.2,0.27851998423764873,3,0,0.0,,0
138,427,1,3,ACTIVE,523885.16,22.1737,12,2025-05-26,24,2,1,1,10.0,2865172.8,0.18284592119539875,7,1,1428.66,5.0,1
140,436,2,3,ACTIVE,6976124.88,13.1017,120,2025-03-20,35,2,1,1,12.0,4057662.96,1.719247002220214,8,0,0.0,,0
141,442,1,3,ACTIVE,750201.45,21.4647,12,2025-04-13,41,2,1,1,1.0,7147481.52,0.10496025039040605,8,0,0.0,,0
142,449,2,3,ACTIVE,7830625.17,11.5903,120,2025-02-15,59,2,1,1,9.0,2253996.6,3.4741069130272866,10,0,0.0,,0
143,450,1,3,ACTIVE,1464816.01,22.2281,12,2025-09-28,51,1,1,1,5.0,4499235.6,0.32556997237486296,3,0,0.0,,0
144,462,1,3,ACTIVE,121473.87,22.3115,36,2025-09-10,71,1,1,4,,672158.76,0.1807219919294067,3,0,0.0,,0
145,463,2,3,ACTIVE,9941972.32,12.5572,240,2025-11-09,61,2,1,1,5.0,2051934.48,4.845170455929957,1,0,0.0,,0
146,468,2,3,ACTIVE,8255393.85,10.1325,300,2025-07-08,57,2,1,1,7.0,5480213.4,1.506400070114058,5,0,0.0,,0
147,469,1,3,ACTIVE,371385.19,17.4817,60,2025-09-11,50,2,1,1,4.0,2109822.0,0.1760267880418348,3,0,0.0,,0
148,469,2,3,ACTIVE,5847417.34,10.0139,240,2025-09-19,50,2,1,1,4.0,2109822.0,2.7715216449539346,3,0,0.0,,0
149,470,1,3,ACTIVE,194699.23,19.6156,24,2025-07-01,19,1,1,3,,430265.16,0.4525098662415521,6,0,0.0,,0
150,474,2,3,ACTIVE,7239063.21,11.2843,300,2025-11-04,33,2,1,1,2.0,1468373.76,4.929986769853474,1,0,0.0,,0
151,477,2,3,ACTIVE,9701337.24,10.0217,180,2025-03-19,43,1,1,1,2.0,5201379.6,1.8651469390928515,9,0,0.0,,0
152,478,1,3,ACTIVE,1068646.82,17.164,12,2025-06-26,49,1,1,1,1.0,1183855.44,0.9026835404836253,6,1,867.64,19.0,1
153,480,1,3,ACTIVE,713720.33,21.0374,36,2025-05-12,50,2,1,1,4.0,3040848.24,0.23471093381496735,7,1,407.23,17.0,1
155,489,1,3,ACTIVE,329774.31,22.3198,48,2025-10-18,36,2,1,1,5.0,2387935.56,0.13810017134633232,2,0,0.0,,0
156,491,2,3,ACTIVE,6331851.1,13.5965,300,2025-07-10,53,2,1,1,4.0,4227099.48,1.4979186390001873,5,0,0.0,,0
158,495,1,3,ACTIVE,128938.72,21.3311,24,2025-06-03,48,2,1,1,7.0,1884614.64,0.06841649070496449,6,0,0.0,,0
159,498,1,3,ACTIVE,326374.69,17.9,60,2025-10-03,62,2,1,1,11.0,1078168.32,0.3027121869060297,2,0,0.0,,0
160,500,1,3,ACTIVE,666395.64,19.0618,48,2025-07-26,27,2,1,1,6.0,1375409.76,0.4845069879393614,5,0,0.0,,0
161,506,1,3,ACTIVE,663532.9,24.3013,60,2025-04-24,56,1,1,1,5.0,1227273.24,0.5406562111628866,8,0,0.0,,0
162,506,2,3,ACTIVE,4023891.72,12.6617,120,2025-04-11,56,1,1,1,5.0,1227273.24,3.2787252168881316,8,1,392.47,11.0,1
163,507,1,3,ACTIVE,569781.36,21.3325,24,2025-04-26,61,2,1,1,9.0,1412811.24,0.40329616856672235,8,0,0.0,,0
164,507,2,3,ACTIVE,3478456.22,14.7707,300,2025-03-22,61,2,1,1,9.0,1412811.24,2.462081360564487,9,1,1727.9,8.0,1
166,511,1,3,ACTIVE,578752.56,17.1455,12,2025-07-09,35,1,1,1,8.0,2422938.84,0.23886387491316124,5,0,0.0,,0
167,513,2,3,ACTIVE,2544402.33,11.1495,120,2025-07-27,28,1,1,1,4.0,1193084.16,2.132626025309061,5,0,0.0,,0
168,515,1,3,ACTIVE,767224.12,24.9756,60,2025-10-19,35,1,1,1,2.0,1604892.24,0.4780533551585993,2,0,0.0,,0
169,519,2,3,ACTIVE,3552279.49,14.141,120,2025-06-25,38,1,1,1,7.0,6403481.04,0.5547419392374745,6,0,0.0,,0
170,520,2,3,ACTIVE,2603910.11,11.4321,180,2025-04-22,61,2,3,1,8.0,2159060.64,1.2060384325286946,7,0,0.0,,0
172,528,1,3,ACTIVE,993571.15,21.1537,12,2025-03-11,37,2,1,1,6.0,2844983.16,0.3492362148111977,9,1,1896.08,17.0,1
173,528,2,3,ACTIVE,7646739.12,10.2462,180,2025-04-04,37,2,1,1,6.0,2844983.16,2.687797673993965,8,0,0.0,,0
174,533,1,3,ACTIVE,934174.66,22.4399,36,2025-05-25,50,2,1,1,4.0,2437546.08,0.3832438974856221,7,0,0.0,,0
175,534,2,3,ACTIVE,3748302.02,14.4646,180,2025-03-20,58,2,1,1,4.0,1461250.68,2.565132780639664,9,1,733.43,5.0,1
176,538,2,3,ACTIVE,9832381.45,14.1068,240,2025-04-14,57,2,1,1,12.0,2223649.56,4.421731565472034,8,0,0.0,,0
177,539,2,3,ACTIVE,8407339.5,14.63,180,2025-07-08,65,2,1,2,6.0,3027569.4,2.776927095378887,5,2,2813.17,9.0,1
178,541,1,3,ACTIVE,1112484.53,19.9316,36,2025-05-01,38,2,1,2,9.0,3240288.6,0.34332884114087864,8,3,4947.54,9.0,1
179,542,2,3,ACTIVE,8677414.5,12.6395,300,2025-09-16,58,1,1,1,11.0,1511855.88,5.739577835950871,3,0,0.0,,0
182,550,2,3,ACTIVE,9884695.74,11.5625,300,2025-06-01,64,1,1,1,11.0,2029172.76,4.871293334333938,7,0,0.0,,0
183,552,1,3,ACTIVE,713842.04,17.5369,12,2025-05-19,61,1,1,2,10.0,0.0,,7,1,1762.11,3.0,1
184,558,1,3,ACTIVE,328636.35,21.5946,60,2025-07-08,40,1,1,1,10.0,1166104.8,0.28182402645113885,5,0,0.0,,0
185,558,2,3,ACTIVE,8958813.99,10.0939,180,2025-08-25,40,1,1,1,10.0,1166104.8,7.682683400325597,4,0,0.0,,0
186,564,1,3,ACTIVE,357799.74,24.0163,12,2025-05-08,25,2,1,1,8.0,2100234.96,0.17036176752338225,7,0,0.0,,0
187,573,1,3,ACTIVE,955000.48,17.7161,48,2025-03-09,27,2,1,1,8.0,1978659.72,0.482650185045461,8,2,2900.76,15.5,1
188,576,1,3,ACTIVE,668486.67,24.9582,36,2025-11-12,35,1,1,1,10.0,1218216.96,0.5487418842042718,1,0,0.0,,0
189,578,2,3,ACTIVE,9025032.2,14.4699,120,2025-04-09,48,1,1,1,3.0,4650910.32,1.9404872549767849,8,0,0.0,,0
191,585,1,3,ACTIVE,1314720.41,16.2868,60,2025-05-15,50,1,1,1,7.0,4699262.4,0.2797716531002823,7,0,0.0,,0
192,586,1,3,ACTIVE,356953.26,22.1024,48,2025-07-16,44,1,1,1,5.0,3156240.48,0.11309444329793274,5,1,1350.29,11.0,1
193,586,2,3,ACTIVE,5791256.68,10.2575,120,2025-05-05,44,1,1,1,5.0,3156240.48,1.8348591359553186,7,1,612.0,5.0,1
195,594,2,3,ACTIVE,2525643.01,14.3638,240,2025-11-19,26,2,1,1,5.0,1391347.44,1.8152496906164575,1,0,0.0,,0
196,597,1,3,ACTIVE,1025037.34,20.3183,36,2025-04-18,62,2,1,1,5.0,2317528.32,0.4422976544252111,7,1,640.03,17.0,1
197,600,2,3,ACTIVE,2824675.28,10.0712,300,2025-08-23,35,1,1,1,9.0,2380131.72,1.1867726715561775,4,0,0.0,,0
200,612,1,3,ACTIVE,849930.14,16.7919,12,2025-07-24,24,2,1,1,6.0,872181.36,0.9744878519302453,5,0,0.0,,0
201,617,1,3,ACTIVE,212612.79,18.5507,12,2025-06-05,38,1,1,1,1.0,4302605.4,0.04941489405465814,6,0,0.0,,0
202,619,2,3,ACTIVE,7122184.95,14.243,300,2025-02-25,58,1,1,2,4.0,1805166.12,3.945445724407901,9,0,0.0,,0
203,622,2,3,ACTIVE,9934551.6,14.178,120,2025-07-08,48,1,1,2,7.0,2164524.36,4.589715774785736,5,0,0.0,,0
204,628,1,3,ACTIVE,968975.15,22.327,36,2025-03-11,38,1,1,1,5.0,2419078.08,0.400555549657992,9,0,0.0,,0
205,635,1,3,ACTIVE,695101.76,23.5969,12,2025-01-27,55,1,1,1,2.0,2906898.48,0.23912144327792278,11,2,2241.2,7.5,1
206,637,1,3,ACTIVE,194344.08,16.616,24,2025-08-27,38,2,1,1,3.0,2222350.2,0.08744979976603147,4,0,0.0,,0
207,638,1,3,ACTIVE,801160.42,17.5967,36,2025-05-30,34,2,3,1,1.0,1372914.36,0.5835472651039938,7,0,0.0,,0
208,642,1,3,ACTIVE,1475565.87,19.0047,24,2025-06-08,33,1,2,1,11.0,3602092.2,0.40964133844214207,6,0,0.0,,0
209,643,1,3,ACTIVE,779441.79,20.4797,48,2025-07-08,56,1,1,1,8.0,1818374.76,0.4286474972848831,5,0,0.0,,0
210,645,1,3,ACTIVE,172986.27,19.2548,60,2025-11-12,19,2,1,3,,627763.2,0.27555974928125765,1,1,1094.25,15.0,1
211,646,2,3,ACTIVE,9821324.01,13.403,300,2025-04-30,31,2,1,1,12.0,2013742.68,4.8771494528784585,8,0,0.0,,0
213,652,2,3,ACTIVE,8212291.35,10.8066,240,2025-11-08,58,2,1,1,11.0,5488291.92,1.4963291803180907,1,0,0.0,,0
214,656,1,3,ACTIVE,268815.04,17.7337,12,2025-10-01,48,2,1,1,2.0,1825344.84,0.14726808551966541,3,0,0.0,,0
215,660,1,3,ACTIVE,929052.94,17.4449,12,2025-07-05,51,2,1,1,4.0,2212576.08,0.41989649458743133,5,0,0.0,,0
216,668,1,3,ACTIVE,611073.43,23.5668,48,2025-07-15,59,1,1,1,9.0,4584218.52,0.1332993676749947,5,0,0.0,,0
217,676,1,3,ACTIVE,983391.39,20.2285,60,2025-09-07,34,2,1,1,2.0,4149589.08,0.23698524625961276,3,0,0.0,,0
218,678,1,3,ACTIVE,888754.59,19.2007,60,2025-04-25,36,1,1,2,10.0,1303144.2,0.6820078622150948,8,1,666.17,12.0,1
219,679,1,3,ACTIVE,291663.75,23.897,60,2025-11-11,59,2,1,1,3.0,1939677.0,0.15036717453472923,1,0,0.0,,0
221,688,1,3,ACTIVE,784311.89,21.9996,36,2025-09-28,39,1,1,1,1.0,4724362.08,0.16601434790959121,3,0,0.0,,0
222,688,2,3,ACTIVE,8144908.94,12.1375,180,2025-10-16,39,1,1,1,1.0,4724362.08,1.7240230113776547,2,0,0.0,,0
224,694,1,3,ACTIVE,1336046.78,18.7966,12,2025-06-29,38,1,1,1,5.0,3151569.0,0.4239306770691043,6,0,0.0,,0
225,694,2,3,ACTIVE,7334981.6,14.8898,300,2025-07-05,38,1,1,1,5.0,3151569.0,2.3274063172978283,5,0,0.0,,0
227,698,1,3,ACTIVE,740967.23,24.0008,36,2025-06-04,37,2,1,1,3.0,1120751.16,0.66113447520322,6,1,1761.8,18.0,1
228,698,2,3,ACTIVE,9558324.57,14.6292,300,2025-06-22,37,2,1,1,3.0,1120751.16,8.52849848489115,6,1,1720.33,9.0,1
229,699,1,3,ACTIVE,1161805.31,24.8317,36,2025-08-04,63,1,1,1,3.0,2194945.32,0.5293094545061378,4,0,0.0,,0
230,699,2,3,ACTIVE,7610454.52,14.8837,120,2025-08-25,63,1,1,1,3.0,2194945.32,3.4672638314288395,4,1,1907.03,4.0,1
231,715,2,3,ACTIVE,8712981.33,12.6561,240,2025-08-19,50,1,1,1,5.0,4457320.44,1.9547576727510307,4,0,0.0,,0
232,717,1,3,ACTIVE,958372.12,17.2218,24,2025-06-05,61,2,1,2,7.0,3363713.64,0.28491489543087267,6,0,0.0,,0
233,718,2,3,ACTIVE,7810263.67,12.416,240,2025-07-17,64,2,1,2,7.0,1619357.64,4.823062847315186,5,0,0.0,,0
234,720,1,3,ACTIVE,410641.14,18.9649,24,2025-07-08,48,1,1,1,1.0,1942978.68,0.21134618934676114,5,0,0.0,,0
235,721,2,3,ACTIVE,6668465.91,14.384,240,2025-08-17,44,2,1,1,3.0,2488710.96,2.6794858933718846,4,1,1063.08,14.0,1
236,725,1,3,ACTIVE,859106.8,19.5646,60,2025-06-21,25,1,1,1,1.0,1831641.72,0.469036488205783,6,0,0.0,,0
237,732,1,3,ACTIVE,963004.13,16.9881,24,2025-03-27,46,1,1,1,2.0,1679730.84,0.5733085962748651,8,0,0.0,,0
238,735,2,3,ACTIVE,5138020.55,11.9007,120,2025-07-10,35,2,3,1,6.0,1305186.72,3.9366172450789265,5,0,0.0,,0
239,738,1,3,ACTIVE,1245825.49,23.4809,12,2025-03-25,58,2,3,1,12.0,4642962.24,0.2683255700998335,9,1,1537.67,6.0,1
240,744,2,3,ACTIVE,8687730.14,13.9649,180,2025-05-23,39,1,1,1,7.0,1089459.48,7.9743490230586636,7,0,0.0,,0
241,746,2,3,ACTIVE,5538425.39,14.3789,180,2025-07-09,56,1,2,1,1.0,648398.4,8.541701197905486,5,0,0.0,,0
242,750,1,3,ACTIVE,325862.33,20.0562,24,2025-06-01,35,2,1,1,9.0,3046274.76,0.10697076123231905,7,0,0.0,,0
243,758,1,3,ACTIVE,717670.9,17.3802,24,2025-06-09,38,2,1,1,5.0,2114678.28,0.3393759262520065,5,0,0.0,,0
244,763,1,3,ACTIVE,496905.59,24.5431,12,2025-09-27,59,1,1,1,3.0,2263327.68,0.2195464644341733,3,1,361.43,5.0,1
245,764,2,3,ACTIVE,5256429.89,11.2432,240,2025-11-01,52,1,1,1,4.0,3007397.4,1.7478334888498608,2,0,0.0,,0
246,773,1,3,ACTIVE,355203.92,19.3294,60,2025-09-09,65,1,2,1,11.0,3170859.84,0.11202132478993458,3,0,0.0,,0
247,773,2,3,ACTIVE,4073612.29,12.6248,300,2025-10-06,65,1,2,1,11.0,3170859.84,1.284702729086884,2,0,0.0,,0
248,775,1,3,ACTIVE,254436.26,24.0458,36,2025-09-22,50,2,2,1,12.0,1973706.36,0.12891292502092358,3,0,0.0,,0
249,776,2,3,ACTIVE,9439931.75,14.2116,240,2025-09-10,65,2,1,1,9.0,4442006.16,2.12515053108346,3,0,0.0,,0
250,777,1,3,ACTIVE,285100.23,20.2618,48,2025-09-19,49,2,1,1,11.0,2766986.16,0.1030363773124185,3,0,0.0,,0
252,780,1,3,ACTIVE,1116357.24,21.1269,24,2025-07-04,39,2,1,2,3.0,2854172.04,0.3911317272941963,5,0,0.0,,0
253,781,1,3,ACTIVE,192648.27,16.1386,24,2025-06-21,61,1,1,4,,711462.96,0.2707776522898676,6,1,1972.05,18.0,1
254,789,1,3,ACTIVE,682737.05,24.6499,12,2025-04-25,36,1,1,1,1.0,1855856.64,0.367882429754919,8,0,0.0,,0
255,801,2,3,ACTIVE,4105941.01,12.1089,300,2025-03-22,61,2,1,1,6.0,2158939.44,1.90183241545673,9,0,0.0,,0
257,810,2,3,ACTIVE,5014688.64,13.2131,180,2025-06-09,33,1,1,2,1.0,1165867.44,4.301251126800488,6,1,1113.66,18.0,1
260,814,1,3,ACTIVE,187283.35,24.604,36,2025-05-24,22,2,1,3,,601194.72,0.3115186207889517,7,0,0.0,,0
261,817,1,3,ACTIVE,173409.44,17.8568,36,2025-04-02,65,2,1,1,7.0,4868692.56,0.03561724998302213,8,0,0.0,,0
262,823,1,3,ACTIVE,137518.67,19.269,12,2025-06-18,68,1,1,4,,610339.92,0.22531488682568887,6,0,0.0,,0
263,824,1,3,ACTIVE,568086.29,19.4192,24,2025-09-13,64,1,1,1,3.0,1577296.56,0.3601645400152271,3,0,0.0,,0
264,825,1,3,ACTIVE,999532.95,23.5948,12,2025-10-14,58,2,3,2,11.0,2948638.8,0.3389811427564475,2,0,0.0,,0
265,838,1,3,ACTIVE,213781.22,17.2841,60,2025-06-01,44,1,1,1,12.0,4939604.88,0.04327901222739095,7,0,0.0,,0
266,839,2,3,ACTIVE,6206040.46,11.6452,300,2025-06-30,34,2,1,2,7.0,2681656.44,2.3142563556724665,6,0,0.0,,0
267,849,1,3,ACTIVE,727287.83,16.8947,24,2025-06-22,26,2,1,1,6.0,1593278.76,0.45647243172939805,6,0,0.0,,0
268,853,1,3,ACTIVE,1005108.43,21.0054,12,2025-08-20,33,1,1,2,10.0,2160121.08,0.4653018940956773,4,1,659.84,12.0,1
269,865,1,3,ACTIVE,352847.73,23.2168,48,2025-02-21,54,1,1,1,10.0,2359487.28,0.14954423911961076,10,1,1729.78,7.0,1
270,865,2,3,ACTIVE,5982032.24,11.5521,240,2025-02-02,54,1,1,1,10.0,2359487.28,2.5353102306192556,8,3,3855.63,11.666666666666666,1
273,873,1,3,ACTIVE,1407980.2,21.7826,60,2025-07-12,53,2,1,1,3.0,3315374.64,0.42468208057476126,5,0,0.0,,0
274,878,2,3,ACTIVE,6995231.81,13.6477,120,2025-08-04,29,1,1,1,8.0,2247244.08,3.1128046447006326,4,0,0.0,,0
275,884,1,3,ACTIVE,335231.38,23.5667,60,2025-09-02,42,2,1,1,3.0,2066573.64,0.1622160340727079,3,1,1203.55,12.0,1
276,886,2,3,ACTIVE,4835959.63,12.2694,300,2025-10-01,30,1,1,1,11.0,1202135.28,4.022808173469461,3,0,0.0,,0
277,887,2,3,ACTIVE,5398844.11,13.5804,240,2025-07-05,60,1,1,1,12.0,1602626.76,3.3687470125608034,5,1,963.1,7.0,1
278,890,1,3,ACTIVE,1173092.93,23.1172,48,2025-05-21,34,2,1,1,3.0,2119328.64,0.5535210103139077,7,0,0.0,,0
279,891,1,3,ACTIVE,1464406.56,22.3572,24,2025-08-28,36,2,1,1,10.0,3157453.92,0.4637934858602782,4,0,0.0,,0
281,898,1,3,ACTIVE,584963.14,21.5615,36,2025-11-06,24,2,1,1,12.0,1406630.76,0.4158611887600126,1,0,0.0,,0
282,899,2,3,ACTIVE,7672810.33,10.5861,300,2025-05-31,39,1,1,1,1.0,1972543.32,3.88980574074287,7,0,0.0,,0
283,902,2,3,ACTIVE,9400071.35,12.7987,180,2025-09-25,33,1,1,1,1.0,2337903.84,4.020726254506687,3,0,0.0,,0
284,905,1,3,ACTIVE,1488249.24,21.567,24,2025-11-14,39,1,1,1,10.0,2619789.6,0.5680796809026191,1,0,0.0,,0
285,909,1,3,ACTIVE,758869.51,23.2648,36,2025-07-08,40,1,1,1,12.0,2313008.52,0.32808764145840674,4,0,0.0,,0
286,909,2,3,ACTIVE,7034456.83,13.9589,180,2025-08-11,40,1,1,1,12.0,2313008.52,3.041258503449006,4,0,0.0,,0
287,914,2,3,ACTIVE,9795347.33,13.6196,120,2025-10-22,35,1,1,2,3.0,2850643.44,3.436188192655901,2,0,0.0,,0
288,918,2,3,ACTIVE,6045177.85,10.9079,180,2025-08-20,38,2,1,1,12.0,2089597.08,2.892987316961603,4,0,0.0,,0
289,923,1,3,ACTIVE,877293.47,18.3326,24,2025-10-20,31,2,1,1,6.0,1611000.24,0.5445644564273933,2,0,0.0,,0
290,927,1,3,ACTIVE,922310.53,19.6242,48,2025-11-01,35,2,1,1,4.0,1587751.56,0.5808909613037949,2,0,0.0,,0
291,932,2,3,ACTIVE,2915538.78,11.622,240,2025-07-30,36,2,1,1,8.0,2005005.36,1.4541301675123701,5,1,1886.94,5.0,1
292,939,2,3,ACTIVE,4129798.75,10.695,180,2025-04-06,41,1,1,1,12.0,2515733.28,1.6415884715727893,8,0,0.0,,0
293,950,1,3,ACTIVE,907832.16,18.9753,36,2025-08-07,60,1,1,1,11.0,2096092.56,0.4331069044012064,4,0,0.0,,0
294,950,2,3,ACTIVE,6643893.18,10.9729,240,2025-08-27,60,1,1,1,11.0,2096092.56,3.1696563915097338,4,0,0.0,,0
295,962,2,3,ACTIVE,4301249.3,11.7641,120,2025-09-30,53,1,1,1,9.0,4448046.36,0.96699740782378,3,0,0.0,,0
296,965,1,3,ACTIVE,403853.48,20.1343,24,2025-06-04,43,2,1,1,2.0,2279252.16,0.17718683658064407,6,0,0.0,,0
297,972,1,3,ACTIVE,796521.9,20.8588,60,2025-10-14,55,2,1,1,2.0,1382812.92,0.5760156623355819,2,0,0.0,,0
298,973,2,3,ACTIVE,7557594.39,14.8605,300,2025-07-05,45,2,1,1,3.0,4745980.44,1.5924200458778124,5,0,0.0,,0
299,974,1,3,ACTIVE,671783.06,19.2456,12,2025-06-17,57,2,1,2,4.0,4116266.64,0.1632020271650818,5,0,0.0,,0
300,985,1,3,ACTIVE,791454.77,23.4465,12,2025-05-23,26,2,3,1,4.0,2237320.68,0.35375115291921405,7,0,0.0,,0
302,988,2,3,ACTIVE,2624993.34,11.683,240,2025-09-25,54,2,1,1,9.0,1469851.92,1.7858896561498523,3,0,0.0,,0
303,990,1,3,ACTIVE,728561.44,17.3475,12,2025-07-08,41,1,1,1,7.0,1670668.92,0.4360896592246416,5,0,0.0,,0
304,990,2,3,ACTIVE,6241933.41,14.6833,240,2025-07-18,41,1,1,1,7.0,1670668.92,3.7361881431301183,5,0,0.0,,0
305,997,1,3,ACTIVE,875802.79,17.0132,60,2025-09-15,43,1,1,1,2.0,3324153.84,0.2634663833729187,3,0,0.0,,0
306,1002,2,3,ACTIVE,7287327.05,14.9424,180,2025-09-02,61,2,1,1,5.0,2496948.0,2.918493717129872,3,0,0.0,,0
307,1005,1,3,ACTIVE,989189.73,22.4265,36,2025-07-06,41,1,1,1,7.0,4700488.68,0.2104440191950425,5,0,0.0,,0
308,1005,2,3,ACTIVE,3568921.22,14.1547,120,2025-03-11,41,1,1,1,7.0,4700488.68,0.7592659961474474,9,0,0.0,,0
309,1019,2,3,ACTIVE,3077853.04,14.1201,180,2025-05-16,35,2,1,1,7.0,4996534.8,0.6159975189205127,7,0,0.0,,0
310,1021,2,3,ACTIVE,8681277.24,10.3213,120,2025-11-09,55,1,1,1,12.0,2838660.72,3.0582299528913057,1,0,0.0,,0
311,1022,1,3,ACTIVE,773004.54,16.4109,12,2025-08-23,25,1,1,1,12.0,994661.76,0.7771531701389626,4,0,0.0,,0
312,1023,1,3,ACTIVE,167523.37,20.9071,48,2025-06-23,74,2,1,4,,337298.04,0.49666274372658675,6,0,0.0,,0
313,1026,2,3,ACTIVE,5378282.61,11.988,240,2025-02-16,37,1,1,2,3.0,3541319.4,1.518722826865038,9,0,0.0,,0
314,1029,2,3,ACTIVE,2332917.03,14.5468,240,2025-04-21,45,2,1,1,9.0,677981.64,3.440973755572496,8,1,1902.33,15.0,1
315,1030,1,3,ACTIVE,393167.62,17.0472,24,2025-06-18,59,2,1,1,6.0,1627039.2,0.24164606482744852,6,0,0.0,,0
316,1031,1,3,ACTIVE,555489.23,19.7498,36,2025-06-14,29,1,1,1,1.0,2010218.88,0.2763327096002601,6,0,0.0,,0
317,1037,1,3,ACTIVE,336813.29,17.4747,48,2025-06-18,64,1,1,1,6.0,1061896.44,0.3171809202034805,6,0,0.0,,0
318,1044,1,3,ACTIVE,1093880.25,20.4835,60,2025-06-18,29,1,1,1,7.0,1040995.92,1.0508016688480393,5,0,0.0,,0
320,1055,1,3,ACTIVE,879580.72,24.8114,12,2025-06-24,61,2,2,1,2.0,800004.96,1.0994690832916836,6,0,0.0,,0
321,1056,2,3,ACTIVE,6174002.01,14.1748,120,2025-04-22,31,1,1,1,9.0,2223138.36,2.7771559886178205,8,1,891.77,8.0,1
322,1057,1,3,ACTIVE,1410746.36,20.1296,24,2025-09-20,57,1,1,1,3.0,3222753.96,0.43774559817777714,3,0,0.0,,0
323,1060,1,3,ACTIVE,678665.79,17.5082,36,2025-07-13,27,1,1,1,4.0,1210884.0,0.5604713498567988,5,0,0.0,,0
324,1061,2,3,ACTIVE,8607254.86,12.9971,300,2025-02-25,61,1,1,1,12.0,2663210.64,3.2319091590892715,10,0,0.0,,0
325,1067,1,3,ACTIVE,455197.49,21.7643,48,2025-09-17,61,2,1,1,2.0,1362934.32,0.33398343802803354,3,1,1065.27,8.0,1
326,1070,1,3,ACTIVE,1487789.32,17.1325,12,2025-07-02,35,1,1,2,2.0,2374184.04,0.6266529026115432,5,0,0.0,,0
327,1071,2,3,ACTIVE,3414088.11,10.4732,180,2025-09-15,45,1,1,2,7.0,2613239.64,1.3064581057709657,3,0,0.0,,0
328,1073,1,3,ACTIVE,1084854.22,24.9548,48,2025-07-10,45,1,1,1,11.0,4494852.84,0.24135478037140812,5,0,0.0,,0
329,1074,2,3,ACTIVE,5522514.95,11.5158,120,2025-02-26,31,2,1,1,10.0,1641668.88,3.363963962087166,10,4,4237.92,12.75,1
330,1075,2,3,ACTIVE,4954031.82,14.1379,240,2025-08-12,41,2,1,1,11.0,927421.08,5.341728721542538,4,1,1687.64,10.0,1
331,1079,1,3,ACTIVE,901714.67,22.5892,60,2025-06-17,42,1,1,1,8.0,2178378.36,0.4139384996461313,6,1,1598.7,4.0,1
332,1085,2,3,ACTIVE,5348010.38,10.8795,240,2025-05-06,44,2,1,1,1.0,2048546.64,2.6106363777980666,7,0,0.0,,0
333,1086,1,3,ACTIVE,299612.94,22.403,24,2025-11-11,31,1,1,1,11.0,1905214.92,0.15725939202701603,1,0,0.0,,0
334,1088,1,3,ACTIVE,510254.24,23.8489,24,2025-06-13,55,1,1,2,12.0,2887634.16,0.17670321506378078,6,1,487.81,17.0,1
335,1092,2,3,ACTIVE,5721178.15,10.3879,300,2025-03-25,45,1,1,1,10.0,1672013.52,3.4217295982152107,9,0,0.0,,0
336,1097,1,3,ACTIVE,399293.42,17.5001,24,2025-09-29,39,1,1,1,8.0,1264483.8,0.3157758288401955,3,0,0.0,,0
337,1097,2,3,ACTIVE,4740996.88,13.814,240,2025-10-23,39,1,1,1,8.0,1264483.8,3.749353593932955,2,0,0.0,,0
338,1104,2,3,ACTIVE,8686827.35,12.4272,300,2025-05-29,38,2,1,1,4.0,3185191.08,2.72725470209467,7,0,0.0,,0
339,1106,1,3,ACTIVE,377353.66,23.8654,60,2025-07-11,54,2,1,1,12.0,1721751.48,0.21916848301474962,5,1,450.24,4.0,1
340,1108,1,3,ACTIVE,1185136.46,23.0223,12,2025-11-26,46,1,1,2,9.0,2775768.6,0.42695794599016645,1,0,0.0,,0
342,1110,1,3,ACTIVE,289984.15,21.2692,12,2025-04-08,38,1,1,1,12.0,715973.28,0.4050209108362256,7,0,0.0,,0
343,1111,1,3,ACTIVE,1487061.24,18.8899,24,2025-05-26,60,1,1,2,10.0,2173983.72,0.6840259318961229,7,1,1978.17,8.0,1
344,1121,1,3,ACTIVE,453489.99,16.4874,60,2025-05-02,32,2,2,1,11.0,1798613.28,0.2521331266941385,7,0,0.0,,0
346,1124,1,3,ACTIVE,548971.78,19.9695,48,2025-09-03,55,1,1,1,1.0,6245526.12,0.08789840430608911,3,0,0.0,,0
347,1124,2,3,ACTIVE,6041365.95,14.0901,240,2025-10-18,55,1,1,1,1.0,6245526.12,0.967310973314767,2,0,0.0,,0
348,1126,2,3,ACTIVE,2220020.81,10.7318,300,2025-10-18,37,1,1,1,10.0,1919641.56,1.1564767382927468,2,0,0.0,,0
349,1128,1,3,ACTIVE,155894.9,23.2879,36,2025-07-10,43,1,1,1,11.0,2713984.44,0.05744133890465489,5,0,0.0,,0
352,1136,1,3,ACTIVE,755392.13,24.5615,60,2025-05-31,25,2,1,1,4.0,2278543.2,0.33152416421158926,7,2,3435.69,16.0,1
353,1138,1,3,ACTIVE,241907.24,21.0781,48,2025-11-09,44,2,1,1,4.0,4550097.84,0.053165283144768594,1,0,0.0,,0
355,1144,1,3,ACTIVE,237981.07,21.152,24,2025-07-28,29,2,1,1,11.0,993504.0,0.23953710302122588,5,0,0.0,,0
356,1146,2,3,ACTIVE,2491390.72,14.9774,180,2025-08-30,59,2,1,1,8.0,973550.88,2.559076028979605,4,0,0.0,,0
357,1149,1,3,ACTIVE,543051.95,19.3754,48,2025-10-18,63,1,1,1,12.0,1668942.72,0.3253868113580315,2,0,0.0,,0
358,1158,2,3,ACTIVE,7355632.77,12.0047,300,2025-03-25,65,1,1,2,5.0,1325376.72,5.549843043870576,9,0,0.0,,0
359,1163,1,3,ACTIVE,487548.83,19.0191,60,2025-11-22,48,2,1,1,4.0,1668747.0,0.29216461812365807,1,0,0.0,,0
360,1165,1,3,ACTIVE,274775.05,23.3748,12,2025-06-04,44,1,1,2,6.0,3924438.24,0.07001640316296581,6,0,0.0,,0
361,1170,1,3,ACTIVE,1251975.51,18.5922,48,2025-05-24,39,2,1,1,10.0,4686658.8,0.2671360479666239,7,0,0.0,,0
362,1170,2,3,ACTIVE,8660087.95,11.3619,300,2025-06-17,39,2,1,1,10.0,4686658.8,1.8478170311864819,5,0,0.0,,0
364,1183,1,3,ACTIVE,1074558.58,21.9995,60,2025-05-03,34,1,1,1,9.0,1767381.96,0.6079945389959734,7,0,0.0,,0
365,1184,1,3,ACTIVE,1008844.49,20.4702,36,2025-05-15,62,1,1,1,1.0,5824003.56,0.1732218189097398,7,0,0.0,,0
366,1184,2,3,ACTIVE,3284762.44,12.4231,180,2025-05-16,62,1,1,1,1.0,5824003.56,0.5640041950798533,7,2,1383.37,9.0,1
367,1191,2,3,ACTIVE,6796928.06,10.1898,180,2025-10-29,59,1,1,2,2.0,1860207.72,3.653854344825534,2,0,0.0,,0
368,1193,1,3,ACTIVE,324091.15,24.9009,24,2025-11-06,31,2,1,1,10.0,1325388.0,0.24452548989428002,1,0,0.0,,0
369,1196,2,3,ACTIVE,5813737.88,13.428,180,2025-10-25,36,1,1,2,12.0,436368.24,13.323008750591015,2,0,0.0,,0
370,1197,1,3,ACTIVE,1038541.26,16.7548,60,2025-09-07,46,1,1,1,9.0,1566302.16,0.6630529450332878,3,0,0.0,,0
371,1198,1,3,ACTIVE,521321.04,21.0262,24,2025-11-11,31,2,1,1,7.0,1653403.8,0.3153017066974202,1,0,0.0,,0
372,1206,1,3,ACTIVE,730903.82,23.4075,60,2025-05-27,36,1,1,1,9.0,1278227.04,0.5718106385857711,7,0,0.0,,0
373,1213,1,3,ACTIVE,313643.22,24.1675,36,2025-08-11,24,1,3,1,8.0,1436906.4,0.21827672282620497,4,1,1472.0,19.0,1
374,1214,1,3,ACTIVE,362900.68,19.3081,60,2025-09-22,55,1,1,1,2.0,1525024.8,0.237963789179035,3,0,0.0,,0
376,1225,1,3,ACTIVE,712580.91,19.2049,12,2025-08-13,24,1,1,1,6.0,1859320.2,0.3832480871234551,4,0,0.0,,0
377,1232,1,3,ACTIVE,804248.27,23.8949,12,2025-11-06,50,2,1,1,3.0,2108436.84,0.3814429034544853,1,0,0.0,,0
378,1240,2,3,ACTIVE,7684375.94,11.547,300,2025-09-12,42,2,1,1,12.0,89337.6,86.01502547639515,3,0,0.0,,0
379,1244,2,3,ACTIVE,2206367.31,11.4792,300,2025-05-28,34,2,1,1,4.0,1509454.2,1.4616987451490744,7,1,322.61,9.0,1
380,1248,1,3,ACTIVE,680513.52,20.5775,60,2025-11-28,59,1,1,1,1.0,5004004.44,0.13599378820695052,1,0,0.0,,0
381,1252,2,3,ACTIVE,8512910.28,11.1742,240,2025-11-02,65,1,1,1,3.0,1602437.52,5.31247563399539,1,0,0.0,,0
382,1253,1,3,ACTIVE,201197.48,22.5931,12,2025-10-21,39,2,1,1,4.0,508343.64,0.3957902965010047,2,0,0.0,,0
383,1260,1,3,ACTIVE,344529.97,23.626,12,2025-08-01,42,1,1,2,12.0,3143646.72,0.1095956386600591,5,0,0.0,,0
384,1262,2,3,ACTIVE,2384093.79,14.0933,180,2025-07-24,39,2,1,1,8.0,4212320.76,0.5659810650317143,5,0,0.0,,0
385,1264,2,3,ACTIVE,4063766.18,12.5342,180,2025-02-25,52,2,1,1,6.0,2532009.36,1.6049570132710727,10,0,0.0,,0
387,1271,1,3,ACTIVE,114813.28,20.2388,36,2025-11-24,31,1,1,1,7.0,1930375.68,0.05947716871360501,1,0,0.0,,0
388,1277,1,3,ACTIVE,122633.88,23.5169,36,2025-06-14,40,1,1,1,1.0,1813613.88,0.0676185164617289,6,0,0.0,,0
389,1277,2,3,ACTIVE,2593134.52,10.0137,300,2025-07-04,40,1,1,1,1.0,1813613.88,1.4298162076262892,5,0,0.0,,0
390,1281,1,3,ACTIVE,261396.33,18.0309,48,2025-05-06,55,2,1,1,12.0,2066212.68,0.12650988571031324,7,1,1305.6,5.0,1
391,1282,1,3,ACTIVE,281740.79,22.5385,36,2025-07-18,45,2,1,1,8.0,1768940.4,0.1592709341705351,5,0,0.0,,0
392,1283,1,3,ACTIVE,829671.7,19.7816,36,2025-11-25,42,2,1,1,6.0,2380685.4,0.34850119213567654,1,0,0.0,,0
394,1285,1,3,ACTIVE,728323.28,21.2763,24,2025-05-11,57,1,1,1,10.0,4501729.32,0.16178744394165395,7,0,0.0,,0
395,1289,1,3,ACTIVE,761004.35,16.212,36,2025-05-14,43,2,1,1,10.0,1348526.4,0.5643229157397289,7,0,0.0,,0
396,1289,2,3,ACTIVE,6749034.82,10.2449,180,2025-05-16,43,2,1,1,10.0,1348526.4,5.0047480123488866,7,2,1544.75,10.0,1
397,1290,1,3,ACTIVE,215973.15,18.5701,60,2025-08-13,63,1,1,1,4.0,2569227.72,0.08406150545503223,4,0,0.0,,0
398,1301,1,3,ACTIVE,821799.98,18.0634,60,2025-04-11,60,1,1,1,8.0,1194528.36,0.6879702546367338,8,0,0.0,,0
399,1317,1,3,ACTIVE,326456.59,19.5803,12,2025-09-12,20,1,1,3,,519763.32,0.628087010834085,3,1,1838.51,8.0,1
400,1319,1,3,ACTIVE,344436.07,18.3952,24,2025-07-16,59,2,1,1,10.0,3541008.12,0.0972706241633809,5,2,2283.16,7.5,1
401,1319,2,3,ACTIVE,6308406.94,12.5124,240,2025-07-20,59,2,1,1,10.0,3541008.12,1.7815285156702776,5,0,0.0,,0
402,1324,2,3,ACTIVE,5837656.55,13.2801,180,2025-02-14,46,1,1,1,2.0,3580354.56,1.6304688410524348,10,0,0.0,,0
403,1327,1,3,ACTIVE,134082.42,17.3831,12,2025-06-24,65,1,1,1,10.0,2451568.44,0.054692505341600826,6,1,1678.73,15.0,1
404,1327,2,3,ACTIVE,9344965.27,11.3693,180,2025-07-12,65,1,1,1,10.0,2451568.44,3.811831282181133,5,0,0.0,,0
405,1330,1,3,ACTIVE,1162899.17,22.3229,48,2025-07-03,49,2,1,2,6.0,2791521.24,0.41658259780964446,5,0,0.0,,0
406,1334,1,3,ACTIVE,542510.46,21.0124,24,2025-11-09,41,2,1,1,4.0,1062566.64,0.5105660572968863,1,0,0.0,,0
408,1347,2,3,ACTIVE,5106299.18,10.7998,120,2025-08-27,65,2,1,1,9.0,1578973.44,3.233936081914082,4,0,0.0,,0
409,1348,1,3,ACTIVE,175154.03,24.2715,36,2025-07-08,27,1,2,1,5.0,1742488.32,0.10051948583506144,5,0,0.0,,0
410,1352,2,3,ACTIVE,4649657.95,11.2274,180,2025-08-05,35,1,2,1,1.0,1618261.56,2.8732425368863117,4,1,1632.6,14.0,1
413,1377,1,3,ACTIVE,1193905.25,20.1323,12,2025-06-25,37,1,1,2,11.0,1855321.92,0.6435030153688908,6,0,0.0,,0
414,1379,1,3,ACTIVE,1156911.73,17.1058,60,2025-04-03,34,2,1,2,9.0,2583155.16,0.4478676882886121,8,0,0.0,,0
415,1387,1,3,ACTIVE,790304.05,19.9963,12,2025-04-05,62,2,1,1,12.0,2018274.96,0.39157402517643086,8,0,0.0,,0
416,1387,2,3,ACTIVE,4869043.63,13.9999,120,2025-05-20,62,2,1,1,12.0,2018274.96,2.4124778469232955,7,0,0.0,,0
417,1389,1,3,ACTIVE,804092.49,18.9417,12,2025-11-01,32,2,1,1,12.0,1415354.52,0.5681209044360137,1,0,0.0,,0
418,1392,2,3,ACTIVE,2577785.41,12.9821,120,2025-07-23,27,2,1,1,9.0,1605692.52,1.6054041342859342,5,0,0.0,,0
419,1393,2,3,ACTIVE,4234985.72,13.842,120,2025-07-19,50,2,1,2,6.0,3008884.32,1.4074936985280977,5,0,0.0,,0
420,1398,1,3,ACTIVE,436796.07,21.1573,24,2025-05-27,43,1,1,1,6.0,2932887.24,0.14893040006543176,7,0,0.0,,0
421,1398,2,3,ACTIVE,7557403.33,14.7286,240,2025-04-20,43,1,1,1,6.0,2932887.24,2.576779368442409,8,1,1158.5,4.0,1
422,1402,2,3,ACTIVE,4489172.65,14.4774,180,2025-01-31,34,1,1,1,6.0,1920566.28,2.33742136199538,11,1,584.67,9.0,1
423,1407,1,3,ACTIVE,315143.53,24.9022,24,2025-07-15,23,2,2,3,,839000.52,0.3756178005706123,5,0,0.0,,0
424,1409,2,3,ACTIVE,9719874.29,12.5497,180,2025-11-23,45,2,2,1,11.0,784810.56,12.384994271738647,1,0,0.0,,0
425,1410,1,3,ACTIVE,314872.64,16.1203,48,2025-08-24,35,2,1,1,9.0,7140580.32,0.04409622550117887,4,0,0.0,,0
426,1421,1,3,ACTIVE,383500.62,22.2694,24,2025-04-13,27,1,1,1,7.0,1381251.36,0.2776472343165693,8,0,0.0,,0
427,1430,1,3,ACTIVE,655615.65,24.5066,48,2025-09-07,42,1,1,1,9.0,1279332.0,0.5124671703670353,3,0,0.0,,0
428,1431,1,3,ACTIVE,1187855.97,23.4353,36,2025-06-29,53,1,1,1,7.0,2383230.24,0.4984226660366646,6,0,0.0,,0
430,1440,1,3,ACTIVE,1103748.85,18.6908,36,2025-07-10,55,1,1,1,8.0,1592130.84,0.693252603536026,5,0,0.0,,0
431,1446,1,3,ACTIVE,673156.14,18.2039,12,2025-06-07,44,2,1,1,11.0,451047.0,1.4924301458606308,6,0,0.0,,0
432,1446,2,3,ACTIVE,3468438.32,14.5391,300,2025-03-16,44,2,1,1,11.0,451047.0,7.689749227907513,9,0,0.0,,0
433,1448,1,3,ACTIVE,239680.45,24.738,24,2025-07-21,26,1,1,1,3.0,1575740.28,0.15210657050665735,5,0,0.0,,0
434,1450,1,3,ACTIVE,526847.36,22.1002,12,2025-05-14,44,2,1,1,10.0,747236.64,0.7050609295604134,7,1,1302.52,10.0,1
435,1451,1,3,ACTIVE,347940.27,24.8081,12,2025-03-23,42,2,1,1,7.0,1610541.36,0.2160393260561778,9,0,0.0,,0
437,1462,1,3,ACTIVE,319535.17,22.8932,36,2025-07-03,75,2,1,4,,482060.64,0.662852644430792,5,0,0.0,,0
439,1468,2,3,ACTIVE,5735295.53,13.9734,120,2025-02-13,46,2,1,1,10.0,2175766.44,2.6359885990336354,9,0,0.0,,0
440,1470,1,3,ACTIVE,1105485.01,24.8074,48,2025-09-12,57,1,1,1,9.0,1652825.88,0.6688454140129994,2,0,0.0,,0
442,1474,1,3,ACTIVE,601318.89,16.9728,24,2025-06-03,35,2,1,1,10.0,1920502.68,0.31310494708604103,5,0,0.0,,0
443,1476,1,3,ACTIVE,153564.12,16.2439,12,2025-10-22,28,2,1,1,2.0,1605696.72,0.09563706401542628,2,0,0.0,,0
444,1481,1,3,ACTIVE,1125435.18,16.6524,60,2025-08-20,64,2,1,1,1.0,4892272.2,0.2300434509756019,4,0,0.0,,0
446,1486,1,3,ACTIVE,155534.13,18.9178,12,2025-07-08,29,1,1,1,5.0,1444562.28,0.10766869116920318,5,0,0.0,,0
447,1488,1,3,ACTIVE,1141541.23,19.229,36,2025-07-09,29,2,1,1,9.0,1955913.12,0.5836359592495601,5,0,0.0,,0
448,1494,1,3,ACTIVE,305235.75,18.0906,24,2025-10-31,59,1,1,1,4.0,6863081.52,0.04447502905371289,2,0,0.0,,0
449,1500,2,3,ACTIVE,3725926.24,10.6211,180,2025-11-06,39,1,1,1,8.0,2025547.56,1.8394661836525823,1,0,0.0,,0
450,1505,1,3,ACTIVE,329202.31,17.042,24,2025-07-11,39,1,1,1,8.0,2499292.2,0.13171821606133127,5,0,0.0,,0
451,1505,2,3,ACTIVE,6174780.21,13.2009,120,2025-07-11,39,1,1,1,8.0,2499292.2,2.470611563545871,5,0,0.0,,0
452,1514,1,3,ACTIVE,305392.91,18.6189,36,2025-09-02,33,2,1,1,9.0,4611556.68,0.06622338858469805,3,0,0.0,,0
453,1515,1,3,ACTIVE,904448.18,19.6776,36,2025-05-17,41,2,1,1,2.0,1343616.84,0.6731444211431586,7,1,1021.77,19.0,1
455,1518,1,3,ACTIVE,418074.57,22.8889,24,2025-07-25,54,1,1,1,11.0,938831.76,0.44531362040841055,5,1,798.28,18.0,1
456,1518,2,3,ACTIVE,9434564.05,14.9602,180,2025-08-08,54,1,1,1,11.0,938831.76,10.049259571278245,4,0,0.0,,0
457,1526,1,3,ACTIVE,1181038.91,20.3354,12,2025-05-09,47,2,1,1,4.0,3539560.32,0.33366825346262213,7,0,0.0,,0
458,1526,2,3,ACTIVE,2674226.88,13.9805,180,2025-04-27,47,2,1,1,4.0,3539560.32,0.7555251608199743,8,0,0.0,,0
459,1529,2,3,ACTIVE,6290584.56,12.2226,240,2025-11-13,37,2,1,1,11.0,1365207.24,4.607787283636146,1,0,0.0,,0
461,1532,2,3,ACTIVE,5081975.3,11.5948,300,2025-06-13,42,1,1,1,4.0,1155137.76,4.399453879855853,6,0,0.0,,0
462,1533,1,3,ACTIVE,450061.19,23.5217,60,2025-04-20,38,1,3,1,3.0,1282259.64,0.3509906854745892,8,0,0.0,,0
463,1544,1,3,ACTIVE,435528.29,18.571,12,2025-04-20,20,2,1,3,,850406.52,0.5121412874397999,8,1,318.06,10.0,1
465,1552,1,3,ACTIVE,110779.25,18.1402,60,2025-08-22,23,1,1,3,,498390.6,0.2222739554076662,4,0,0.0,,0
466,1558,1,3,ACTIVE,305735.79,21.0661,48,2025-11-22,56,1,1,1,2.0,2417918.28,0.1264458739275506,1,0,0.0,,0
468,1559,2,3,ACTIVE,8782832.43,12.704,240,2025-10-27,50,1,1,1,7.0,2201469.24,3.989532204410905,2,1,1265.83,17.0,1
469,1560,1,3,ACTIVE,629014.87,16.7264,60,2025-02-22,40,2,1,1,9.0,2212484.64,0.28430247994851615,10,0,0.0,,0
470,1561,2,3,ACTIVE,6668666.79,10.8037,120,2025-04-29,50,1,1,2,9.0,2576271.84,2.588495005247583,8,0,0.0,,0
471,1564,1,3,ACTIVE,138952.78,23.2696,60,2025-07-28,62,1,1,1,6.0,5561104.56,0.024986543320811072,5,0,0.0,,0
472,1567,1,3,ACTIVE,114655.65,16.4213,36,2025-09-21,55,2,2,1,6.0,2200927.8,0.05209423498580917,3,1,1507.25,13.0,1
473,1569,1,3,ACTIVE,1024412.42,20.9758,36,2025-07-14,45,1,1,1,10.0,1917008.88,0.5343806336463084,5,0,0.0,,0
474,1576,1,3,ACTIVE,126595.42,17.2909,36,2025-11-26,28,2,1,1,8.0,1477259.4,0.0856961343417412,1,0,0.0,,0
475,1577,1,3,ACTIVE,901241.33,22.4256,12,2025-07-10,50,2,1,1,12.0,1999914.48,0.4506399343635934,5,0,0.0,,0
476,1581,1,3,ACTIVE,132976.82,20.1744,24,2025-06-13,53,1,1,2,4.0,3132660.12,0.04244853093095845,5,0,0.0,,0
477,1586,1,3,ACTIVE,413279.2,17.6028,36,2025-09-16,40,2,1,1,8.0,1278275.4,0.32330998468718086,3,0,0.0,,0
478,1590,1,3,ACTIVE,208385.32,20.2305,60,2025-08-15,57,1,1,4,,583219.68,0.35730159174326903,4,0,0.0,,0
479,1593,1,3,ACTIVE,1282146.18,22.404,24,2025-07-16,44,1,2,1,6.0,2658924.12,0.48220487766307524,5,0,0.0,,0
481,1600,1,3,ACTIVE,1063605.89,23.0891,48,2025-11-20,46,1,1,1,8.0,1136240.88,0.9360743031882465,1,0,0.0,,0
482,1601,2,3,ACTIVE,5280909.83,10.2848,300,2025-09-10,42,1,1,1,3.0,2584143.6,2.0435821871509,3,0,0.0,,0
483,1608,2,3,ACTIVE,7670672.07,13.0718,300,2025-11-08,37,2,1,1,1.0,3880987.32,1.9764743962111166,1,0,0.0,,0
484,1610,1,3,ACTIVE,833486.86,23.2732,12,2025-06-15,35,2,1,2,11.0,4824652.68,0.1727558262287183,6,1,751.77,12.0,1
485,1611,1,3,ACTIVE,269255.36,22.3547,12,2025-09-10,56,2,1,1,9.0,1494146.88,0.18020675450595594,3,0,0.0,,0
486,1614,2,3,ACTIVE,8998080.57,10.8154,120,2025-02-25,51,1,1,1,12.0,1268351.64,7.09431066766311,10,0,0.0,,0
487,1618,1,3,ACTIVE,619113.85,19.9145,24,2025-10-07,58,1,1,1,5.0,5918082.6,0.10461392512500586,2,0,0.0,,0
489,1620,1,3,ACTIVE,401885.27,17.5527,60,2025-08-28,29,1,1,1,3.0,1705944.24,0.2355793704019306,4,0,0.0,,0
490,1625,2,3,ACTIVE,5532904.83,12.2668,180,2025-11-06,30,2,1,1,7.0,2094724.8,2.641351661086936,1,0,0.0,,0
491,1631,2,3,ACTIVE,3425161.74,10.4797,120,2025-04-30,37,2,1,1,10.0,2027761.2,1.689134667336568,8,2,2718.34,6.5,1
493,1634,1,3,ACTIVE,1419885.34,18.2118,48,2025-10-02,60,2,1,2,2.0,3764973.0,0.3771302848652567,2,0,0.0,,0
494,1636,1,3,ACTIVE,1022980.72,20.7529,24,2025-06-17,40,2,1,1,10.0,2508314.52,0.4078359040874986,5,0,0.0,,0
495,1637,2,3,ACTIVE,3353862.82,14.6273,120,2025-07-08,47,1,1,1,10.0,1210243.56,2.771229635793311,5,0,0.0,,0
496,1639,2,3,ACTIVE,5043984.85,12.5904,240,2025-03-02,40,1,1,1,5.0,3702962.88,1.3621483696860608,9,0,0.0,,0
497,1641,2,3,ACTIVE,2528596.19,12.1057,240,2025-10-12,32,1,1,1,5.0,1608268.44,1.572247596924802,2,0,0.0,,0
499,1664,1,3,ACTIVE,1179730.47,24.4188,24,2025-04-16,28,2,1,1,11.0,1508775.24,0.7819126657990491,8,1,1919.51,11.0,1
500,1667,1,3,ACTIVE,674107.71,19.3436,48,2025-07-10,57,1,1,1,3.0,1433215.44,0.4703463911887525,5,0,0.0,,0
501,1671,1,3,ACTIVE,1041028.78,19.539,24,2025-05-29,53,2,1,1,4.0,710637.0,1.4649234137822826,7,1,1013.5,7.0,1
502,1671,2,3,ACTIVE,9977723.48,12.6758,180,2025-06-20,53,2,1,1,4.0,710637.0,14.040534731515528,6,0,0.0,,0
503,1672,2,3,ACTIVE,9937674.39,11.9527,180,2025-04-19,35,1,1,2,12.0,0.0,,8,1,1609.1,9.0,1
504,1679,1,3,ACTIVE,1096611.23,17.261,60,2025-06-09,50,1,1,1,8.0,1047922.8,1.0464618481437755,6,0,0.0,,0
505,1679,2,3,ACTIVE,5709722.23,10.4154,180,2025-04-10,50,1,1,1,8.0,1047922.8,5.448609601776009,8,0,0.0,,0
506,1688,1,3,ACTIVE,887242.93,19.616,48,2025-07-16,64,1,1,1,3.0,2963661.48,0.29937391162502136,5,2,2335.25,5.5,1
507,1688,2,3,ACTIVE,9441099.79,14.3633,180,2025-08-19,64,1,1,1,3.0,2963661.48,3.1856201707625527,4,1,1460.85,18.0,1
508,1691,1,3,ACTIVE,1163982.85,21.6932,48,2025-07-31,64,2,1,1,5.0,4554360.36,0.255575483271596,5,0,0.0,,0
509,1696,1,3,ACTIVE,574981.83,21.1525,24,2025-10-09,28,1,1,1,12.0,1122047.4,0.51243987553467,2,0,0.0,,0
511,1705,1,3,ACTIVE,1432698.0,20.2369,24,2025-08-27,55,2,1,1,3.0,4891575.12,0.2928909328494581,4,0,0.0,,0
512,1714,1,3,ACTIVE,1380065.46,23.4237,12,2025-09-01,34,2,1,1,12.0,3369955.8,0.40952034445080854,4,0,0.0,,0
513,1718,1,3,ACTIVE,409135.9,20.1868,36,2025-10-31,36,1,1,1,1.0,2159299.2,0.18947624303292476,2,0,0.0,,0
514,1718,2,3,ACTIVE,2022771.85,12.2609,120,2025-12-01,36,1,1,1,1.0,2159299.2,0.9367723796683665,1,0,0.0,,0
515,1720,1,3,ACTIVE,533851.7,24.2856,48,2025-05-28,49,1,1,1,9.0,1286965.68,0.4148142474164501,7,0,0.0,,0
516,1722,1,3,ACTIVE,1267026.08,20.834,24,2025-09-16,60,1,1,2,11.0,2060508.24,0.6149094943682438,3,0,0.0,,0
517,1724,2,3,ACTIVE,7791115.33,13.0106,240,2025-09-25,63,2,1,1,7.0,1931269.56,4.034193616141291,3,0,0.0,,0
518,1726,1,3,ACTIVE,718185.67,23.9126,48,2025-10-11,61,2,1,1,4.0,2084524.92,0.34453206249028673,2,0,0.0,,0
520,1728,1,3,ACTIVE,1005586.05,23.0262,24,2025-09-25,54,1,1,1,2.0,1692974.28,0.5939759758193137,3,0,0.0,,0
522,1749,1,3,ACTIVE,1082128.22,20.976,36,2025-07-01,61,2,1,1,11.0,3089720.88,0.35023494419987866,6,1,1510.58,7.0,1
523,1750,2,3,ACTIVE,8270231.23,12.6654,180,2025-10-11,30,1,1,1,4.0,1817387.76,4.550614575504789,1,0,0.0,,0
524,1751,1,3,ACTIVE,793423.41,20.6973,48,2025-10-23,34,2,1,2,4.0,3507392.28,0.2262146194836239,2,0,0.0,,0
525,1751,2,3,ACTIVE,6852510.25,10.7853,120,2025-11-30,34,2,1,2,4.0,3507392.28,1.9537336297039463,1,1,1449.07,13.0,1
526,1757,1,3,ACTIVE,914492.44,23.0016,24,2025-05-28,48,2,1,1,4.0,1756304.64,0.5206912395334786,6,1,1237.02,4.0,1
527,1757,2,3,ACTIVE,4952849.95,10.8613,300,2025-05-15,48,2,1,1,4.0,1756304.64,2.820040349036486,7,0,0.0,,0
528,1759,2,3,ACTIVE,5286419.17,12.1048,240,2025-10-22,55,2,2,1,2.0,4503265.2,1.1739080278905183,2,0,0.0,,0
529,1762,1,3,ACTIVE,1400480.15,24.7906,48,2025-10-23,63,2,1,2,5.0,2663212.92,0.5258611279191301,2,0,0.0,,0
530,1763,1,3,ACTIVE,121448.93,23.6133,48,2025-10-31,72,1,1,4,,397324.44,0.30566690032961474,2,0,0.0,,0
531,1770,1,3,ACTIVE,1495330.05,23.1346,60,2025-07-06,57,1,1,1,6.0,4248971.64,0.3519275195727124,5,0,0.0,,0
532,1777,1,3,ACTIVE,476296.96,23.1547,12,2025-07-24,50,1,1,1,11.0,2666343.12,0.17863303354596013,5,0,0.0,,0
533,1779,1,3,ACTIVE,736818.22,20.0524,36,2025-10-22,36,1,1,1,1.0,1874868.36,0.3929973088883958,2,0,0.0,,0
534,1780,1,3,ACTIVE,1422180.53,23.6601,12,2025-03-08,58,1,1,2,6.0,1336648.44,1.063989967324542,9,0,0.0,,0
536,1784,2,3,ACTIVE,5300204.11,13.0681,120,2025-10-01,27,2,1,1,9.0,1661608.32,3.189803545278348,3,1,1546.76,14.0,1
537,1791,2,3,ACTIVE,5157413.68,11.821,240,2025-05-15,47,1,1,1,8.0,1440672.0,3.5798666733302236,7,0,0.0,,0
539,1795,2,3,ACTIVE,5349723.65,12.926,300,2025-07-11,32,1,1,1,6.0,1602216.72,3.338951331128288,5,0,0.0,,0
540,1796,2,3,ACTIVE,5309750.34,14.1528,180,2025-06-20,42,2,1,1,4.0,2007469.08,2.6449973217022102,5,0,0.0,,0
543,1800,2,3,ACTIVE,4791968.15,11.4368,120,2025-07-25,49,1,1,1,9.0,3836020.92,1.2492028197802425,5,0,0.0,,0
544,1801,1,3,ACTIVE,102465.99,21.8798,24,2025-03-06,38,1,1,1,11.0,2355883.08,0.04349366522892129,9,1,1112.93,13.0,1
545,1803,1,3,ACTIVE,1300188.19,20.5139,48,2025-03-30,54,1,1,1,11.0,4221863.4,0.3079654803611126,9,0,0.0,,0
546,1805,1,3,ACTIVE,789356.4,18.9507,60,2025-06-29,43,1,1,1,6.0,5129646.36,0.15388125118239146,6,0,0.0,,0
547,1805,2,3,ACTIVE,5186728.49,14.9792,180,2025-02-08,43,1,1,1,6.0,5129646.36,1.0111278879661405,10,0,0.0,,0
548,1807,1,3,ACTIVE,891916.22,20.1013,12,2025-06-02,45,1,1,1,2.0,547029.6,1.6304715869122988,6,2,2273.59,5.5,1
551,1817,2,3,ACTIVE,6729849.7,14.6222,120,2025-09-18,33,2,1,1,2.0,3287817.6,2.046904822213982,3,0,0.0,,0
552,1825,2,3,ACTIVE,4740341.8,11.0475,240,2025-06-21,55,1,1,1,10.0,4034917.2,1.174830006424915,6,0,0.0,,0
553,1832,1,3,ACTIVE,769773.49,21.31,24,2025-05-20,26,2,2,1,2.0,1630455.84,0.47212164298788983,7,0,0.0,,0
554,1833,1,3,ACTIVE,795106.29,23.444,48,2025-05-16,32,1,1,1,10.0,1532948.52,0.5186777505091952,7,0,0.0,,0
555,1840,1,3,ACTIVE,1362845.51,16.8246,12,2025-11-09,52,2,2,1,6.0,5139355.68,0.2651782820370977,1,0,0.0,,0
556,1846,2,3,ACTIVE,4087819.05,10.8747,180,2025-06-20,49,1,1,1,9.0,3042314.28,1.3436544267872286,6,0,0.0,,0
558,1852,1,3,ACTIVE,1062696.1,19.2736,48,2025-07-01,34,1,1,1,4.0,1649065.92,0.6444230561747344,6,0,0.0,,0
559,1861,1,3,ACTIVE,282688.98,18.4104,60,2025-07-07,29,2,1,1,7.0,1707873.6,0.16552101982254425,5,0,0.0,,0
560,1862,2,3,ACTIVE,7844180.97,14.7158,180,2025-09-15,29,1,1,1,9.0,878738.16,8.926642004485158,3,0,0.0,,0
562,1867,1,3,ACTIVE,516138.13,16.451,60,2025-07-28,50,2,3,1,6.0,1447703.64,0.35652195362304956,5,0,0.0,,0
563,1867,2,3,ACTIVE,6331161.17,12.0849,240,2025-08-15,50,2,3,1,6.0,1447703.64,4.373243939622891,4,0,0.0,,0
564,1869,1,3,ACTIVE,353422.24,21.9541,60,2025-07-20,75,2,1,4,,483780.48,0.7305425799734624,5,0,0.0,,0
565,1870,1,3,ACTIVE,886878.42,24.633,36,2025-06-22,40,1,1,1,8.0,1390266.72,0.6379196216392204,6,1,1660.03,15.0,1
566,1884,2,3,ACTIVE,3784527.05,10.8571,120,2025-02-20,43,2,1,1,10.0,3176465.28,1.191427173414595,9,0,0.0,,0
567,1887,1,3,ACTIVE,848675.45,18.2589,36,2025-07-07,25,1,1,1,1.0,1816258.44,0.4672657983629246,5,1,990.91,9.0,1
568,1888,1,3,ACTIVE,785894.37,17.5388,24,2025-04-29,66,1,1,1,6.0,7574861.88,0.10375032343163992,8,0,0.0,,0
569,1889,1,3,ACTIVE,311451.21,17.9318,36,2025-06-29,34,1,1,2,5.0,3684895.92,0.08452103309338517,6,0,0.0,,0
570,1892,2,3,ACTIVE,3552971.46,12.9967,180,2025-06-02,63,1,1,1,4.0,1723576.08,2.061395201075197,6,0,0.0,,0
571,1910,2,3,ACTIVE,3870396.43,11.4654,240,2025-03-18,41,1,1,1,3.0,4822392.0,0.8025885141647547,9,0,0.0,,0
572,1911,1,3,ACTIVE,936200.12,18.7749,60,2025-11-12,35,2,1,1,2.0,1432054.68,0.6537460706458499,1,0,0.0,,0
574,1917,2,3,ACTIVE,7512351.09,13.462,120,2025-07-09,64,2,1,1,12.0,2141525.28,3.5079441555786817,5,1,1033.64,7.0,1
575,1918,2,3,ACTIVE,4504875.29,13.0441,120,2025-06-28,46,2,1,1,11.0,1543943.76,2.9177716227176567,6,0,0.0,,0
576,1919,1,3,ACTIVE,160000.42,20.55,60,2025-07-02,22,1,1,3,,521081.04,0.30705477213294885,5,0,0.0,,0
577,1922,2,3,ACTIVE,7968898.97,13.7452,300,2025-11-19,45,1,1,1,10.0,5115793.56,1.5577053445448257,1,0,0.0,,0
578,1925,2,3,ACTIVE,3475810.28,13.7887,300,2025-06-28,48,1,3,1,8.0,1492497.12,2.3288556027498397,6,1,1212.99,17.0,1
579,1933,2,3,ACTIVE,4324469.97,13.6347,120,2025-08-24,34,1,1,1,1.0,3635697.48,1.1894471401399438,4,0,0.0,,0
580,1938,2,3,ACTIVE,5459773.02,14.8755,120,2025-05-23,43,1,1,1,6.0,2301252.72,2.372522136551782,7,0,0.0,,0
581,1941,1,3,ACTIVE,366806.11,18.3445,24,2025-05-08,33,1,1,1,9.0,1432494.36,0.25606111984971447,7,0,0.0,,0
582,1947,2,3,ACTIVE,4286426.81,13.0388,240,2025-08-15,37,1,1,1,10.0,1113163.68,3.8506707387362837,4,0,0.0,,0
583,1954,2,3,ACTIVE,6576941.3,10.9235,240,2025-10-24,43,1,1,1,1.0,1964831.28,3.347331329130713,2,0,0.0,,0
584,1964,2,3,ACTIVE,7259119.44,13.2467,300,2025-10-05,46,2,1,1,4.0,1044594.48,6.949222477223889,2,0,0.0,,0
586,1966,2,3,ACTIVE,5756198.62,12.0224,180,2025-07-17,26,1,1,1,6.0,1791397.2,3.213245292557117,4,0,0.0,,0
587,1969,2,3,ACTIVE,5907245.58,13.9283,240,2025-04-06,55,2,2,1,5.0,1801699.8,3.278706907776756,8,0,0.0,,0
589,1974,2,3,ACTIVE,8813790.94,13.5511,120,2025-07-14,39,1,1,1,11.0,1688961.0,5.21846918904581,5,1,619.1,12.0,1
590,1982,2,3,ACTIVE,9685284.47,13.261,120,2025-10-05,43,1,1,2,11.0,3161403.12,3.063603122527443,2,1,1743.85,7.0,1
591,1985,2,3,ACTIVE,4374725.35,11.8043,300,2025-02-19,59,2,1,1,6.0,2226556.68,1.9647940648876723,10,0,0.0,,0
592,1989,1,3,ACTIVE,605916.53,22.7959,48,2025-04-03,66,1,1,1,9.0,3918194.16,0.15464178273391127,8,0,0.0,,0
594,1992,2,3,ACTIVE,3397724.05,14.5884,180,2025-05-06,42,2,1,1,12.0,2071668.84,1.6400903389559116,7,0,0.0,,0
595,1993,1,3,ACTIVE,1082649.82,20.3915,48,2025-06-15,65,2,1,1,7.0,1627875.96,0.6650689896544697,6,0,0.0,,0
596,2000,2,3,ACTIVE,5296794.78,10.2552,120,2025-02-23,25,1,1,1,12.0,2404392.24,2.202966176600204,10,1,474.47,20.0,1
597,2005,1,3,ACTIVE,393533.92,24.0809,12,2025-05-02,26,2,1,1,10.0,896451.48,0.4389907638949963,7,1,1428.16,17.0,1
598,2010,1,3,ACTIVE,182319.74,19.7267,48,2025-08-06,50,2,1,2,6.0,2778989.52,0.06560648706584543,4,0,0.0,,0
599,2010,2,3,ACTIVE,2421012.12,14.883,240,2025-09-08,50,2,1,2,6.0,2778989.52,0.8711843288995202,3,0,0.0,,0
600,2012,1,3,ACTIVE,345111.89,24.9682,12,2025-06-29,21,2,1,3,,260324.16,1.3257005803840873,6,0,0.0,,0
601,2014,1,3,ACTIVE,271350.59,17.3711,12,2025-06-17,25,2,1,1,7.0,1692573.48,0.16031835143724454,6,0,0.0,,0
603,2017,1,3,ACTIVE,788397.74,21.0968,12,2025-07-04,51,1,1,1,3.0,2105014.92,0.37453308882010206,5,0,0.0,,0
605,2027,1,3,ACTIVE,195267.84,21.4484,12,2025-11-04,35,2,1,1,2.0,1445018.88,0.13513168769116704,1,0,0.0,,0
606,2033,1,3,ACTIVE,353279.85,19.715,12,2025-03-10,21,2,1,3,,583723.2,0.6052181068013058,9,1,972.71,9.0,1
607,2036,2,3,ACTIVE,2741551.32,10.326,240,2025-06-11,64,2,1,1,6.0,1621751.28,1.6904881493295323,6,1,1315.74,20.0,1
608,2037,2,3,ACTIVE,5559357.16,14.6908,240,2025-08-02,49,1,1,1,1.0,2195727.72,2.531897333791459,4,0,0.0,,0
609,2043,1,3,ACTIVE,151930.89,17.3985,12,2025-05-17,44,2,1,1,3.0,6501583.44,0.023368290417572494,7,0,0.0,,0
610,2043,2,3,ACTIVE,5666948.32,10.5613,240,2025-05-31,44,2,1,1,3.0,6501583.44,0.8716258696512246,7,1,516.85,16.0,1
611,2046,1,3,ACTIVE,1409471.82,21.4536,48,2025-11-14,46,1,1,1,4.0,3857736.0,0.3653624353766043,1,0,0.0,,0
613,2050,1,3,ACTIVE,1112860.27,22.2376,12,2025-05-15,53,1,1,1,11.0,2902776.12,0.38337791961716977,7,0,0.0,,0
614,2051,1,3,ACTIVE,847374.8,16.5228,12,2025-11-01,58,1,1,1,12.0,1883875.44,0.44980404861586815,2,0,0.0,,0
615,2051,2,3,ACTIVE,5925578.92,11.4273,120,2025-11-28,58,1,1,1,12.0,1883875.44,3.145419699298166,1,0,0.0,,0
616,2054,1,3,ACTIVE,495140.69,17.28,12,2025-10-31,26,1,1,1,6.0,1011250.92,0.4896318808787833,2,0,0.0,,0
617,2058,1,3,ACTIVE,178881.14,18.3641,60,2025-04-30,67,2,1,4,,391858.56,0.45649414931754967,8,0,0.0,,0
619,2065,1,3,ACTIVE,1037762.24,18.596,12,2025-10-27,57,2,1,1,5.0,2194740.36,0.47284055048771234,2,0,0.0,,0
621,2069,1,3,ACTIVE,1014607.01,21.5369,60,2025-08-09,44,2,3,2,1.0,5262113.88,0.19281357894139683,4,1,697.77,15.0,1
622,2074,1,3,ACTIVE,381850.19,17.842,12,2025-07-03,46,2,1,1,9.0,886173.72,0.43089766868735396,4,0,0.0,,0
623,2075,1,3,ACTIVE,946499.68,16.1082,48,2025-07-14,37,1,1,1,10.0,1707991.68,0.5541594207297309,5,0,0.0,,0
624,2079,1,3,ACTIVE,1330888.53,17.1483,48,2025-05-07,56,1,1,1,10.0,1212739.68,1.097423092480985,7,0,0.0,,0
625,2079,2,3,ACTIVE,8439164.72,13.1103,120,2025-05-06,56,1,1,1,10.0,1212739.68,6.958760283987739,7,0,0.0,,0
626,2083,2,3,ACTIVE,8049699.0,14.0883,300,2025-10-07,48,1,1,1,9.0,2193694.32,3.669471597118417,2,0,0.0,,0
627,2087,1,3,ACTIVE,282789.28,18.6561,24,2025-06-26,74,2,1,4,,394010.28,0.7177205630269342,6,0,0.0,,0
628,2088,1,3,ACTIVE,232389.66,18.0385,12,2025-05-28,55,2,1,1,7.0,1194373.68,0.19457031236656186,7,0,0.0,,0
629,2089,2,3,ACTIVE,2194758.72,12.3441,300,2025-03-01,47,1,2,1,11.0,5221467.6,0.4203336854948597,10,0,0.0,,0
630,2090,2,3,ACTIVE,6025403.53,11.2677,300,2025-10-09,56,2,1,1,3.0,1810507.44,3.3280192043839376,2,0,0.0,,0
631,2094,1,3,ACTIVE,1083697.79,23.9371,36,2025-06-11,34,2,1,1,8.0,2365332.36,0.45815878069667976,6,0,0.0,,0
632,2100,1,3,ACTIVE,332894.62,18.4998,36,2025-05-03,28,2,1,1,12.0,2668092.24,0.12476878235663996,7,0,0.0,,0
633,2102,1,3,ACTIVE,296421.79,24.7489,48,2025-03-26,61,1,1,1,2.0,1956159.24,0.15153254599047877,9,2,1598.42,13.0,1
634,2102,2,3,ACTIVE,7695949.92,12.0111,180,2025-04-06,61,1,1,1,2.0,1956159.24,3.934214435426024,8,0,0.0,,0
635,2103,2,3,ACTIVE,6037931.88,14.2014,240,2025-09-23,52,1,1,1,10.0,1163381.28,5.1899854190536745,3,1,1520.97,11.0,1
636,2125,1,3,ACTIVE,541192.8,23.0917,12,2025-09-11,63,1,1,1,2.0,1048342.44,0.5162366602271677,3,0,0.0,,0
637,2126,2,3,ACTIVE,7782230.12,14.7161,300,2025-11-08,48,1,1,1,8.0,6653907.0,1.1695730222860043,1,0,0.0,,0
638,2130,1,3,ACTIVE,647909.61,16.9315,12,2025-09-18,32,2,1,1,10.0,848864.52,0.7632662159092243,3,0,0.0,,0
639,2140,2,3,ACTIVE,8467362.25,12.4911,120,2025-09-07,52,2,1,1,2.0,1824882.72,4.639948725033683,3,0,0.0,,0
640,2147,1,3,ACTIVE,1174361.41,21.4872,12,2025-07-14,33,1,1,1,4.0,1727542.68,0.6797872050258116,5,0,0.0,,0
641,2149,1,3,ACTIVE,223736.83,19.5355,24,2025-08-07,32,2,1,1,2.0,2022812.88,0.11060678533943288,4,0,0.0,,0
642,2150,2,3,ACTIVE,9253215.27,14.9379,300,2025-02-19,49,2,1,1,4.0,1481695.68,6.245017377657469,10,1,393.24,3.0,1
643,2155,1,3,ACTIVE,796118.87,17.7644,12,2025-09-21,44,2,1,1,8.0,3829026.48,0.2079167835893368,3,0,0.0,,0
644,2161,1,3,ACTIVE,731494.06,17.7607,60,2025-08-19,45,2,1,1,8.0,1880782.92,0.38893061619253755,4,0,0.0,,0
645,2165,2,3,ACTIVE,8447837.19,14.5392,180,2025-11-29,33,2,1,1,5.0,4765393.08,1.7727471896190357,1,0,0.0,,0
647,2171,1,3,ACTIVE,782796.18,23.8002,12,2025-11-07,37,1,1,1,1.0,1426130.64,0.5488951418924707,1,0,0.0,,0
648,2173,1,3,ACTIVE,983210.96,21.7584,60,2025-07-09,58,1,1,2,11.0,1951079.16,0.5039318650710205,5,0,0.0,,0
649,2174,2,3,ACTIVE,9086777.19,13.5854,180,2025-09-24,46,1,1,1,2.0,2089663.56,4.3484402771516,3,0,0.0,,0
650,2175,2,3,ACTIVE,7121002.82,12.0916,300,2025-08-21,47,2,1,1,4.0,2358295.8,3.019554552910623,4,0,0.0,,0
651,2178,2,3,ACTIVE,7431742.11,11.0012,240,2025-08-20,42,2,1,1,10.0,4377810.96,1.6975931984966295,4,0,0.0,,0
652,2179,1,3,ACTIVE,704740.61,20.4547,36,2025-09-15,24,2,1,1,1.0,1267800.0,0.5558768023347531,3,0,0.0,,0
653,2185,1,3,ACTIVE,602807.62,22.1902,36,2025-07-01,58,2,1,1,7.0,4946066.4,0.12187616809996728,6,0,0.0,,0
654,2186,1,3,ACTIVE,938083.65,21.5634,12,2025-11-11,39,2,1,1,11.0,1514231.4,0.6195114234191683,1,0,0.0,,0
655,2187,1,3,ACTIVE,529253.53,18.2611,60,2025-07-16,40,2,1,1,3.0,1330585.08,0.39776000644768994,5,0,0.0,,0
656,2190,1,3,ACTIVE,330878.26,16.6632,24,2025-07-22,32,2,1,1,9.0,3375813.72,0.09801437148018938,5,1,730.14,6.0,1
657,2192,2,3,ACTIVE,4546654.63,13.4794,120,2025-11-11,32,1,1,1,11.0,845324.88,5.3785884428244914,1,0,0.0,,0
659,2203,1,3,ACTIVE,1241775.19,17.4676,60,2025-05-25,58,2,1,1,12.0,4646248.44,0.2672640531464994,7,0,0.0,,0
660,2203,2,3,ACTIVE,8794328.31,10.8875,300,2025-03-28,58,2,1,1,12.0,4646248.44,1.8927804708609168,9,1,1279.73,5.0,1
661,2211,2,3,ACTIVE,2588507.48,12.4243,180,2025-06-29,42,1,1,2,5.0,2490135.72,1.0395045776862315,6,0,0.0,,0
662,2216,1,3,ACTIVE,708690.68,18.3995,24,2025-10-31,53,2,1,1,6.0,1998455.64,0.35461916983055974,2,0,0.0,,0
663,2216,2,3,ACTIVE,8023482.69,10.6456,120,2025-11-22,53,2,1,1,6.0,1998455.64,4.014841525329029,1,0,0.0,,0
664,2223,1,3,ACTIVE,772004.19,21.4213,36,2025-06-18,54,2,1,1,8.0,1456878.72,0.5299028528606692,6,1,1325.1,13.0,1
665,2223,2,3,ACTIVE,3868601.5,13.6105,240,2025-07-24,54,2,1,1,8.0,1456878.72,2.655403944674269,5,0,0.0,,0
666,2225,2,3,ACTIVE,4155506.47,11.4034,180,2025-08-20,44,1,1,2,5.0,3307226.52,1.2564928482733624,4,0,0.0,,0
667,2229,1,3,ACTIVE,864473.38,24.9478,48,2025-04-05,53,1,1,1,2.0,2355897.96,0.366940077489604,8,1,1529.59,10.0,1
668,2229,2,3,ACTIVE,9395519.85,13.2522,300,2025-02-22,53,1,1,1,2.0,2355897.96,3.9880843778140544,10,1,796.62,13.0,1
669,2236,1,3,ACTIVE,914218.59,20.2752,60,2025-08-20,43,1,2,1,2.0,2216205.12,0.41251533161334814,4,0,0.0,,0
670,2236,2,3,ACTIVE,8777600.63,14.6749,180,2025-09-11,43,1,2,1,2.0,2216205.12,3.960644504783023,3,0,0.0,,0
671,2237,2,3,ACTIVE,9195463.21,12.9279,180,2025-06-22,18,1,1,3,,1088708.4,8.446213154964175,6,0,0.0,,0
672,2239,1,3,ACTIVE,342729.98,24.8138,12,2025-07-11,29,2,1,1,4.0,2426313.6,0.14125543375761485,5,0,0.0,,0
673,2239,2,3,ACTIVE,9709515.05,11.8518,120,2025-08-12,29,2,1,1,4.0,2426313.6,4.0017560178535865,4,0,0.0,,0
674,2241,1,3,ACTIVE,205404.68,24.6569,48,2025-09-21,53,1,1,1,9.0,1246031.28,0.16484712968040416,2,0,0.0,,0
675,2243,1,3,ACTIVE,989056.47,21.6146,12,2025-03-14,47,1,1,1,1.0,1857871.8,0.5323599131005702,9,1,1542.12,11.0,1
676,2249,1,3,ACTIVE,1338512.88,20.7986,36,2025-10-14,38,2,1,1,8.0,4618989.24,0.28978480149046637,2,0,0.0,,0
677,2250,1,3,ACTIVE,1113512.22,16.3766,24,2025-10-09,43,2,1,2,9.0,2031589.56,0.5480990067698517,2,1,1511.94,6.0,1
678,2256,2,3,ACTIVE,3818773.57,11.3714,120,2025-10-28,33,2,2,2,1.0,1525449.48,2.5033759688980326,2,0,0.0,,0
679,2259,1,3,ACTIVE,1047438.46,21.5721,12,2025-11-04,53,1,1,1,11.0,3582459.0,0.29237974810039696,1,0,0.0,,0
680,2259,2,3,ACTIVE,2017314.58,13.9489,120,2025-11-18,53,1,1,1,11.0,3582459.0,0.5631089092715367,1,0,0.0,,0
681,2263,1,3,ACTIVE,415663.79,16.3997,48,2025-05-01,62,2,1,1,6.0,2776108.56,0.1497289392746226,8,0,0.0,,0
682,2263,2,3,ACTIVE,4614002.34,10.2667,180,2025-03-15,62,2,1,1,6.0,2776108.56,1.6620395925727054,9,0,0.0,,0
685,2275,1,3,ACTIVE,509525.97,17.5532,48,2025-07-06,65,1,2,1,6.0,2205471.36,0.23102815082577177,5,0,0.0,,0
686,2275,2,3,ACTIVE,4760396.93,14.301,180,2025-04-06,65,1,2,1,6.0,2205471.36,2.158448763533252,8,0,0.0,,0
687,2276,2,3,ACTIVE,5311964.86,10.963,120,2025-05-23,34,1,1,1,2.0,2153392.8,2.466788623051029,7,1,872.1,4.0,1
688,2277,2,3,ACTIVE,5048924.82,10.9993,300,2025-11-15,44,2,1,1,4.0,5599762.08,0.9016320243377197,1,0,0.0,,0
689,2281,1,3,ACTIVE,1167100.76,18.9832,60,2025-05-22,40,1,1,1,7.0,2242461.6,0.5204551819304286,7,1,1163.43,4.0,1
690,2283,1,3,ACTIVE,480288.69,21.6319,48,2025-08-01,40,1,1,1,1.0,1278477.36,0.37567242489143493,5,0,0.0,,0
691,2284,2,3,ACTIVE,7708093.14,11.8001,120,2025-06-21,45,2,1,1,9.0,3424453.92,2.250897024772931,5,0,0.0,,0
692,2287,1,3,ACTIVE,660003.36,22.2882,60,2025-07-14,25,1,1,1,4.0,976573.44,0.6758358695481212,5,1,1511.64,17.0,1
693,2289,1,3,ACTIVE,1018817.87,22.3738,48,2025-07-16,35,2,1,1,4.0,1577261.28,0.6459410897349868,5,0,0.0,,0
694,2316,1,3,ACTIVE,116365.11,17.686,48,2025-11-07,49,2,1,1,1.0,2123771.88,0.05479171802576085,1,0,0.0,,0
695,2326,1,3,ACTIVE,327816.04,23.2702,36,2025-06-02,46,1,1,1,10.0,1304165.4,0.2513607859861947,6,0,0.0,,0
696,2329,1,3,ACTIVE,730767.02,16.3882,24,2025-07-04,38,1,2,1,1.0,1842969.72,0.39651602089262755,5,0,0.0,,0
697,2330,1,3,ACTIVE,237111.22,16.9401,36,2025-03-20,21,2,1,3,,796588.44,0.29765837425408787,9,0,0.0,,0
698,2332,1,3,ACTIVE,1053443.71,16.8888,24,2025-06-30,55,2,1,1,1.0,4601471.76,0.22893625451696786,6,0,0.0,,0
701,2339,1,3,ACTIVE,770959.92,21.219,24,2025-05-29,31,2,1,1,9.0,1265805.72,0.6090665477479436,7,0,0.0,,0
702,2348,1,3,ACTIVE,276068.85,19.3513,36,2025-09-12,31,1,1,1,11.0,1210670.16,0.22802977980393932,3,0,0.0,,0
703,2349,2,3,ACTIVE,7941065.54,14.7093,120,2025-06-20,62,1,1,2,3.0,827950.56,9.591231558560695,6,0,0.0,,0
704,2360,1,3,ACTIVE,1175406.17,17.9911,60,2025-05-31,66,1,1,1,2.0,1917613.32,0.6129526519976405,7,0,0.0,,0
705,2369,2,3,ACTIVE,9179924.72,12.3856,180,2025-08-09,54,2,1,1,1.0,3461950.92,2.65166229450763,4,0,0.0,,0
706,2376,1,3,ACTIVE,332816.22,16.0832,48,2025-06-07,35,1,1,1,5.0,1496877.48,0.22234032140025248,6,0,0.0,,0
707,2376,2,3,ACTIVE,7094720.93,14.9425,120,2025-06-13,35,1,1,1,5.0,1496877.48,4.739680451335269,5,0,0.0,,0
708,2377,1,3,ACTIVE,822749.06,17.9252,36,2025-06-12,33,2,1,1,6.0,1181614.44,0.6962923201920247,6,0,0.0,,0
709,2378,2,3,ACTIVE,6911502.8,12.4906,180,2025-02-24,62,2,1,1,6.0,2704424.28,2.555628142785347,10,1,1197.01,14.0,1
710,2382,1,3,ACTIVE,247622.28,20.0776,48,2025-05-09,58,1,1,1,8.0,4249002.6,0.058277742640119826,7,0,0.0,,0
711,2386,1,3,ACTIVE,174329.17,23.482,60,2025-06-10,50,1,3,2,10.0,4034711.52,0.043207344350606754,6,0,0.0,,0
712,2391,2,3,ACTIVE,6860004.09,11.1321,300,2025-10-28,47,2,1,1,3.0,824197.68,8.32325090990307,2,0,0.0,,0
713,2396,1,3,ACTIVE,418349.8,22.0501,48,2025-08-13,41,2,1,1,8.0,1299121.2,0.32202522751533885,4,0,0.0,,0
714,2396,2,3,ACTIVE,3911644.96,13.2811,180,2025-10-07,41,2,1,1,8.0,1299121.2,3.010993092869241,2,0,0.0,,0
715,2400,1,3,ACTIVE,619609.31,22.5823,60,2025-06-15,31,1,1,1,1.0,1192477.08,0.519598506664799,6,0,0.0,,0
716,2403,2,3,ACTIVE,2806808.46,14.2502,300,2025-07-19,48,1,1,2,6.0,1149304.2,2.4421806341610863,5,0,0.0,,0
717,2405,1,3,ACTIVE,494501.56,24.4367,48,2025-08-07,26,1,2,1,2.0,859587.48,0.5752777599785422,4,0,0.0,,0
718,2412,1,3,ACTIVE,563740.17,22.9895,12,2025-06-12,28,1,1,1,11.0,1499149.44,0.37604000972711565,6,2,866.24,11.0,1
719,2419,1,3,ACTIVE,400500.57,22.6384,60,2025-07-01,19,1,1,3,,903182.88,0.44343241979963127,6,0,0.0,,0
720,2424,1,3,ACTIVE,982977.56,17.2145,12,2025-05-18,38,2,1,1,8.0,1887317.16,0.5208332657771204,7,0,0.0,,0
722,2427,2,3,ACTIVE,2558146.45,12.1206,120,2025-07-26,42,2,1,1,5.0,2168078.16,1.17991431176079,5,0,0.0,,0
724,2430,1,3,ACTIVE,680494.0,18.1321,60,2025-04-04,62,1,1,1,4.0,2195849.28,0.3099001403229278,8,0,0.0,,0
725,2435,1,3,ACTIVE,1024985.97,22.9794,60,2025-07-17,42,2,1,1,7.0,2088557.04,0.490762737320308,5,0,0.0,,0
726,2436,1,3,ACTIVE,707028.05,23.4158,60,2025-06-11,62,1,1,1,4.0,1849190.52,0.3823446217970012,6,0,0.0,,0
727,2443,1,3,ACTIVE,1258329.97,18.5885,60,2025-05-30,53,1,1,2,7.0,2008161.96,0.6266078110552398,7,0,0.0,,0
728,2443,2,3,ACTIVE,4797061.79,13.7759,300,2025-06-21,53,1,1,2,7.0,2008161.96,2.3887823221190785,6,0,0.0,,0
729,2448,1,3,ACTIVE,745609.47,20.6454,12,2025-09-02,49,1,1,1,10.0,2148081.48,0.347104836079123,3,0,0.0,,0
730,2459,1,3,ACTIVE,255803.77,23.7106,12,2025-08-23,44,1,1,1,11.0,5588025.96,0.04577712627519719,4,0,0.0,,0
731,2467,1,3,ACTIVE,236773.61,18.8118,12,2025-04-21,24,2,1,1,2.0,1608931.8,0.1471619928203296,8,1,985.48,8.0,1
732,2471,2,3,ACTIVE,4733458.53,13.1103,180,2025-01-31,27,2,1,1,9.0,1984585.56,2.385111846727334,11,0,0.0,,0
733,2472,1,3,ACTIVE,1283650.56,18.8219,60,2025-06-16,52,2,1,1,1.0,4113545.88,0.3120545139027354,6,0,0.0,,0
734,2474,1,3,ACTIVE,870428.46,16.3048,12,2025-07-02,31,2,1,1,6.0,1054042.8,0.8257999200791467,5,0,0.0,,0
736,2480,1,3,ACTIVE,899042.03,20.5258,12,2025-05-20,25,2,1,1,8.0,2754811.44,0.32635338192148644,7,0,0.0,,0
737,2480,2,3,ACTIVE,5010576.14,10.6432,300,2025-04-22,25,2,1,1,8.0,2754811.44,1.8188454088894013,7,0,0.0,,0
738,2486,1,3,ACTIVE,668929.71,20.5789,48,2025-11-08,54,1,1,1,1.0,1201619.28,0.5566902272074064,1,1,1070.96,5.0,1
740,2490,2,3,ACTIVE,9363682.33,13.0589,180,2025-03-31,38,1,1,1,5.0,3800380.44,2.4638802556304076,9,0,0.0,,0
741,2493,1,3,ACTIVE,1158862.59,22.4661,12,2025-07-14,39,2,1,1,7.0,1780241.4,0.6509581172530872,5,0,0.0,,0
742,2494,2,3,ACTIVE,5438876.28,11.7468,240,2025-10-09,51,1,1,1,11.0,5149896.0,1.0561138089002187,2,0,0.0,,0
743,2496,1,3,ACTIVE,733691.3,18.4434,12,2025-05-30,54,2,1,1,1.0,1396028.16,0.5255562323327346,7,0,0.0,,0
744,2501,1,3,ACTIVE,299403.12,20.3473,36,2025-08-03,46,1,1,1,11.0,3729590.52,0.0802777458797273,4,0,0.0,,0
745,2509,1,3,ACTIVE,700683.71,23.283,36,2025-02-20,48,1,1,2,2.0,2420039.16,0.28953403795333627,9,1,603.7,20.0,1
746,2510,1,3,ACTIVE,774779.19,22.9503,48,2025-06-28,51,2,1,1,10.0,1789311.0,0.4330042066471396,6,0,0.0,,0
747,2510,2,3,ACTIVE,2667913.2,14.0546,120,2025-05-05,51,2,1,1,10.0,1789311.0,1.4910282225951776,7,1,1157.51,16.0,1
748,2512,1,3,ACTIVE,333844.87,23.6982,24,2025-05-17,27,1,1,1,12.0,1781573.04,0.18738769755968018,7,0,0.0,,0
749,2513,1,3,ACTIVE,144953.0,21.7459,36,2025-06-18,34,2,2,1,4.0,2858312.16,0.05071279548417133,6,1,1873.75,18.0,1
750,2515,2,3,ACTIVE,4875750.84,13.7423,120,2025-10-09,41,1,1,1,12.0,1844697.36,2.64311693924688,2,1,415.44,19.0,1
751,2517,1,3,ACTIVE,313652.5,22.3279,36,2025-08-22,33,2,1,1,10.0,512474.28,0.6120355932789446,4,0,0.0,,0
752,2522,2,3,ACTIVE,3707356.88,14.7439,300,2025-08-01,43,2,1,1,12.0,3646382.04,1.016722010840093,5,0,0.0,,0
753,2533,2,3,ACTIVE,3334240.45,10.4548,180,2025-02-24,42,1,1,1,3.0,2179696.92,1.5296807640577847,9,1,320.94,20.0,1
754,2537,1,3,ACTIVE,861316.63,24.4193,60,2025-09-11,40,2,1,2,3.0,2059659.48,0.4181839951524414,3,1,1102.44,7.0,1
755,2540,1,3,ACTIVE,714347.27,21.3919,12,2025-11-06,41,2,1,1,1.0,554252.16,1.2888488697996232,1,0,0.0,,0
756,2543,1,3,ACTIVE,993448.2,16.0841,24,2025-06-24,35,2,1,1,9.0,1873204.2,0.5303469851284767,5,0,0.0,,0
757,2546,2,3,ACTIVE,5825880.26,11.1635,300,2025-10-26,29,2,2,1,1.0,1428683.28,4.077796906813384,2,0,0.0,,0
758,2547,1,3,ACTIVE,1157441.96,17.8484,12,2025-07-04,63,1,1,1,2.0,2445586.92,0.4732777847863203,5,0,0.0,,0
759,2554,1,3,ACTIVE,261967.25,18.565,48,2025-03-29,47,1,1,1,1.0,1442767.68,0.18157271862369415,9,0,0.0,,0
760,2556,1,3,ACTIVE,951970.03,24.9736,24,2025-07-01,28,2,1,1,4.0,1468149.0,0.6484151336138225,6,1,1152.49,12.0,1
761,2559,2,3,ACTIVE,8458889.1,12.8924,120,2025-07-11,32,1,1,1,6.0,1789825.56,4.726096938743013,5,0,0.0,,0
762,2561,1,3,ACTIVE,851075.95,20.4847,12,2025-11-09,49,1,1,1,6.0,3941878.56,0.21590618205143286,1,0,0.0,,0
763,2563,2,3,ACTIVE,5022179.34,14.6598,300,2025-03-27,65,1,1,1,3.0,6060566.88,0.8286649482531575,9,1,1437.74,11.0,1
764,2567,1,3,ACTIVE,430811.71,20.3174,36,2025-07-29,27,2,1,1,2.0,1252623.84,0.34392743954162647,5,1,1964.02,7.0,1
765,2568,2,3,ACTIVE,7864930.9,14.7523,300,2025-10-12,47,2,1,1,5.0,3150486.24,2.4964181084631556,2,0,0.0,,0
767,2575,1,3,ACTIVE,306788.16,23.9542,48,2025-10-31,46,1,1,2,8.0,4108738.56,0.07466723801477405,2,0,0.0,,0
768,2580,1,3,ACTIVE,515273.94,18.1999,36,2025-06-07,30,1,1,1,2.0,1516970.76,0.33967295454000707,6,0,0.0,,0
769,2588,1,3,ACTIVE,250030.35,23.0581,60,2025-07-12,29,2,1,1,10.0,1016498.88,0.24597208606860443,5,0,0.0,,0
770,2598,2,3,ACTIVE,8007220.67,14.6884,180,2025-10-28,37,1,1,1,12.0,2172639.84,3.6854799965373,2,0,0.0,,0
771,2601,1,3,ACTIVE,1132991.07,18.0937,36,2025-08-24,47,1,1,1,12.0,4593290.52,0.24666218369309678,4,0,0.0,,0
772,2602,1,3,ACTIVE,338797.66,24.8764,24,2025-06-24,55,1,1,1,8.0,1260965.4,0.26868117079183934,6,0,0.0,,0
773,2603,2,3,ACTIVE,7327035.5,13.4569,180,2025-02-12,50,1,1,1,12.0,4195988.04,1.746200282305857,10,0,0.0,,0
775,2612,2,3,ACTIVE,4252043.02,13.141,240,2025-09-15,55,1,1,2,4.0,2658818.64,1.5992226607829108,3,0,0.0,,0
776,2614,2,3,ACTIVE,6710934.74,14.7212,240,2025-05-01,40,1,1,1,8.0,2352450.48,2.8527421924732717,7,1,1025.19,16.0,1
777,2618,1,3,ACTIVE,225834.86,23.7031,36,2025-06-26,36,1,1,1,8.0,1409059.08,0.16027352096549422,6,0,0.0,,0
779,2620,1,3,ACTIVE,149784.09,22.4293,48,2025-07-13,43,2,1,1,2.0,320864.28,0.466814473708323,5,0,0.0,,0
782,2640,2,3,ACTIVE,4403736.8,11.8369,120,2025-06-01,44,1,1,1,4.0,3654845.16,1.2049037940638776,7,0,0.0,,0
783,2643,2,3,ACTIVE,5229400.96,14.2014,180,2025-08-12,33,2,1,1,7.0,5149725.36,1.0154718153746358,4,0,0.0,,0
784,2658,1,3,ACTIVE,784212.46,17.4127,36,2025-11-15,32,1,1,1,4.0,1279039.32,0.6131261547143054,1,0,0.0,,0
785,2661,2,3,ACTIVE,6357224.21,10.9335,240,2025-04-12,60,2,1,1,4.0,3032312.76,2.096493572120839,8,0,0.0,,0
786,2662,2,3,ACTIVE,6453258.19,13.7711,180,2025-05-30,39,1,1,1,7.0,4728212.28,1.3648410451655948,7,0,0.0,,0
787,2668,1,3,ACTIVE,390174.81,22.1792,48,2025-08-21,63,1,1,1,3.0,2181797.52,0.17883181478728605,4,0,0.0,,0
788,2669,2,3,ACTIVE,7092937.06,14.7763,120,2025-07-03,59,2,1,1,5.0,2925744.96,2.4243183042174667,5,0,0.0,,0
789,2672,1,3,ACTIVE,990742.54,20.7225,24,2025-07-09,63,2,1,1,8.0,1925068.08,0.5146532480035719,5,0,0.0,,0
790,2675,1,3,ACTIVE,1179385.85,16.2869,36,2025-06-29,55,2,1,1,9.0,270163.68,4.365449308360028,6,1,1732.1,6.0,1
791,2686,2,3,ACTIVE,2456902.35,14.9282,120,2025-05-17,35,2,1,1,4.0,5824665.24,0.42181005238337094,7,0,0.0,,0
792,2688,2,3,ACTIVE,2591154.41,11.1185,120,2025-04-30,37,2,1,1,9.0,1364868.24,1.898464873063498,8,0,0.0,,0
794,2691,1,3,ACTIVE,563577.56,24.8255,24,2025-03-23,30,1,1,1,12.0,1898956.32,0.2967827927711365,9,0,0.0,,0
795,2695,2,3,ACTIVE,9492543.74,10.4297,240,2025-02-07,30,2,1,1,3.0,1803975.84,5.262012677509029,10,0,0.0,,0
796,2697,2,3,ACTIVE,8613181.42,10.4846,300,2025-04-10,63,1,1,2,1.0,2054839.92,4.1916556789494335,8,2,2184.56,10.5,1
797,2712,1,3,ACTIVE,1179928.83,20.6673,48,2025-04-25,39,1,1,1,5.0,1530737.64,0.7708236860236872,8,0,0.0,,0
798,2717,1,3,ACTIVE,558785.86,24.7291,12,2025-04-30,61,1,1,2,2.0,1962964.56,0.28466426311843346,8,1,767.05,17.0,1
799,2717,2,3,ACTIVE,5326092.81,12.8323,120,2025-02-24,61,1,1,2,2.0,1962964.56,2.7132903560928274,10,0,0.0,,0
800,2721,1,3,ACTIVE,169949.75,17.6376,60,2025-05-09,35,2,1,1,12.0,2373882.96,0.07159146127406382,7,0,0.0,,0
801,2725,1,3,ACTIVE,366089.03,17.9527,48,2025-05-19,66,2,1,1,12.0,1979089.8,0.1849784835432935,7,0,0.0,,0
802,2726,1,3,ACTIVE,1067097.37,22.947,60,2025-11-22,35,2,1,1,10.0,1234534.92,0.8643719612240697,1,0,0.0,,0
803,2729,1,3,ACTIVE,1494014.01,16.8037,24,2025-11-16,50,1,2,2,11.0,2160120.0,0.6916347286261875,1,0,0.0,,0
805,2731,1,3,ACTIVE,791841.73,18.4756,12,2025-05-24,24,1,2,1,1.0,1743317.4,0.45421546873793606,7,1,1672.29,3.0,1
810,2749,1,3,ACTIVE,1015858.01,19.37,12,2025-11-10,34,2,1,1,6.0,4848713.88,0.20951081774286917,1,0,0.0,,0
812,2761,1,3,ACTIVE,596297.64,21.3253,24,2025-05-29,36,2,1,2,12.0,2803031.28,0.2127331379619852,7,3,3820.39,13.666666666666666,1
813,2767,1,3,ACTIVE,659622.59,20.3089,36,2025-09-30,52,2,1,1,1.0,1489995.36,0.442701103445047,3,1,684.67,12.0,1
814,2767,2,3,ACTIVE,2650325.43,12.1047,300,2025-10-20,52,2,1,1,1.0,1489995.36,1.778747438515513,2,0,0.0,,0
815,2771,2,3,ACTIVE,7920301.55,10.9613,180,2025-09-03,24,2,1,1,6.0,1056179.64,7.499009874873179,3,1,1361.41,3.0,1
816,2776,1,3,ACTIVE,309803.62,20.7577,24,2025-07-01,58,1,1,1,10.0,2089429.68,0.14827185761044612,6,0,0.0,,0
817,2778,1,3,ACTIVE,1123193.47,18.7226,36,2025-07-14,42,1,1,1,12.0,4728114.84,0.2375563005572005,5,0,0.0,,0
818,2781,1,3,ACTIVE,189720.16,23.3037,12,2025-06-20,25,2,1,1,5.0,1790336.76,0.10596897982477889,6,0,0.0,,0
819,2781,2,3,ACTIVE,2306653.91,12.4417,180,2025-04-11,25,2,1,1,5.0,1790336.76,1.2883910790057174,8,0,0.0,,0
820,2782,1,3,ACTIVE,729405.45,24.2967,36,2025-05-13,51,2,1,2,7.0,1468320.0,0.4967619115724093,7,2,3545.8,9.5,1
821,2798,1,3,ACTIVE,345475.35,21.0452,24,2025-08-20,24,1,1,1,3.0,1186084.56,0.2912737941719771,4,0,0.0,,0
823,2803,1,3,ACTIVE,654812.93,19.2042,12,2025-07-20,43,2,1,1,5.0,6919349.16,0.09463504657134544,5,0,0.0,,0
824,2808,2,3,ACTIVE,5338044.16,10.5643,300,2025-04-25,43,2,1,1,3.0,1096463.88,4.868417699267941,8,1,1811.67,19.0,1
825,2810,1,3,ACTIVE,594297.16,19.2839,36,2025-04-24,36,1,1,1,10.0,1607774.04,0.3696397287270542,8,0,0.0,,0
826,2821,2,3,ACTIVE,5281755.0,12.8322,180,2025-07-18,58,1,2,1,3.0,1684000.8,3.136432595518957,5,0,0.0,,0
827,2823,2,3,ACTIVE,4946423.52,12.6978,240,2025-08-18,40,1,1,1,12.0,922206.24,5.363684721977157,4,0,0.0,,0
828,2825,1,3,ACTIVE,1063568.62,17.0807,60,2025-07-06,37,2,1,2,10.0,2996954.52,0.3548831364981808,5,0,0.0,,0
829,2835,2,3,ACTIVE,4102803.54,12.4292,120,2025-07-28,40,1,1,1,8.0,3608853.36,1.1368717791293133,5,0,0.0,,0
830,2845,1,3,ACTIVE,415501.05,23.1924,60,2025-08-12,28,2,1,1,3.0,1918240.56,0.2166052885462916,4,0,0.0,,0
831,2850,2,3,ACTIVE,3030299.34,11.316,240,2025-02-26,29,2,1,1,8.0,1393983.24,2.1738420183588434,10,0,0.0,,0
832,2852,1,3,ACTIVE,785372.14,20.8168,60,2025-10-09,31,1,1,1,12.0,1208600.28,0.6498195913044137,2,0,0.0,,0
834,2862,1,3,ACTIVE,541825.28,23.624,36,2025-10-10,47,1,1,1,1.0,2535551.52,0.21369129190480815,2,0,0.0,,0
835,2862,2,3,ACTIVE,5065722.24,14.648,180,2025-10-17,47,1,1,1,1.0,2535551.52,1.9978778581474061,2,0,0.0,,0
837,2865,2,3,ACTIVE,4518684.32,14.9454,300,2025-10-02,59,1,1,2,10.0,1316178.72,3.433184453855932,2,1,1306.48,19.0,1
838,2872,1,3,ACTIVE,695069.09,20.498,12,2025-07-13,64,1,1,1,11.0,1480709.88,0.4694161222183511,5,1,510.51,17.0,1
839,2872,2,3,ACTIVE,3216480.4,10.736,300,2025-05-12,64,1,1,1,11.0,1480709.88,2.172255648081446,7,0,0.0,,0
840,2873,1,3,ACTIVE,1106899.8,23.2863,12,2025-08-08,28,1,1,1,1.0,1993506.0,0.5552528058606294,3,0,0.0,,0
841,2877,1,3,ACTIVE,1082744.77,17.2678,12,2025-04-30,57,2,1,1,5.0,5238235.56,0.20670028248977793,8,0,0.0,,0
842,2895,2,3,ACTIVE,8608354.56,13.1627,180,2025-05-10,41,1,1,1,4.0,3717883.68,2.3153910398832056,7,0,0.0,,0
844,2898,2,3,ACTIVE,9810675.88,12.764,240,2025-05-10,27,2,1,1,7.0,1476096.48,6.646364931376302,7,0,0.0,,0
845,2904,1,3,ACTIVE,290761.24,19.2737,24,2025-03-18,30,1,1,1,9.0,1407495.48,0.2065805852534603,9,1,985.82,13.0,1
846,2910,2,3,ACTIVE,5740450.29,14.0238,180,2025-06-10,53,2,1,1,8.0,2005620.12,2.862182241171374,6,0,0.0,,0
847,2912,2,3,ACTIVE,3712495.37,13.8584,240,2025-09-18,35,2,1,2,8.0,3025549.8,1.2270481781526121,3,0,0.0,,0
849,2927,1,3,ACTIVE,952073.97,20.5041,48,2025-05-22,63,1,1,1,7.0,2043519.84,0.4658990587534496,7,1,409.87,18.0,1
851,2930,2,3,ACTIVE,4238449.04,12.136,120,2025-05-21,41,2,1,1,8.0,2384017.56,1.7778598241533088,6,1,892.6,14.0,1
852,2932,1,3,ACTIVE,339241.52,20.6674,36,2025-04-23,45,1,1,1,7.0,2389574.88,0.1419673109385884,8,0,0.0,,0
853,2944,2,3,ACTIVE,5122016.83,13.0529,180,2025-04-02,60,2,1,1,12.0,4075150.32,1.2568902807982798,7,0,0.0,,0
854,2951,1,3,ACTIVE,821700.99,19.5562,60,2025-09-12,28,1,1,1,10.0,2148780.84,0.3824033492405861,3,1,1641.3,10.0,1
855,2953,1,3,ACTIVE,422129.93,21.4744,48,2025-07-05,27,1,1,1,5.0,1845959.16,0.22867782730361164,5,2,1633.64,12.0,1
856,2957,1,3,ACTIVE,1156872.21,17.9254,24,2025-06-30,58,1,1,2,1.0,537147.48,2.1537329189368997,6,1,1368.13,3.0,1
858,2969,1,3,ACTIVE,936134.75,24.7809,12,2025-05-18,52,2,1,2,1.0,4112441.52,0.2276347871324867,7,4,2853.16,12.75,1
859,2972,1,3,ACTIVE,955037.59,17.8861,12,2025-06-26,54,1,1,1,8.0,3005009.4,0.3178151755531946,6,0,0.0,,0
860,2974,1,3,ACTIVE,737497.44,20.822,48,2025-08-12,45,1,1,1,5.0,2216556.96,0.33272207902115,4,0,0.0,,0
861,2980,1,3,ACTIVE,681000.56,18.278,60,2025-10-05,52,1,1,1,5.0,2429594.88,0.28029387352018126,2,1,375.39,8.0,1
862,2983,1,3,ACTIVE,1466065.96,24.5777,24,2025-09-29,62,2,1,1,12.0,4396700.28,0.33344687302633236,2,0,0.0,,0
863,2983,2,3,ACTIVE,9375462.33,14.3188,180,2025-11-12,62,2,1,1,12.0,4396700.28,2.1323860470197893,1,0,0.0,,0
864,2985,2,3,ACTIVE,5211472.35,13.4898,300,2025-09-23,44,2,1,1,4.0,1413050.28,3.6881011410294615,3,0,0.0,,0
865,2995,1,3,ACTIVE,760587.2,16.2034,48,2025-06-24,51,1,1,1,8.0,1818839.52,0.41817169224473416,5,0,0.0,,0
866,2995,2,3,ACTIVE,7288475.45,13.8639,300,2025-07-30,51,1,1,1,8.0,1818839.52,4.007211944679979,5,0,0.0,,0
867,2996,2,3,ACTIVE,8351365.68,10.4548,300,2025-10-16,40,1,1,1,6.0,2219264.28,3.7631235519187465,2,0,0.0,,0
869,3014,1,3,ACTIVE,666956.87,16.4772,60,2025-04-27,26,2,2,1,4.0,2001767.76,0.333183940378778,8,0,0.0,,0
870,3017,1,3,ACTIVE,189529.65,21.6278,24,2025-08-12,37,1,1,1,6.0,2658817.92,0.07128342583158158,4,0,0.0,,0
871,3019,2,3,ACTIVE,2372908.14,13.6909,180,2025-02-28,41,1,1,1,5.0,1369558.68,1.732607864600588,10,0,0.0,,0
873,3024,1,3,ACTIVE,670145.42,17.122,12,2025-07-04,34,1,1,1,4.0,1965450.36,0.3409627806626467,5,0,0.0,,0
874,3035,1,3,ACTIVE,436721.5,22.1767,36,2025-07-02,42,2,1,1,9.0,1291287.48,0.33820625287871603,5,0,0.0,,0
875,3038,1,3,ACTIVE,718735.96,18.5872,24,2025-05-29,27,1,3,1,11.0,1671604.92,0.42996760263184675,7,0,0.0,,0
876,3047,1,3,ACTIVE,527362.45,21.7448,12,2025-02-19,30,2,1,1,3.0,1521181.32,0.3466795463935884,10,0,0.0,,0
877,3048,2,3,ACTIVE,5786658.04,12.0103,300,2025-05-31,46,2,1,1,7.0,1334892.84,4.334923273691392,7,2,3906.55,10.5,1
878,3050,2,3,ACTIVE,2009203.96,11.6732,180,2025-05-06,43,1,1,1,7.0,4479840.24,0.44849902058114466,7,1,961.01,14.0,1
880,3057,2,3,ACTIVE,6460764.12,13.0863,240,2025-03-11,62,1,1,1,5.0,3742424.28,1.7263580066341382,9,0,0.0,,0
882,3061,2,3,ACTIVE,8425502.02,13.9565,120,2025-05-12,42,1,1,1,4.0,738599.76,11.407398805545238,7,0,0.0,,0
883,3073,1,3,ACTIVE,773419.2,19.5848,60,2025-05-04,40,1,1,1,8.0,2315205.96,0.33406064659577844,7,0,0.0,,0
884,3076,1,3,ACTIVE,982506.34,23.9823,12,2025-06-23,61,1,1,1,5.0,3687227.4,0.26646209561146134,6,0,0.0,,0
885,3078,1,3,ACTIVE,607617.48,24.7167,60,2025-05-17,37,2,1,2,8.0,2140273.92,0.2838970630450891,7,0,0.0,,0
886,3087,1,3,ACTIVE,757478.14,22.3262,12,2025-06-14,46,1,1,2,4.0,3049458.96,0.24839755180702613,6,0,0.0,,0
887,3089,1,3,ACTIVE,820405.16,19.5857,60,2025-06-08,49,2,1,1,8.0,4307293.8,0.19046881826356957,6,0,0.0,,0
888,3089,2,3,ACTIVE,3235876.04,10.6135,240,2025-06-05,49,2,1,1,8.0,4307293.8,0.7512550084231542,6,0,0.0,,0
889,3095,2,3,ACTIVE,4941768.69,11.8214,300,2025-11-13,60,1,1,1,12.0,1602748.32,3.083309230983939,1,0,0.0,,0
890,3098,2,3,ACTIVE,3391897.33,13.8764,240,2025-04-20,45,2,1,2,7.0,2312480.04,1.466779073258509,8,0,0.0,,0
893,3109,1,3,ACTIVE,180344.88,21.4181,36,2025-10-02,63,2,1,1,5.0,1109689.56,0.16251831728506125,2,0,0.0,,0
894,3113,1,3,ACTIVE,255520.41,16.6615,60,2025-08-24,78,1,1,4,,725836.68,0.35203568108462086,4,0,0.0,,0
895,3117,2,3,ACTIVE,5677454.61,12.9667,120,2025-06-13,49,1,1,1,2.0,1748639.76,3.2467834369727475,6,0,0.0,,0
896,3119,1,3,ACTIVE,328817.65,19.7855,48,2025-11-24,66,1,1,4,,502753.08,0.6540340836897508,1,0,0.0,,0
897,3129,1,3,ACTIVE,894359.73,20.5627,60,2025-05-05,53,1,1,1,2.0,1182597.0,0.7562675450724127,7,1,1465.03,18.0,1
898,3132,2,3,ACTIVE,9081268.02,13.339,240,2025-11-24,40,1,1,1,3.0,3165986.76,2.8683847117541323,1,0,0.0,,0
899,3133,1,3,ACTIVE,981348.87,18.0655,12,2025-07-02,48,1,2,1,6.0,1482557.64,0.6619296569137103,5,0,0.0,,0
900,3134,1,3,ACTIVE,723963.25,21.4483,12,2025-04-23,33,1,1,1,11.0,1924529.88,0.37617667437826424,8,0,0.0,,0
901,3134,2,3,ACTIVE,3592210.78,10.1735,120,2025-03-09,33,1,1,1,11.0,1924529.88,1.8665393649279167,9,1,694.38,3.0,1
902,3138,2,3,ACTIVE,5946463.18,14.92,240,2025-08-30,65,1,1,1,7.0,2373941.04,2.5048908459832684,4,1,1387.26,10.0,1
903,3145,2,3,ACTIVE,4166647.34,12.7411,120,2025-02-25,31,1,1,1,2.0,2059516.8,2.0231188888578138,10,0,0.0,,0
904,3150,1,3,ACTIVE,1046852.39,19.6635,48,2025-05-16,29,2,1,1,6.0,1348030.56,0.7765791229540078,7,0,0.0,,0
905,3152,2,3,ACTIVE,7665065.47,14.603,300,2025-01-31,42,2,1,1,11.0,3704498.88,2.0691234410631,11,0,0.0,,0
906,3153,1,3,ACTIVE,583631.62,20.9523,48,2025-01-28,32,2,1,1,8.0,1271921.64,0.4588581573311387,11,0,0.0,,0
907,3154,1,3,ACTIVE,178880.62,23.2769,48,2025-07-25,41,1,1,1,11.0,1879788.24,0.09515998461613953,4,0,0.0,,0
908,3157,1,3,ACTIVE,1174404.8,19.1189,48,2025-07-09,55,1,1,1,3.0,2626380.72,0.44715710523491814,5,1,1887.67,13.0,1
909,3157,2,3,ACTIVE,9412200.72,12.7435,240,2025-07-12,55,1,1,1,3.0,2626380.72,3.5837152810046518,5,0,0.0,,0
910,3173,1,3,ACTIVE,1014994.36,17.8516,36,2025-11-20,53,2,1,1,10.0,1538500.44,0.6597296520760176,1,0,0.0,,0
911,3174,1,3,ACTIVE,102933.85,23.0608,24,2025-06-18,52,2,1,1,6.0,1775198.4,0.05798442022029763,6,0,0.0,,0
913,3180,2,3,ACTIVE,4354078.03,12.2565,180,2025-10-17,48,1,1,1,7.0,1599239.28,2.7225932256991587,2,0,0.0,,0
915,3190,2,3,ACTIVE,2910762.32,11.5287,300,2025-03-15,49,1,1,1,4.0,2878052.52,1.0113652547243994,9,0,0.0,,0
916,3191,2,3,ACTIVE,8130785.76,13.559,120,2025-05-22,51,2,1,2,11.0,2750852.16,2.955733455337709,7,1,917.7,8.0,1
917,3193,1,3,ACTIVE,634690.9,16.5566,24,2025-04-18,57,2,1,1,1.0,1877450.4,0.33806000946815956,8,0,0.0,,0
918,3194,1,3,ACTIVE,185861.33,22.0592,24,2025-05-13,62,2,1,1,5.0,2270623.2,0.08185476568723511,7,0,0.0,,0
919,3194,2,3,ACTIVE,2038662.56,10.0453,240,2025-05-21,62,2,1,1,5.0,2270623.2,0.8978427420278274,6,0,0.0,,0
920,3196,1,3,ACTIVE,539109.46,24.8217,60,2025-07-07,29,2,1,1,1.0,676342.32,0.7970955595385485,5,1,1009.07,12.0,1
921,3200,1,3,ACTIVE,236613.71,16.692,60,2025-05-25,59,1,1,1,1.0,1716841.32,0.137819207426811,6,0,0.0,,0
922,3200,2,3,ACTIVE,5553265.1,10.6513,300,2025-05-17,59,1,1,1,1.0,1716841.32,3.2345826229298815,7,0,0.0,,0
923,3204,2,3,ACTIVE,8845477.51,10.1029,120,2025-03-06,49,1,1,1,7.0,1871548.44,4.726288308092095,9,0,0.0,,0
924,3205,1,3,ACTIVE,828818.63,19.356,36,2025-08-10,49,1,1,1,6.0,3650655.24,0.22703284082229577,4,0,0.0,,0
925,3207,2,3,ACTIVE,8901902.84,11.9597,240,2025-08-04,45,1,1,1,9.0,1982240.28,4.490829355964858,4,0,0.0,,0
926,3212,1,3,ACTIVE,370801.65,22.1281,60,2025-06-15,50,2,1,1,11.0,2273425.68,0.16310260470005775,6,0,0.0,,0
927,3214,1,3,ACTIVE,1193246.85,21.7521,36,2025-05-08,46,2,1,1,11.0,1635059.88,0.7297878595125213,7,1,313.99,16.0,1
928,3215,1,3,ACTIVE,562947.67,16.056,12,2025-07-02,38,2,1,1,10.0,866241.24,0.6498740120015528,5,0,0.0,,0
929,3219,1,3,ACTIVE,668807.23,24.1601,60,2025-06-14,31,2,1,1,9.0,1495056.72,0.4473457234451948,5,1,403.77,11.0,1
930,3220,2,3,ACTIVE,7152265.75,14.1974,120,2025-10-11,59,2,1,1,8.0,2430245.28,2.943022175111477,2,0,0.0,,0
931,3228,1,3,ACTIVE,619595.56,18.3841,12,2025-06-24,52,2,1,1,6.0,1719293.88,0.36037792445349714,6,0,0.0,,0
932,3230,2,3,ACTIVE,8159170.12,13.1646,300,2025-07-13,51,2,1,1,11.0,3513762.48,2.3220608013322517,5,0,0.0,,0
933,3232,2,3,ACTIVE,3470568.65,14.1924,180,2025-10-20,40,1,1,1,7.0,3684128.04,0.9420325820163405,2,0,0.0,,0
934,3237,2,3,ACTIVE,5830377.84,10.4097,240,2025-08-18,36,1,1,1,5.0,1172484.48,4.9726695230968,4,0,0.0,,0
936,3243,1,3,ACTIVE,1024810.98,19.5983,36,2025-11-21,59,2,1,1,7.0,5616747.36,0.18245630688292164,1,0,0.0,,0
937,3246,1,3,ACTIVE,469703.73,18.1928,48,2025-07-13,35,1,1,1,9.0,2321391.24,0.20233716829223497,5,0,0.0,,0
938,3246,2,3,ACTIVE,4726053.66,13.1825,300,2025-06-02,35,1,1,1,9.0,2321391.24,2.0358712390075184,5,0,0.0,,0
939,3247,1,3,ACTIVE,617151.1,18.3336,12,2025-08-17,36,1,1,1,8.0,1317458.64,0.4684405880096547,4,0,0.0,,0
940,3251,1,3,ACTIVE,1000975.84,19.0623,36,2025-08-08,43,2,1,1,1.0,1656597.36,0.6042360468327681,4,0,0.0,,0
941,3252,2,3,ACTIVE,5951837.8,14.2889,120,2025-07-05,60,2,1,1,10.0,2539854.96,2.3433770407110175,5,0,0.0,,0
942,3253,2,3,ACTIVE,6673081.1,10.2291,120,2025-10-24,42,1,1,1,3.0,5926991.4,1.1258800038076655,2,0,0.0,,0
943,3259,1,3,ACTIVE,435356.4,22.0991,60,2025-06-17,19,2,1,3,,403316.76,1.0794403882447137,6,0,0.0,,0
945,3267,1,3,ACTIVE,464941.14,20.6964,36,2025-07-13,48,1,1,1,6.0,1680238.08,0.2767114646038733,5,0,0.0,,0
946,3268,1,3,ACTIVE,812078.99,24.9644,60,2025-10-19,45,1,1,2,9.0,3803243.16,0.21352276355635383,2,0,0.0,,0
947,3275,2,3,ACTIVE,4323572.83,10.5607,180,2025-09-21,33,1,1,1,10.0,2519577.84,1.715990973313212,3,0,0.0,,0
948,3281,1,3,ACTIVE,634436.17,21.6324,24,2025-06-28,65,2,1,1,8.0,885101.76,0.7167946090176117,6,0,0.0,,0
949,3281,2,3,ACTIVE,3317777.29,13.0495,240,2025-07-11,65,2,1,1,8.0,885101.76,3.7484698821523077,5,1,1624.7,10.0,1
950,3282,1,3,ACTIVE,1087845.31,16.2303,60,2025-06-17,64,1,1,1,11.0,5649513.36,0.1925555779197237,6,0,0.0,,0
951,3282,2,3,ACTIVE,8061226.09,10.7497,300,2025-06-08,64,1,1,1,11.0,5649513.36,1.426888578948329,6,0,0.0,,0
952,3299,2,3,ACTIVE,3131473.87,10.02,240,2025-09-24,63,1,1,1,5.0,1839601.8,1.7022563633064502,3,0,0.0,,0
954,3304,1,3,ACTIVE,610856.96,23.126,36,2025-07-20,64,2,1,1,5.0,2200584.0,0.27758856739847243,5,0,0.0,,0
955,3314,1,3,ACTIVE,692644.56,19.3055,24,2025-11-23,37,1,1,1,2.0,1900352.28,0.3644821895864487,1,0,0.0,,0
956,3316,1,3,ACTIVE,656092.93,20.7908,36,2025-07-10,49,2,1,1,9.0,2350218.6,0.27916251279774573,5,0,0.0,,0
957,3319,2,3,ACTIVE,9240784.02,12.2463,240,2025-09-03,63,1,1,1,4.0,2702113.8,3.4198352489817414,3,0,0.0,,0
958,3320,1,3,ACTIVE,1067819.43,18.6627,48,2025-09-17,43,2,1,1,6.0,2177360.52,0.4904192117895111,3,0,0.0,,0
959,3322,2,3,ACTIVE,6448570.33,14.6068,300,2025-03-13,45,1,1,2,7.0,2261901.72,2.8509507168154062,9,2,1815.49,12.5,1
960,3325,1,3,ACTIVE,1259117.44,23.3496,24,2025-03-02,66,1,1,2,10.0,3246669.48,0.387818177291025,9,2,1969.67,8.5,1
961,3328,1,3,ACTIVE,1000215.6,23.3642,24,2025-06-14,26,2,1,1,4.0,2166513.12,0.4616706867669465,6,1,1183.97,5.0,1
962,3340,1,3,ACTIVE,942764.75,18.8445,36,2025-07-02,43,2,1,1,12.0,2262766.8,0.41664247062490045,5,1,1687.24,6.0,1
963,3344,1,3,ACTIVE,1366055.95,18.0517,24,2025-06-28,51,2,1,1,3.0,5945466.0,0.22976431956721308,6,0,0.0,,0
964,3345,2,3,ACTIVE,6277933.42,12.694,180,2025-10-14,30,2,1,1,9.0,1130622.48,5.552634527486133,2,0,0.0,,0
965,3347,1,3,ACTIVE,850267.03,21.8205,60,2025-10-14,39,1,1,2,7.0,3961596.24,0.2146273821180727,2,0,0.0,,0
966,3349,1,3,ACTIVE,517960.47,24.4748,60,2025-07-02,42,1,1,1,8.0,3055337.4,0.16952643920766328,5,1,1374.61,6.0,1
967,3349,2,3,ACTIVE,3581712.05,13.1655,120,2025-04-29,42,1,1,1,8.0,3055337.4,1.1722803674644902,8,0,0.0,,0
968,3352,1,3,ACTIVE,108512.15,22.3119,60,2025-01-23,66,2,1,4,,527269.08,0.20580032874296364,11,0,0.0,,0
969,3369,2,3,ACTIVE,7210502.69,10.6079,240,2025-07-02,42,2,1,1,4.0,2173091.88,3.318084594748014,5,0,0.0,,0
970,3370,2,3,ACTIVE,9782001.11,12.2323,240,2025-04-29,48,1,1,1,7.0,3559478.16,2.7481559572204257,8,0,0.0,,0
972,3375,1,3,ACTIVE,523342.7,18.7491,36,2025-08-28,32,2,1,1,11.0,1259663.04,0.41546245573736923,4,0,0.0,,0
973,3382,1,3,ACTIVE,103483.26,22.5808,48,2025-05-24,57,2,2,1,12.0,1410676.2,0.07335720273724049,7,0,0.0,,0
974,3384,1,3,ACTIVE,794483.12,16.4547,48,2025-08-15,25,2,1,1,10.0,884043.6,0.8986922364462567,4,0,0.0,,0
975,3385,1,3,ACTIVE,116545.56,17.5844,12,2025-07-10,32,2,1,1,6.0,751423.08,0.15509978745928327,5,0,0.0,,0
977,3397,1,3,ACTIVE,336855.28,22.3688,60,2025-07-13,51,2,2,2,4.0,4308306.36,0.07818740169628977,5,0,0.0,,0
979,3400,2,3,ACTIVE,2946025.67,13.7395,180,2025-10-13,59,2,1,1,4.0,557205.24,5.287146384337664,2,0,0.0,,0
981,3404,2,3,ACTIVE,8688936.87,11.3669,120,2025-02-24,52,1,1,1,6.0,1698555.96,5.1154846084670655,10,0,0.0,,0
982,3408,1,3,ACTIVE,1117076.61,23.1051,24,2025-11-12,41,1,3,1,9.0,2393181.84,0.4667746475963565,1,1,706.26,10.0,1
984,3416,2,3,ACTIVE,9449015.54,11.1615,300,2025-05-04,55,2,1,1,3.0,1731679.8,5.456560468049578,7,0,0.0,,0
985,3417,1,3,ACTIVE,100915.73,24.424,36,2025-11-09,36,2,1,1,1.0,2037304.44,0.049533946924495975,1,0,0.0,,0
986,3420,1,3,ACTIVE,930706.49,20.2626,60,2025-05-01,35,2,3,1,12.0,1031996.04,0.9018508346214197,8,2,1813.86,10.5,1
987,3421,1,3,ACTIVE,1427070.52,22.2694,24,2025-03-27,50,2,1,1,2.0,5413220.04,0.2636269188126334,9,0,0.0,,0
988,3421,2,3,ACTIVE,5903795.19,13.3276,300,2025-03-29,50,2,1,1,2.0,5413220.04,1.090625384960335,9,0,0.0,,0
990,3434,1,3,ACTIVE,276732.47,22.1693,24,2025-11-01,38,1,1,1,9.0,1360434.24,0.20341480820124022,2,0,0.0,,0
991,3439,1,3,ACTIVE,111872.55,21.8545,48,2025-09-14,41,2,1,1,11.0,4081554.72,0.02740929809217405,3,0,0.0,,0
992,3440,1,3,ACTIVE,643411.62,17.4775,60,2025-08-04,42,1,3,1,1.0,1965483.48,0.3273553945108712,4,0,0.0,,0
993,3440,2,3,ACTIVE,5533642.3,14.1287,180,2025-08-16,42,1,3,1,1.0,1965483.48,2.8154102317868377,4,1,1648.2,14.0,1
994,3441,2,3,ACTIVE,2319985.36,10.2929,300,2025-10-24,43,1,1,1,5.0,3569658.24,0.6499180605031813,2,0,0.0,,0
995,3442,2,3,ACTIVE,7219184.83,14.1211,120,2025-09-21,57,2,1,1,4.0,1898274.48,3.803024750140454,3,0,0.0,,0
996,3445,1,3,ACTIVE,116853.4,23.562,24,2025-04-23,58,2,1,1,1.0,1602599.28,0.07291492106498389,8,0,0.0,,0
997,3451,1,3,ACTIVE,273279.5,23.7317,24,2025-04-25,28,1,1,1,2.0,1526407.08,0.17903448141763073,8,1,754.55,11.0,1
999,3454,1,3,ACTIVE,776945.83,16.5967,60,2025-05-30,47,1,1,1,8.0,1356219.96,0.5728759735994448,7,0,0.0,,0
1000,3454,2,3,ACTIVE,8070687.67,12.0503,120,2025-05-27,47,1,1,1,8.0,1356219.96,5.950869260175171,7,1,1474.15,5.0,1
1001,3455,2,3,ACTIVE,7931123.77,14.3496,180,2025-03-09,56,1,1,1,11.0,6075730.2,1.3053778737574622,9,0,0.0,,0
1002,3460,2,3,ACTIVE,8974329.96,12.9725,300,2025-09-01,40,2,1,1,3.0,2610455.28,3.4378409117968114,4,0,0.0,,0
1003,3461,2,3,ACTIVE,4399914.85,13.0817,240,2025-11-24,44,1,1,1,8.0,2530512.24,1.7387447412623462,1,0,0.0,,0
1005,3464,2,3,ACTIVE,9612066.71,13.6298,120,2025-06-23,46,1,1,1,7.0,429888.24,22.35945488995,6,0,0.0,,0
1006,3465,1,3,ACTIVE,292538.54,18.549,60,2025-06-30,42,1,1,1,12.0,999946.44,0.29255420920344494,6,0,0.0,,0
1007,3465,2,3,ACTIVE,5931632.96,14.8687,120,2025-03-14,42,1,1,1,12.0,999946.44,5.931950675278168,9,0,0.0,,0
1008,3466,2,3,ACTIVE,5448433.12,10.8668,180,2025-11-01,57,1,1,2,7.0,1032636.24,5.276236596151225,2,0,0.0,,0
1009,3467,1,3,ACTIVE,509787.86,20.2988,36,2025-08-17,32,1,1,1,2.0,1873002.84,0.2721767682957704,4,0,0.0,,0
1010,3471,1,3,ACTIVE,694993.43,17.7183,60,2025-10-18,44,2,1,2,1.0,3246404.52,0.21408097041461735,2,1,1461.82,11.0,1
1012,3488,1,3,ACTIVE,1173596.16,22.9271,60,2025-05-07,44,1,2,1,1.0,2753821.56,0.42617000935964783,7,0,0.0,,0
1013,3488,2,3,ACTIVE,3359004.04,14.1191,240,2025-05-11,44,1,2,1,1.0,2753821.56,1.2197609637423277,7,0,0.0,,0
1014,3490,2,3,ACTIVE,8244436.99,13.5013,180,2025-08-06,47,2,1,1,12.0,2337825.84,3.526540278979892,4,0,0.0,,0
1015,3491,1,3,ACTIVE,152556.76,22.0513,12,2025-05-07,25,1,1,1,6.0,1026730.08,0.14858506921312756,7,0,0.0,,0
1016,3494,1,3,ACTIVE,1199831.63,16.379,36,2025-06-03,47,2,1,1,5.0,2371970.04,0.5058375990280215,6,0,0.0,,0
1017,3501,2,3,ACTIVE,8788487.54,10.6021,120,2025-03-28,47,1,1,1,1.0,4964183.64,1.7703792158663978,9,0,0.0,,0
1018,3502,1,3,ACTIVE,538052.01,16.1755,24,2025-07-05,25,1,1,1,7.0,1441744.44,0.37319513436098284,5,0,0.0,,0
1019,3517,1,3,ACTIVE,668107.93,21.3854,60,2025-10-23,42,1,1,1,10.0,2179695.72,0.30651431017169684,2,0,0.0,,0
1020,3517,2,3,ACTIVE,3902841.44,12.1495,240,2025-11-18,42,1,1,1,10.0,2179695.72,1.790544159071891,1,0,0.0,,0
1021,3518,2,3,ACTIVE,9602554.58,13.9777,180,2025-11-06,29,2,1,1,3.0,3149152.44,3.049250477058519,1,0,0.0,,0
1022,3519,2,3,ACTIVE,4786937.64,12.6723,240,2025-11-08,48,2,1,2,7.0,2366393.16,2.022883483993843,1,0,0.0,,0
1023,3531,1,3,ACTIVE,1193022.16,20.6952,12,2025-10-27,41,2,1,1,8.0,1764117.6,0.6762713324780616,2,0,0.0,,0
1024,3531,2,3,ACTIVE,8665550.04,10.0904,120,2025-11-16,41,2,1,1,8.0,1764117.6,4.912115858942737,1,0,0.0,,0
1025,3532,2,3,ACTIVE,7261975.52,14.0547,300,2025-10-01,42,2,1,1,3.0,3684365.64,1.9710246564996192,3,0,0.0,,0
1026,3534,2,3,ACTIVE,2312090.27,11.2795,180,2025-04-14,36,1,1,1,6.0,1146513.36,2.016627411999804,8,2,2434.02,4.5,1
1027,3537,2,3,ACTIVE,9896436.45,10.7418,300,2025-07-25,27,2,1,1,4.0,1767458.04,5.599248313696884,5,1,702.16,16.0,1
1028,3539,1,3,ACTIVE,705760.72,24.233,24,2025-05-12,25,1,1,1,7.0,2485035.0,0.28400433796707086,7,1,420.07,17.0,1
1029,3543,1,3,ACTIVE,1105090.12,20.1555,60,2025-06-24,24,2,1,1,5.0,2637672.48,0.4189641164243409,6,0,0.0,,0
1031,3555,2,3,ACTIVE,8742262.63,11.9023,240,2025-07-18,45,2,1,1,12.0,1600945.56,5.460687014241758,5,0,0.0,,0
1032,3561,1,3,ACTIVE,212193.6,20.9577,12,2025-06-05,50,2,1,2,9.0,2663519.52,0.07966662095271598,6,1,1821.47,11.0,1
1033,3571,1,3,ACTIVE,922762.37,23.5682,12,2025-08-29,34,2,1,1,4.0,1521028.32,0.6066700783059713,4,0,0.0,,0
1034,3571,2,3,ACTIVE,2347759.03,13.5189,240,2025-10-13,34,2,1,1,4.0,1521028.32,1.5435340677943459,2,0,0.0,,0
1036,3576,1,3,ACTIVE,589559.51,21.2038,36,2025-06-27,43,1,1,1,9.0,1704154.44,0.34595427278292923,6,1,1238.82,7.0,1
1037,3580,1,3,ACTIVE,461808.44,21.8227,36,2025-10-07,60,2,1,1,5.0,3022235.76,0.15280357876514572,2,0,0.0,,0
1038,3587,1,3,ACTIVE,475938.06,19.5127,24,2025-06-01,36,1,3,2,4.0,2303397.48,0.2066243729675349,6,0,0.0,,0
1039,3588,1,3,ACTIVE,619869.63,18.7319,12,2025-07-14,24,1,2,1,7.0,730796.16,0.8482113945426314,5,0,0.0,,0
1040,3596,1,3,ACTIVE,1325681.51,22.8682,36,2025-05-09,46,2,2,2,11.0,4405902.12,0.300887644321976,6,0,0.0,,0
1041,3596,2,3,ACTIVE,4974032.76,14.7114,240,2025-04-19,46,2,2,2,11.0,4405902.12,1.1289476308202688,8,0,0.0,,0
1042,3597,1,3,ACTIVE,140241.25,23.3905,48,2025-06-26,57,1,2,1,6.0,1788197.4,0.0784260451334959,6,1,435.36,3.0,1
1043,3597,2,3,ACTIVE,5611066.39,12.0035,240,2025-07-07,57,1,2,1,6.0,1788197.4,3.1378338823219405,5,0,0.0,,0
1044,3599,2,3,ACTIVE,3779963.54,14.0509,180,2025-03-26,30,2,1,1,3.0,1939547.16,1.9488897294974772,9,0,0.0,,0
1046,3602,2,3,ACTIVE,4470150.98,12.7537,120,2025-04-16,38,2,1,1,8.0,6055963.32,0.7381403657510924,8,0,0.0,,0
1047,3607,2,3,ACTIVE,5795180.12,14.0607,240,2025-03-25,54,2,1,1,1.0,1885728.24,3.073178837264483,9,0,0.0,,0
1048,3612,1,3,ACTIVE,1088802.83,17.3022,60,2025-07-03,29,1,1,1,7.0,831738.72,1.3090683454053937,5,0,0.0,,0
1049,3617,2,3,ACTIVE,6067252.52,13.6593,180,2025-07-20,65,2,1,1,8.0,2660856.12,2.280188122310048,5,0,0.0,,0
1050,3620,1,3,ACTIVE,677836.74,24.6661,12,2025-10-19,50,1,1,1,12.0,1659580.44,0.4084386171724222,2,0,0.0,,0
1053,3629,1,3,ACTIVE,801538.87,22.1121,36,2025-11-07,47,2,1,1,5.0,1527679.08,0.5246775193124985,1,0,0.0,,0
1054,3634,1,3,ACTIVE,979566.48,18.9863,12,2025-07-13,33,1,1,1,5.0,1831562.76,0.5348255060612829,5,0,0.0,,0
1055,3637,2,3,ACTIVE,6675872.52,10.2828,180,2025-05-11,53,1,1,1,9.0,4114097.76,1.6226820336909058,7,0,0.0,,0
1056,3639,1,3,ACTIVE,230246.85,18.7942,48,2025-07-04,26,2,1,3,,514249.56,0.44773368401131936,5,0,0.0,,0
1057,3641,1,3,ACTIVE,928505.56,24.141,36,2025-08-08,62,1,1,1,1.0,1374926.04,0.6753130953865708,4,2,2324.39,9.5,1
1058,3641,2,3,ACTIVE,2744377.28,12.7267,300,2025-09-23,62,1,1,1,1.0,1374926.04,1.9960181130906502,3,0,0.0,,0
1059,3648,2,3,ACTIVE,9874880.05,12.0203,300,2025-03-31,28,2,1,1,6.0,1319280.0,7.4850524907525315,9,0,0.0,,0
1060,3650,1,3,ACTIVE,326449.47,21.2577,12,2025-04-11,65,1,1,2,3.0,5478489.36,0.05958749730965983,8,0,0.0,,0
1061,3651,1,3,ACTIVE,408083.93,23.084,12,2025-09-22,29,1,1,1,7.0,715737.6,0.5701585748743674,3,0,0.0,,0
1062,3659,2,3,ACTIVE,8649847.7,14.3744,300,2025-09-24,56,2,2,1,1.0,2001708.24,4.321232998471346,3,0,0.0,,0
1063,3688,2,3,ACTIVE,4117502.24,12.7338,300,2025-08-30,55,2,1,1,12.0,2781048.0,1.4805577753422452,4,0,0.0,,0
1064,3692,1,3,ACTIVE,187359.61,17.0402,36,2025-08-03,28,1,1,1,8.0,1961506.32,0.09551822907203276,4,0,0.0,,0
1065,3695,1,3,ACTIVE,125119.92,17.6671,24,2025-07-16,60,2,1,1,3.0,2266694.16,0.0551992951709021,5,0,0.0,,0
1068,3700,1,3,ACTIVE,1494629.14,24.501,48,2025-06-22,51,1,1,1,6.0,3890465.04,0.38417750182379223,6,0,0.0,,0
1069,3701,1,3,ACTIVE,762910.22,22.2314,48,2025-06-01,62,1,1,1,4.0,2008305.0,0.3798776679836977,7,0,0.0,,0
1070,3703,1,3,ACTIVE,1048583.87,16.2054,24,2025-09-21,51,1,1,1,6.0,4546862.52,0.23061701676434238,3,0,0.0,,0
1071,3710,2,3,ACTIVE,5086605.91,13.2788,300,2025-04-27,60,1,2,1,9.0,1315483.32,3.8667201876797646,8,0,0.0,,0
1072,3712,1,3,ACTIVE,408903.96,17.9042,60,2025-07-08,38,2,1,1,10.0,1503113.76,0.2720379327776229,5,0,0.0,,0
1073,3712,2,3,ACTIVE,9907624.39,11.6762,300,2025-06-02,38,2,1,1,10.0,1503113.76,6.591400234404081,6,2,3056.47,11.0,1
1074,3715,2,3,ACTIVE,9021106.54,14.9545,300,2025-11-04,37,1,1,2,2.0,3498209.28,2.578778402874742,1,0,0.0,,0
1075,3716,1,3,ACTIVE,403795.69,21.8199,36,2025-07-08,26,1,1,1,7.0,1772395.92,0.2278247684072755,5,0,0.0,,0
1076,3716,2,3,ACTIVE,3430400.64,11.759,300,2025-06-03,26,1,1,1,7.0,1772395.92,1.9354595670700936,6,0,0.0,,0
1077,3717,1,3,ACTIVE,325756.59,21.5895,12,2025-04-25,55,1,1,1,3.0,1808707.44,0.18010463317384265,7,1,1953.23,10.0,1
1078,3720,1,3,ACTIVE,1100429.83,17.6133,48,2025-06-21,62,1,1,1,7.0,1300288.2,0.8462968671099222,6,0,0.0,,0
1079,3724,1,3,ACTIVE,227979.68,19.1372,60,2025-05-12,32,1,1,1,4.0,1420427.88,0.1605007077163256,7,1,556.17,13.0,1
1080,3725,1,3,ACTIVE,504839.45,18.1716,36,2025-11-11,31,1,1,1,7.0,1220121.0,0.41376179083877745,1,0,0.0,,0
1081,3727,1,3,ACTIVE,309794.4,20.9875,48,2025-06-01,44,2,1,1,3.0,2081172.36,0.14885571515085852,7,0,0.0,,0
1083,3735,2,3,ACTIVE,8166001.79,14.3555,120,2025-10-19,25,2,1,1,12.0,387693.24,21.06304920354041,1,1,621.6,20.0,1
1084,3742,1,3,ACTIVE,653905.03,20.6785,24,2025-06-30,42,2,1,1,12.0,3781746.36,0.17291086385814622,6,0,0.0,,0
1085,3744,2,3,ACTIVE,8332271.44,14.295,300,2025-09-06,40,2,1,1,5.0,6257414.64,1.3315837161783481,3,0,0.0,,0
1086,3748,1,3,ACTIVE,1163648.17,20.5723,36,2025-07-18,34,2,1,1,7.0,4863587.76,0.23925715488682783,5,0,0.0,,0
1087,3752,1,3,ACTIVE,833618.0,20.0522,36,2025-07-15,46,1,1,1,7.0,2264310.12,0.3681554009041836,5,0,0.0,,0
1088,3758,2,3,ACTIVE,2824450.28,12.9611,120,2025-07-17,28,2,2,1,12.0,1822810.56,1.5495029170776804,5,0,0.0,,0
1089,3761,1,3,ACTIVE,603427.43,23.8263,60,2025-06-27,25,2,1,1,7.0,1235788.44,0.4882934735981185,6,0,0.0,,0
1090,3769,1,3,ACTIVE,389572.72,23.3697,36,2025-07-02,52,2,1,1,9.0,5368856.04,0.07256158799892128,5,0,0.0,,0
1091,3773,1,3,ACTIVE,585253.23,16.9588,36,2025-07-05,41,1,1,1,11.0,876274.2,0.6678882363534154,5,0,0.0,,0
1093,3780,2,3,ACTIVE,8897828.49,14.9371,300,2025-11-12,44,2,1,1,8.0,4946235.24,1.798909283174328,1,0,0.0,,0
1094,3783,1,3,ACTIVE,961810.8,19.9572,60,2025-11-05,62,1,1,1,10.0,5487695.16,0.17526680545425924,1,0,0.0,,0
1096,3790,1,3,ACTIVE,287476.34,17.0395,36,2025-08-07,79,2,1,4,,599041.68,0.4798937195822501,3,0,0.0,,0
1097,3794,1,3,ACTIVE,734268.18,18.1388,48,2025-05-03,26,1,1,1,12.0,1237901.52,0.5931555686271393,7,0,0.0,,0
1098,3794,2,3,ACTIVE,7687730.16,10.7517,300,2025-04-10,26,1,1,1,12.0,1237901.52,6.210292204827408,8,2,2599.19,14.0,1
1099,3796,1,3,ACTIVE,602433.28,23.7806,36,2025-07-15,28,2,1,1,9.0,2700318.72,0.223097101663614,5,0,0.0,,0
1102,3803,2,3,ACTIVE,9806509.07,12.4714,300,2025-04-14,35,2,3,1,3.0,1782694.32,5.500948177138972,8,0,0.0,,0
1103,3818,1,3,ACTIVE,446870.78,17.0276,48,2025-10-11,38,1,1,1,7.0,1572552.6,0.28416905100662454,2,0,0.0,,0
1104,3820,1,3,ACTIVE,727505.86,24.7831,48,2025-06-21,44,2,1,1,1.0,1188639.48,0.6120492144514668,6,0,0.0,,0
1105,3822,2,3,ACTIVE,5018608.74,12.6141,240,2025-08-05,26,1,1,1,3.0,2171210.4,2.311433631673835,4,0,0.0,,0
1106,3824,2,3,ACTIVE,2564703.46,11.3993,300,2025-10-24,53,2,1,1,3.0,3546396.36,0.7231857919005985,2,0,0.0,,0
1107,3825,1,3,ACTIVE,536058.43,19.8129,36,2025-09-15,31,1,1,1,2.0,1693824.24,0.31647819020466966,3,0,0.0,,0
1108,3831,1,3,ACTIVE,302468.81,18.5003,12,2025-07-24,44,1,1,2,11.0,2301449.04,0.13142537798707896,5,0,0.0,,0
1109,3836,1,3,ACTIVE,721685.17,20.6062,48,2025-10-31,63,1,1,1,6.0,2703348.84,0.2669596906331926,2,0,0.0,,0
1111,3841,2,3,ACTIVE,9015015.0,12.9725,240,2025-03-18,45,1,1,1,5.0,1597157.88,5.644410682806136,9,0,0.0,,0
1112,3847,2,3,ACTIVE,8642700.58,10.6334,240,2025-10-09,48,1,1,1,9.0,1031062.56,8.382324133658777,2,1,805.41,5.0,1
1114,3863,2,3,ACTIVE,3050024.81,13.8523,120,2025-09-28,51,1,1,1,2.0,2038851.12,1.495952686334449,3,0,0.0,,0
1115,3867,2,3,ACTIVE,2883734.32,13.3636,300,2025-05-10,40,2,1,1,2.0,2008423.8,1.4358196312949487,7,0,0.0,,0
1116,3870,1,3,ACTIVE,860913.86,16.9458,24,2025-08-11,48,1,1,1,7.0,1650507.12,0.5216056626281018,4,0,0.0,,0
1117,3874,2,3,ACTIVE,5810223.69,13.3184,240,2025-06-22,64,2,1,1,8.0,3386312.88,1.7157964712345186,6,0,0.0,,0
1118,3880,1,3,ACTIVE,270408.67,19.2406,60,2025-05-12,46,1,1,1,4.0,2057169.84,0.13144693488214856,7,0,0.0,,0
1119,3882,1,3,ACTIVE,842101.52,18.4103,48,2025-07-22,51,2,1,1,4.0,1263459.72,0.6665044454286204,5,0,0.0,,0
1120,3882,2,3,ACTIVE,6991164.28,11.6544,240,2025-08-07,51,2,1,1,4.0,1263459.72,5.533349555457138,4,0,0.0,,0
1121,3883,1,3,ACTIVE,132201.59,19.6665,48,2025-07-04,53,1,1,1,7.0,1194974.28,0.11063132672612837,5,0,0.0,,0
1122,3883,2,3,ACTIVE,7331539.9,10.5224,240,2025-07-05,53,1,1,1,7.0,1194974.28,6.135311883030654,4,0,0.0,,0
1123,3886,2,3,ACTIVE,3325331.53,10.9749,120,2025-08-18,37,1,1,2,11.0,569074.68,5.843400957498232,4,0,0.0,,0
1124,3889,1,3,ACTIVE,330021.26,23.9459,36,2025-10-25,32,2,1,1,12.0,1383591.12,0.2385251359520145,2,0,0.0,,0
1125,3891,1,3,ACTIVE,166413.78,23.8953,36,2025-07-21,39,2,1,1,4.0,1466193.36,0.11350056857439321,5,1,1929.49,12.0,1
1126,3893,2,3,ACTIVE,8314309.54,10.1005,120,2025-03-09,51,2,1,1,12.0,3010800.84,2.7614943604174096,9,0,0.0,,0
1129,3907,2,3,ACTIVE,5595686.36,13.5828,120,2025-07-04,39,1,1,1,11.0,2259954.36,2.4760174183340586,5,0,0.0,,0
1131,3917,1,3,ACTIVE,801724.76,22.2156,48,2025-09-27,56,2,1,1,6.0,1897359.24,0.42254768791175257,3,0,0.0,,0
1133,3923,1,3,ACTIVE,890757.2,22.7911,24,2025-05-28,47,1,1,1,10.0,2345853.48,0.37971561633934614,7,0,0.0,,0
1134,3927,2,3,ACTIVE,5119581.02,12.1077,120,2025-09-14,24,2,1,1,9.0,1417921.8,3.6106229694754677,3,0,0.0,,0
1135,3929,1,3,ACTIVE,1205873.31,21.239,12,2025-06-25,40,1,1,1,2.0,3162894.72,0.3812562278392877,6,0,0.0,,0
1136,3941,1,3,ACTIVE,712769.3,24.7018,24,2025-04-14,35,2,1,1,8.0,1335808.68,0.5335863665745906,8,0,0.0,,0
1137,3944,1,3,ACTIVE,661414.48,22.2783,12,2025-07-06,46,2,1,1,10.0,2523236.4,0.2621294144298172,5,1,857.09,8.0,1
1139,3952,1,3,ACTIVE,1194152.86,19.9085,24,2025-04-30,39,2,1,1,12.0,4154613.36,0.28742815673225486,8,1,918.87,11.0,1
1140,3955,2,3,ACTIVE,2463737.98,14.0961,300,2025-09-03,25,1,1,1,4.0,1501588.08,1.6407548866530692,3,0,0.0,,0
1141,3967,1,3,ACTIVE,813979.6,16.433,36,2025-11-06,58,1,1,1,1.0,2274640.56,0.35784976945983943,1,0,0.0,,0
1143,3972,2,3,ACTIVE,2574896.36,14.2482,180,2025-03-18,42,2,1,2,3.0,1078668.84,2.387105536486991,9,1,1801.27,5.0,1
1144,3976,1,3,ACTIVE,696217.79,18.7526,48,2025-10-02,52,2,1,1,2.0,2318564.76,0.30027963937483465,2,0,0.0,,0
1145,3978,2,3,ACTIVE,2621599.97,12.3002,240,2025-04-27,38,1,1,1,4.0,5759729.16,0.45516028569648925,8,0,0.0,,0
1146,3981,2,3,ACTIVE,2737038.98,11.8953,120,2025-02-21,27,1,1,1,1.0,1165530.48,2.348320380261527,10,3,3611.85,12.333333333333334,1
1147,3983,1,3,ACTIVE,793399.14,22.0739,60,2025-07-11,56,1,1,1,3.0,1080477.84,0.734303944632497,5,0,0.0,,0
1148,3988,1,3,ACTIVE,980436.21,17.9218,60,2025-07-09,62,2,1,1,10.0,852686.16,1.1498207148102415,5,0,0.0,,0
1149,4000,1,3,ACTIVE,627038.27,17.4807,48,2025-04-22,25,1,1,1,11.0,1287452.4,0.4870380217552121,8,0,0.0,,0
1150,4002,1,3,ACTIVE,350463.93,23.3564,12,2025-04-27,78,1,1,4,,639168.36,0.5483123883040769,8,0,0.0,,0
1151,4005,1,3,ACTIVE,936800.79,22.7537,12,2025-07-09,57,1,1,1,5.0,2832483.0,0.330734832300847,5,0,0.0,,0
1152,4010,1,3,ACTIVE,265606.09,20.6611,24,2025-04-04,19,1,1,3,,840402.48,0.3160462948657648,8,0,0.0,,0
1153,4011,2,3,ACTIVE,2716013.6,11.8464,120,2025-10-17,52,1,1,1,1.0,6446767.92,0.42129849153930765,2,0,0.0,,0
1154,4018,2,3,ACTIVE,5755436.14,13.5825,300,2025-05-04,32,1,1,1,5.0,1500291.0,3.8362132013056134,7,0,0.0,,0
1155,4027,1,3,ACTIVE,363031.7,21.1847,36,2025-06-21,24,2,1,1,6.0,1055044.92,0.3440912259925388,6,0,0.0,,0
1156,4030,2,3,ACTIVE,3878937.58,13.3866,120,2025-11-03,46,1,1,1,8.0,1515209.88,2.5600001895446987,1,0,0.0,,0
1158,4046,2,3,ACTIVE,4539094.29,14.7816,120,2025-02-16,56,1,1,1,1.0,2195323.68,2.0676196095147117,10,1,1718.39,16.0,1
1159,4052,1,3,ACTIVE,345549.91,17.2459,12,2025-08-07,47,1,1,1,7.0,4279486.92,0.08074563994694953,4,0,0.0,,0
1160,4057,1,3,ACTIVE,974891.53,24.8158,24,2025-10-10,45,2,1,1,6.0,2414185.8,0.40381793729380727,2,0,0.0,,0
1161,4063,1,3,ACTIVE,1090560.18,16.0179,60,2025-04-28,59,1,1,1,7.0,1063382.76,1.0255575142105935,8,0,0.0,,0
1162,4070,1,3,ACTIVE,374124.63,18.4839,60,2025-11-20,18,2,1,3,,492173.16,0.7601483794849764,1,0,0.0,,0
1163,4071,1,3,ACTIVE,767219.45,24.0778,24,2025-09-04,44,2,1,1,8.0,565680.24,1.3562776207279221,3,0,0.0,,0
1164,4075,2,3,ACTIVE,6067832.46,11.1721,180,2025-03-10,45,2,1,1,9.0,4863548.04,1.2476143774247577,9,0,0.0,,0
1165,4076,2,3,ACTIVE,8343191.71,14.4389,240,2025-08-10,64,1,1,1,3.0,977939.52,8.5313984549883,4,0,0.0,,0
1167,4087,2,3,ACTIVE,8867001.14,13.3989,240,2025-10-19,51,1,2,1,8.0,1877214.96,4.723487362363658,2,1,893.11,18.0,1
1168,4091,1,3,ACTIVE,1124465.59,24.7601,12,2025-07-16,65,1,2,1,10.0,2854677.84,0.3939027985028251,5,0,0.0,,0
1169,4093,1,3,ACTIVE,135035.97,18.369,60,2025-06-27,52,2,1,1,8.0,2629473.0,0.05135476576485098,6,0,0.0,,0
1170,4094,1,3,ACTIVE,1076914.38,18.4494,48,2025-09-01,41,2,1,2,4.0,3357045.24,0.32079233463055745,4,0,0.0,,0
1171,4094,2,3,ACTIVE,4664894.63,11.4025,120,2025-09-28,41,2,1,2,4.0,3357045.24,1.3895834868165196,3,0,0.0,,0
1172,4097,1,3,ACTIVE,514130.97,20.4867,36,2025-09-26,38,1,1,1,9.0,1927560.72,0.2667262123913793,3,0,0.0,,0
1173,4101,1,3,ACTIVE,487974.96,16.4229,24,2025-06-16,54,2,1,1,9.0,2667034.68,0.18296535986551177,6,0,0.0,,0
1174,4101,2,3,ACTIVE,6861293.69,14.1104,180,2025-06-19,54,2,1,1,9.0,2667034.68,2.5726300979333345,6,0,0.0,,0
1176,4103,1,3,ACTIVE,863554.69,17.4079,48,2025-06-09,40,2,1,1,9.0,2451141.96,0.35230708954939516,6,1,812.82,14.0,1
1177,4103,2,3,ACTIVE,9293309.08,14.8044,240,2025-05-23,40,2,1,1,9.0,2451141.96,3.79142017543529,7,0,0.0,,0
1179,4108,2,3,ACTIVE,5941514.76,12.2736,300,2025-08-02,48,2,2,1,7.0,2477440.08,2.3982476137223063,4,1,1330.87,15.0,1
1180,4111,1,3,ACTIVE,629625.1,19.4535,48,2025-10-02,35,2,1,1,9.0,2101710.84,0.29957741475035643,2,0,0.0,,0
1181,4115,1,3,ACTIVE,573386.12,24.0001,12,2025-04-06,49,2,1,1,12.0,3077699.52,0.18630347643554235,8,0,0.0,,0
1182,4115,2,3,ACTIVE,3541349.55,12.7319,240,2025-02-25,49,2,1,1,12.0,3077699.52,1.1506482445693724,10,0,0.0,,0
1184,4119,2,3,ACTIVE,6097403.22,13.0539,120,2025-11-21,39,2,1,2,8.0,2805694.08,2.1732245377229438,1,0,0.0,,0
1185,4122,1,3,ACTIVE,422538.82,22.4012,36,2025-08-15,32,2,2,1,11.0,2267256.48,0.18636569074884726,4,0,0.0,,0
1187,4127,1,3,ACTIVE,464877.15,24.8691,48,2025-09-13,57,1,2,1,1.0,2164574.04,0.21476611167340803,3,0,0.0,,0
1188,4130,2,3,ACTIVE,2964474.76,13.7529,300,2025-02-22,28,1,1,1,5.0,1765577.52,1.6790397059427897,10,0,0.0,,0
1189,4132,1,3,ACTIVE,804365.09,19.707,12,2025-08-20,51,1,1,1,3.0,1040172.96,0.7732993655209034,4,0,0.0,,0
1190,4133,1,3,ACTIVE,574411.03,22.1422,60,2025-06-25,44,1,2,1,12.0,1681190.28,0.3416692547139875,6,0,0.0,,0
1191,4136,1,3,ACTIVE,312332.6,18.737,24,2025-07-25,41,1,1,1,12.0,1639190.04,0.190540811241142,5,1,582.12,15.0,1
1193,4146,1,3,ACTIVE,639121.26,23.9142,12,2025-08-15,41,1,1,2,2.0,1501501.56,0.4256547425764912,3,0,0.0,,0
1196,4153,2,3,ACTIVE,7884605.54,12.1,180,2025-08-04,52,1,1,1,8.0,1564673.52,5.039137838799752,4,0,0.0,,0
1197,4154,1,3,ACTIVE,935923.0,24.6203,12,2025-07-01,36,1,2,1,9.0,1345617.24,0.6955343408055622,6,0,0.0,,0
1198,4158,1,3,ACTIVE,761348.18,20.958,48,2025-06-27,49,1,1,1,11.0,755592.6,1.0076173059397353,6,0,0.0,,0
1199,4159,2,3,ACTIVE,6395091.31,11.4101,180,2025-04-22,25,1,1,1,11.0,1812463.56,3.528397177816916,8,0,0.0,,0
1200,4161,1,3,ACTIVE,984377.52,19.1915,24,2025-06-16,27,2,1,1,4.0,1904462.28,0.5168795046967273,6,1,659.73,6.0,1
1201,4165,1,3,ACTIVE,497358.68,21.5484,12,2025-11-13,33,1,1,1,11.0,2119857.96,0.23461887040771354,1,0,0.0,,0
1203,4171,1,3,ACTIVE,324166.07,18.0821,48,2025-07-02,31,2,1,3,,564961.08,0.5737847817764721,5,0,0.0,,0
1204,4172,1,3,ACTIVE,661023.87,18.5942,36,2025-03-27,27,1,3,1,10.0,1888289.04,0.3500649826363447,9,2,2037.9,16.0,1
1205,4174,2,3,ACTIVE,7308682.67,11.1587,240,2025-10-27,46,2,1,1,2.0,2013623.4,3.6296174696817687,1,0,0.0,,0
1206,4175,2,3,ACTIVE,5064478.52,14.528,180,2025-06-24,52,1,1,1,8.0,4249351.44,1.1918238798342364,6,0,0.0,,0
1207,4176,1,3,ACTIVE,290369.02,19.7834,48,2025-07-08,58,1,1,1,12.0,892329.96,0.3254054363477833,5,0,0.0,,0
1208,4176,2,3,ACTIVE,4394825.29,10.7363,300,2025-07-10,58,1,1,1,12.0,892329.96,4.925112331765707,5,0,0.0,,0
1209,4181,2,3,ACTIVE,5683740.12,12.4554,240,2025-03-18,65,2,1,1,4.0,2537850.24,2.2395884636596994,9,1,1358.79,6.0,1
1210,4196,1,3,ACTIVE,818683.72,23.0919,24,2025-06-26,61,1,1,1,2.0,1076675.76,0.7603809339963221,6,0,0.0,,0
1211,4199,2,3,ACTIVE,9800573.37,10.531,180,2025-11-16,41,2,1,1,12.0,2824859.16,3.4694024781044304,1,0,0.0,,0
1212,4205,1,3,ACTIVE,703351.27,22.9565,48,2025-07-18,64,2,1,1,7.0,1709053.32,0.4115443689024284,5,0,0.0,,0
1213,4212,2,3,ACTIVE,4523485.46,10.9135,240,2025-02-25,56,1,2,2,3.0,1770837.0,2.5544335588199254,10,1,1809.55,14.0,1
1215,4221,1,3,ACTIVE,611199.19,20.1289,60,2025-09-29,58,1,1,1,10.0,1647098.04,0.37107638717122143,3,0,0.0,,0
1216,4228,1,3,ACTIVE,856914.86,18.3276,36,2025-10-28,56,2,1,1,7.0,4628941.68,0.18512111822501942,2,0,0.0,,0
1217,4234,1,3,ACTIVE,1079259.82,24.1172,48,2025-05-14,46,1,1,1,5.0,1835113.32,0.5881161714852574,7,0,0.0,,0
1218,4234,2,3,ACTIVE,8227419.67,11.6272,120,2025-04-22,46,1,1,1,5.0,1835113.32,4.483330582549529,8,0,0.0,,0
1219,4241,1,3,ACTIVE,692281.58,16.2126,48,2025-07-06,46,1,1,2,10.0,1115565.6,0.6205655498878775,5,0,0.0,,0
1220,4241,2,3,ACTIVE,8510912.3,11.9158,300,2025-08-10,46,1,1,2,10.0,1115565.6,7.6292351610698645,4,2,1390.06,14.0,1
1221,4246,1,3,ACTIVE,1290258.42,19.2917,48,2025-07-16,54,2,2,1,7.0,3613956.96,0.3570209701667283,5,0,0.0,,0
1222,4246,2,3,ACTIVE,7958890.37,13.7812,180,2025-07-31,54,2,2,1,7.0,3613956.96,2.2022648465630867,5,0,0.0,,0
1223,4248,1,3,ACTIVE,852438.4,24.4594,12,2025-08-18,31,2,1,1,8.0,1556790.96,0.5475612474008713,4,0,0.0,,0
1224,4252,1,3,ACTIVE,359006.32,16.8654,48,2025-05-06,27,2,1,1,10.0,860829.24,0.41704707893054377,7,0,0.0,,0
1225,4257,1,3,ACTIVE,582584.7,23.5336,48,2025-05-24,56,1,1,1,2.0,1793496.48,0.3248318056358828,7,0,0.0,,0
1226,4260,1,3,ACTIVE,847882.46,20.8687,36,2025-05-13,41,2,1,1,3.0,1772567.52,0.47833577589191073,7,0,0.0,,0
1227,4261,1,3,ACTIVE,1130549.25,22.159,12,2025-05-04,60,1,1,1,4.0,1886751.0,0.5992042670177464,7,0,0.0,,0
1228,4274,2,3,ACTIVE,4437419.9,12.2255,120,2025-06-09,45,1,1,1,4.0,1560452.28,2.843675488749967,6,0,0.0,,0
1229,4279,1,3,ACTIVE,1273433.62,21.6309,60,2025-10-28,44,1,1,2,6.0,2498814.12,0.5096151849822267,2,0,0.0,,0
1230,4286,1,3,ACTIVE,898826.37,20.3991,48,2025-10-21,33,2,1,1,9.0,5592202.2,0.1607285176490936,2,0,0.0,,0
1231,4292,2,3,ACTIVE,7054633.37,13.6759,120,2025-02-27,34,2,1,2,3.0,5582843.88,1.2636271981870286,10,0,0.0,,0
1232,4294,1,3,ACTIVE,914799.76,19.6159,12,2025-05-26,45,1,2,1,10.0,1806415.44,0.5064171506417151,7,0,0.0,,0
1233,4295,1,3,ACTIVE,705493.15,18.2013,48,2025-07-05,30,2,1,1,4.0,1482366.24,0.47592364893577177,5,0,0.0,,0
1234,4301,1,3,ACTIVE,305137.69,19.3999,60,2025-10-02,47,1,1,1,1.0,1898817.0,0.16069884038324914,2,0,0.0,,0
1235,4304,1,3,ACTIVE,1119111.76,17.7693,36,2025-01-22,34,1,1,1,2.0,1927516.92,0.5805976323154662,11,3,1862.21,16.666666666666668,1
1236,4304,2,3,ACTIVE,5164900.63,10.2583,300,2025-02-13,34,1,1,1,2.0,1927516.92,2.6795617596965116,10,2,3476.85,11.5,1
1237,4306,1,3,ACTIVE,476418.29,19.4961,36,2025-06-06,37,2,1,1,6.0,1678064.4,0.28390941968615746,6,0,0.0,,0
1239,4312,1,3,ACTIVE,591203.3,23.0951,36,2025-08-07,55,2,1,1,1.0,2215783.08,0.26681461075151813,3,0,0.0,,0
1241,4318,1,3,ACTIVE,838965.04,21.714,60,2025-04-13,54,2,3,1,1.0,2678644.2,0.3132051057770196,8,1,1563.79,4.0,1
1242,4323,1,3,ACTIVE,374229.11,17.622,24,2025-03-01,61,2,3,1,7.0,0.0,,10,0,0.0,,0
1243,4325,1,3,ACTIVE,917041.25,20.5761,12,2025-10-17,52,2,1,1,3.0,1462005.36,0.6272488973638236,2,0,0.0,,0
1244,4326,1,3,ACTIVE,609234.04,21.2376,24,2025-09-20,31,1,1,1,5.0,1271742.36,0.4790546097717465,3,0,0.0,,0
1245,4327,1,3,ACTIVE,817515.23,20.5217,36,2025-09-11,25,2,1,1,2.0,1866011.28,0.4381084073618247,3,0,0.0,,0
1246,4335,1,3,ACTIVE,1149955.38,20.6864,36,2025-06-12,53,2,1,1,12.0,1553383.32,0.7402907995690337,6,0,0.0,,0
1247,4335,2,3,ACTIVE,7460751.64,12.8982,120,2025-06-02,53,2,1,1,12.0,1553383.32,4.802904437006572,6,1,1944.13,6.0,1
1248,4343,1,3,ACTIVE,228997.32,19.326,36,2025-05-27,66,1,1,1,11.0,1556863.2,0.14708891571205485,7,0,0.0,,0
1249,4344,2,3,ACTIVE,2825286.62,13.1458,120,2025-07-05,49,1,1,1,11.0,1391757.84,2.0300130804364644,5,0,0.0,,0
1250,4347,1,3,ACTIVE,152707.12,16.1957,60,2025-06-09,71,2,1,4,,405848.64,0.3762661863299579,6,0,0.0,,0
1251,4352,2,3,ACTIVE,6041277.24,13.0448,240,2025-11-02,37,2,1,1,6.0,822995.4,7.340596606007761,1,0,0.0,,0
1253,4356,1,3,ACTIVE,582132.32,21.969,60,2025-06-18,53,1,1,1,6.0,1932276.84,0.3012675554295833,6,1,1910.78,9.0,1
1254,4375,2,3,ACTIVE,5455526.09,14.2083,240,2025-06-01,52,2,1,1,11.0,2259859.2,2.414099997911374,7,0,0.0,,0
1255,4376,1,3,ACTIVE,327983.6,20.3324,24,2025-05-22,35,2,1,1,3.0,1308772.56,0.25060397048666727,7,0,0.0,,0
1256,4377,1,3,ACTIVE,720896.9,23.7627,24,2025-06-22,43,2,1,1,8.0,1556296.44,0.46321310096937574,5,0,0.0,,0
1258,4395,2,3,ACTIVE,2300617.26,12.5911,300,2025-10-30,56,1,1,1,7.0,5725774.44,0.40180019036865866,2,0,0.0,,0
1259,4398,1,3,ACTIVE,920281.89,18.3944,60,2025-09-30,33,1,1,1,3.0,2212675.08,0.41591370478127315,3,0,0.0,,0
1260,4399,2,3,ACTIVE,9237219.44,13.9393,120,2025-07-08,29,2,1,1,1.0,2045744.76,4.515333300914822,5,0,0.0,,0
1262,4407,1,3,ACTIVE,219781.88,23.9586,60,2025-06-30,21,1,1,3,,744686.88,0.2951332780295525,6,0,0.0,,0
1263,4409,1,3,ACTIVE,229459.1,20.6131,60,2025-09-17,60,2,1,1,10.0,2050695.72,0.11189329443765553,3,0,0.0,,0
1264,4411,2,3,ACTIVE,4531740.53,12.2234,120,2025-11-08,46,1,1,2,10.0,3326934.36,1.3621370425835513,1,0,0.0,,0
1265,4414,2,3,ACTIVE,4316510.55,12.4655,240,2025-10-06,33,2,1,1,7.0,4769338.08,0.9050544284333897,2,0,0.0,,0
1266,4417,1,3,ACTIVE,1366009.82,20.539,24,2025-09-13,61,1,1,1,9.0,3841477.92,0.3555948643849032,3,0,0.0,,0
1269,4424,1,3,ACTIVE,775531.45,17.5508,48,2025-10-07,60,1,1,1,12.0,1842123.96,0.42099851412822403,2,0,0.0,,0
1270,4424,2,3,ACTIVE,6714263.39,10.8023,180,2025-11-13,60,1,1,1,12.0,1842123.96,3.6448488461113118,1,0,0.0,,0
1271,4427,1,3,ACTIVE,784129.25,16.9861,12,2025-10-27,36,2,1,2,4.0,2692875.12,0.29118663698003194,2,0,0.0,,0
1272,4428,1,3,ACTIVE,1089045.33,19.0325,36,2025-11-23,46,2,1,1,9.0,808684.92,1.3466868282890696,1,0,0.0,,0
1273,4440,2,3,ACTIVE,6115618.78,13.5806,300,2025-05-18,41,2,1,1,12.0,2177710.68,2.808278820582356,7,0,0.0,,0
1274,4443,1,3,ACTIVE,810415.76,19.5935,48,2025-05-13,41,2,1,1,11.0,2368194.0,0.3422083494848817,7,0,0.0,,0
1276,4451,1,3,ACTIVE,687789.85,16.3532,48,2025-07-20,41,1,1,1,11.0,1789244.04,0.38440248206723104,5,1,1690.7,14.0,1
1277,4451,2,3,ACTIVE,5870192.75,13.7869,180,2025-07-31,41,1,1,1,11.0,1789244.04,3.2808228608099763,5,0,0.0,,0
1278,4452,2,3,ACTIVE,4921527.39,12.0685,240,2025-08-17,35,2,1,1,6.0,3843052.68,1.2806296972228859,4,0,0.0,,0
1279,4453,1,3,ACTIVE,1391035.44,21.0042,24,2025-03-24,56,1,1,1,6.0,3583221.72,0.38820802861174886,8,0,0.0,,0
1280,4454,2,3,ACTIVE,4965080.55,14.7183,240,2025-04-22,53,1,1,1,10.0,1794348.84,2.767065377320945,8,0,0.0,,0
1283,4464,2,3,ACTIVE,7996873.31,13.884,120,2025-09-18,35,2,1,1,4.0,2151057.24,3.7176478437180034,2,0,0.0,,0
1284,4474,1,3,ACTIVE,1072290.02,19.253,24,2025-09-03,62,1,1,2,10.0,5990650.68,0.17899391523192604,3,0,0.0,,0
1285,4492,2,3,ACTIVE,2033218.46,11.6392,300,2025-04-15,37,2,1,2,7.0,1022405.04,1.9886623993950578,8,2,2779.35,10.5,1
1286,4494,1,3,ACTIVE,892849.26,16.7865,48,2025-09-08,55,2,1,1,6.0,1782697.08,0.5008418255781291,3,0,0.0,,0
1287,4495,1,3,ACTIVE,389687.1,22.5826,12,2025-05-25,34,2,1,1,12.0,1162274.88,0.33527963711992126,7,0,0.0,,0
1288,4495,2,3,ACTIVE,9509674.81,11.5358,300,2025-05-28,34,2,1,1,12.0,1162274.88,8.18194987574712,6,0,0.0,,0
1289,4496,1,3,ACTIVE,157162.94,22.3632,36,2025-06-28,43,1,1,1,9.0,1178092.2,0.13340461807658177,6,0,0.0,,0
1290,4496,2,3,ACTIVE,9967436.68,10.5552,300,2025-06-21,43,1,1,1,9.0,1178092.2,8.460659259097039,6,0,0.0,,0
1291,4499,1,3,ACTIVE,466765.51,19.229,60,2025-03-06,35,2,1,1,10.0,1625557.08,0.28714187630987403,9,0,0.0,,0
1292,4500,1,3,ACTIVE,287337.09,19.5253,36,2025-02-21,33,2,3,1,7.0,1165760.4,0.24648040026063675,9,0,0.0,,0
1293,4503,1,3,ACTIVE,659393.35,23.6304,12,2025-08-04,53,1,1,1,3.0,2311997.16,0.2852050864975976,4,0,0.0,,0
1294,4516,2,3,ACTIVE,2435088.61,13.4054,120,2025-10-19,22,1,1,3,,603827.04,4.032758470041355,2,0,0.0,,0
1295,4520,1,3,ACTIVE,914550.51,24.2928,12,2025-06-19,30,2,1,1,4.0,2048982.12,0.44634382168254355,6,0,0.0,,0
1296,4521,1,3,ACTIVE,263268.15,22.6093,12,2025-07-11,28,1,2,1,8.0,1935339.24,0.1360320426304176,5,0,0.0,,0
1297,4524,1,3,ACTIVE,656826.56,23.0381,36,2025-07-25,25,1,1,1,7.0,994834.44,0.660237054117266,5,0,0.0,,0
1298,4530,2,3,ACTIVE,5768540.65,14.6578,120,2025-10-19,37,2,1,1,2.0,2947260.36,1.9572551947870667,2,0,0.0,,0
1299,4531,1,3,ACTIVE,564141.91,22.2492,36,2025-05-03,64,2,1,1,10.0,302139.96,1.8671542486468855,6,0,0.0,,0
1300,4533,2,3,ACTIVE,6874197.1,10.6018,240,2025-02-22,37,2,1,2,9.0,4710832.56,1.4592318899995036,10,1,760.64,6.0,1
1301,4535,2,3,ACTIVE,6534381.89,10.5306,240,2025-06-25,34,1,1,1,8.0,2206845.48,2.9609603160797646,6,0,0.0,,0
1302,4539,1,3,ACTIVE,435004.17,21.9054,12,2025-07-09,43,2,1,1,5.0,1910946.12,0.2276381136271911,5,1,896.19,18.0,1
1303,4542,1,3,ACTIVE,1405993.55,17.3737,12,2025-08-08,50,2,2,1,3.0,3481458.36,0.4038518932623396,4,0,0.0,,0
1304,4542,2,3,ACTIVE,5915252.07,14.2144,300,2025-09-13,50,2,2,1,3.0,3481458.36,1.6990730488013075,3,0,0.0,,0
1305,4562,1,3,ACTIVE,1171083.27,16.7432,24,2025-10-09,64,2,1,1,8.0,693283.8,1.6891830877917529,2,0,0.0,,0
1306,4565,1,3,ACTIVE,869068.83,20.2691,12,2025-06-09,46,2,1,1,3.0,1847505.72,0.4704011579460766,6,1,613.1,15.0,1
1307,4565,2,3,ACTIVE,8343445.54,12.6609,300,2025-07-12,46,2,1,1,3.0,1847505.72,4.516059381943348,5,0,0.0,,0
1309,4569,1,3,ACTIVE,364320.66,20.3946,48,2025-04-16,42,2,2,1,8.0,1567014.0,0.2324935578112257,8,0,0.0,,0
1311,4572,1,3,ACTIVE,730057.05,18.1036,12,2025-08-05,47,2,1,1,11.0,1632093.72,0.4473131910586605,3,0,0.0,,0
1312,4576,1,3,ACTIVE,551922.74,18.4099,60,2025-09-17,32,1,1,1,8.0,1886636.76,0.2925431920450866,3,0,0.0,,0
1313,4578,2,3,ACTIVE,4488017.61,12.1097,180,2025-10-29,39,2,1,1,10.0,2054075.28,2.184933363299129,2,0,0.0,,0
1314,4587,2,3,ACTIVE,9521264.72,10.4533,300,2025-01-30,43,2,1,1,3.0,5431490.16,1.7529746790519822,11,0,0.0,,0
1315,4593,1,3,ACTIVE,654339.6,22.6523,12,2025-07-08,55,2,2,1,6.0,972350.64,0.672946129803545,5,0,0.0,,0
1317,4596,2,3,ACTIVE,3570737.39,10.8009,180,2025-08-08,44,2,1,1,4.0,5456813.88,0.654363052968924,4,0,0.0,,0
1318,4604,1,3,ACTIVE,1034599.57,22.3608,12,2025-07-11,51,2,1,1,10.0,4242906.48,0.24384218103247,5,0,0.0,,0
1319,4604,2,3,ACTIVE,8382765.41,13.4463,240,2025-07-30,51,2,1,1,10.0,4242906.48,1.9757129810695238,5,0,0.0,,0
1320,4613,1,3,ACTIVE,334315.53,16.4344,12,2025-07-11,47,2,1,1,12.0,2442182.28,0.13689212829764696,5,0,0.0,,0
1321,4616,2,3,ACTIVE,8340762.21,11.5762,300,2025-08-29,43,1,1,1,4.0,2536736.16,3.287989638622883,4,0,0.0,,0
1323,4629,1,3,ACTIVE,502655.31,22.5837,60,2025-05-30,62,2,1,1,3.0,950585.76,0.5287848094842069,7,0,0.0,,0
1324,4635,1,3,ACTIVE,605760.9,21.8031,36,2025-08-23,33,1,1,1,11.0,4898918.28,0.12365197077751622,4,0,0.0,,0
1325,4646,1,3,ACTIVE,489223.54,20.6351,36,2025-06-21,55,2,1,1,11.0,3636139.2,0.1345447776036737,6,0,0.0,,0
1326,4649,1,3,ACTIVE,818653.53,18.9576,36,2025-03-27,40,2,1,2,5.0,2835355.92,0.2887304285946577,9,0,0.0,,0
1327,4650,1,3,ACTIVE,832788.74,20.6888,60,2025-04-23,38,1,1,1,12.0,2607316.32,0.3194045669149956,8,0,0.0,,0
1328,4650,2,3,ACTIVE,4128055.31,11.1694,180,2025-03-16,38,1,1,1,12.0,2607316.32,1.5832583405146639,9,1,548.77,9.0,1
1330,4662,1,3,ACTIVE,1010895.88,16.2437,36,2025-05-03,48,1,1,1,9.0,2013277.32,0.5021145720749489,7,0,0.0,,0
1331,4663,1,3,ACTIVE,453490.69,23.0864,36,2025-10-21,24,2,1,1,6.0,1770630.48,0.25611819920777595,2,0,0.0,,0
1333,4671,2,3,ACTIVE,9931604.75,13.3695,300,2025-09-16,32,1,1,1,10.0,2575208.28,3.856621938944682,3,0,0.0,,0
1334,4677,2,3,ACTIVE,5022791.92,11.4059,300,2025-05-29,47,1,1,1,9.0,2310468.36,2.173928025571404,7,2,2501.68,8.5,1
1335,4679,1,3,ACTIVE,109599.82,22.5729,24,2025-04-18,25,1,1,1,11.0,533337.6,0.20549801851585187,8,0,0.0,,0
1336,4680,1,3,ACTIVE,1175472.21,16.568,60,2025-03-11,34,2,1,1,5.0,2904020.04,0.4047741385421018,9,1,1496.86,9.0,1
1338,4684,2,3,ACTIVE,7223628.33,14.7323,180,2025-05-05,24,1,1,1,8.0,1158514.56,6.235250362326046,7,0,0.0,,0
1339,4685,1,3,ACTIVE,930784.18,23.8412,24,2025-05-22,58,2,1,1,9.0,1765769.52,0.5271266546723493,7,0,0.0,,0
1340,4686,2,3,ACTIVE,8550094.43,14.2587,120,2025-09-06,30,2,1,1,9.0,2060706.72,4.149107850728026,3,0,0.0,,0
1341,4691,1,3,ACTIVE,397417.22,19.0963,60,2025-07-13,35,2,1,2,8.0,3551744.64,0.11189352284065107,5,0,0.0,,0
1342,4693,2,3,ACTIVE,4345357.98,11.3107,240,2025-08-15,35,2,1,1,9.0,2541026.52,1.7100797436777637,4,1,1885.3,10.0,1
1344,4701,2,3,ACTIVE,3276865.72,10.0079,300,2025-05-21,57,2,1,1,11.0,1797800.64,1.8227080617793083,7,0,0.0,,0
1345,4702,1,3,ACTIVE,637900.43,20.8378,12,2025-11-23,63,2,1,1,7.0,1777719.84,0.3588306861670622,1,1,361.9,12.0,1
1346,4704,1,3,ACTIVE,556786.22,18.8931,24,2025-06-07,34,2,3,1,11.0,711953.28,0.7820544348078571,6,0,0.0,,0
1347,4711,2,3,ACTIVE,3054539.17,12.6002,300,2025-11-30,30,1,1,1,6.0,1421303.64,2.14911091763615,1,0,0.0,,0
1348,4713,2,3,ACTIVE,2030285.88,11.0908,300,2025-11-20,65,1,1,1,12.0,4967207.88,0.408737852139178,1,0,0.0,,0
1349,4714,1,3,ACTIVE,336871.44,22.8215,12,2025-07-06,29,2,1,1,8.0,981678.84,0.34315850181715235,5,0,0.0,,0
1350,4717,1,3,ACTIVE,164355.99,23.6577,36,2025-10-11,41,1,1,1,7.0,2336949.84,0.07032927587354634,1,0,0.0,,0
1351,4717,2,3,ACTIVE,6581827.8,13.0258,120,2025-11-20,41,1,1,1,7.0,2336949.84,2.816418087946637,1,0,0.0,,0
1353,4720,2,3,ACTIVE,6651399.34,10.6543,120,2025-04-24,49,2,2,1,3.0,4981966.44,1.3350951717771908,8,0,0.0,,0
1354,4721,1,3,ACTIVE,159891.18,23.1928,60,2025-04-27,43,2,1,2,3.0,2359322.64,0.067769951124616,8,2,3010.83,10.5,1
1357,4733,1,3,ACTIVE,676245.79,23.5725,36,2025-11-13,46,1,1,1,12.0,5484282.72,0.12330615041669478,1,0,0.0,,0
1358,4736,1,3,ACTIVE,814190.65,18.7616,36,2025-05-15,66,1,1,1,3.0,2337061.44,0.3483822188260485,7,0,0.0,,0
1359,4737,2,3,ACTIVE,9485235.87,11.2345,240,2025-06-10,59,1,1,1,12.0,1388649.36,6.83054782814288,6,1,1147.55,15.0,1
1360,4744,1,3,ACTIVE,145364.95,23.5757,12,2025-06-20,64,2,1,1,12.0,2280266.88,0.0637490950182112,6,0,0.0,,0
1361,4745,2,3,ACTIVE,7768982.06,13.4723,300,2025-03-31,36,1,1,1,11.0,1666438.56,4.662027299704347,9,0,0.0,,0
1362,4747,1,3,ACTIVE,422776.96,21.4104,12,2025-05-10,25,1,1,1,4.0,1865642.88,0.2266119440822458,6,0,0.0,,0
1365,4757,1,3,ACTIVE,133805.84,20.1997,36,2025-07-11,46,1,1,2,6.0,4604653.92,0.029058826640330878,4,0,0.0,,0
1366,4759,1,3,ACTIVE,1241178.61,24.3165,24,2025-05-26,46,2,1,1,1.0,2348737.32,0.5284450497853034,7,0,0.0,,0
1367,4761,2,3,ACTIVE,4849521.69,12.3251,180,2025-02-18,52,1,1,1,11.0,4736613.36,1.023837354121722,10,0,0.0,,0
1368,4770,2,3,ACTIVE,5892972.09,13.1362,300,2025-11-25,41,1,1,1,8.0,2080730.4,2.8321651329744593,1,0,0.0,,0
1369,4779,1,3,ACTIVE,517970.18,17.6754,36,2025-07-01,50,2,1,1,10.0,6243411.24,0.0829626881986393,6,1,1545.18,6.0,1
1370,4779,2,3,ACTIVE,5079127.18,14.4017,180,2025-07-15,50,2,1,1,10.0,6243411.24,0.8135179607358365,5,0,0.0,,0
1371,4782,1,3,ACTIVE,562706.99,23.8999,60,2025-09-11,62,2,3,1,12.0,6204366.12,0.09069532311868146,3,0,0.0,,0
1373,4794,1,3,ACTIVE,321306.37,19.1259,36,2025-05-09,28,1,1,1,1.0,2185163.76,0.1470399499944114,7,0,0.0,,0
1374,4795,1,3,ACTIVE,171490.26,20.8606,60,2025-01-28,45,2,1,1,12.0,2722610.64,0.06298743473653655,11,0,0.0,,0
1375,4802,1,3,ACTIVE,615582.58,19.805,12,2025-07-13,42,1,1,1,10.0,2429925.36,0.25333394602705,5,0,0.0,,0
1376,4805,1,3,ACTIVE,818513.09,16.2712,36,2025-02-13,45,1,1,1,7.0,3781764.24,0.216436836898114,10,0,0.0,,0
1377,4807,1,3,ACTIVE,1153183.85,24.8972,48,2025-06-10,54,2,1,1,12.0,2240507.4,0.5146976305456523,6,0,0.0,,0
1378,4811,1,3,ACTIVE,462016.39,21.4424,48,2025-09-25,36,1,1,1,4.0,1677003.72,0.2755011121859646,3,0,0.0,,0
1379,4816,1,3,ACTIVE,822846.28,19.1221,12,2025-05-04,32,1,3,1,9.0,2414880.84,0.3407399099659095,6,0,0.0,,0
1380,4820,2,3,ACTIVE,2221376.48,10.6682,300,2025-09-03,47,1,1,1,9.0,3281555.52,0.6769278979012977,3,1,1252.77,18.0,1
1381,4822,1,3,ACTIVE,865721.06,24.5848,24,2025-07-07,29,1,1,1,10.0,1793670.96,0.4826532175109754,5,2,2518.74,19.0,1
1382,4833,1,3,ACTIVE,357596.1,22.0358,60,2025-07-05,34,1,1,1,3.0,1349856.96,0.2649140691173678,5,0,0.0,,0
1383,4834,1,3,ACTIVE,496067.92,24.1742,12,2025-06-22,50,2,1,1,4.0,1432860.24,0.34620816891394796,6,0,0.0,,0
1384,4840,1,3,ACTIVE,924186.48,18.1707,24,2025-06-11,49,1,1,1,7.0,2730460.32,0.3384727744368027,6,0,0.0,,0
1385,4840,2,3,ACTIVE,6529758.05,10.8891,300,2025-05-23,49,1,1,1,7.0,2730460.32,2.3914495303854113,7,0,0.0,,0
1386,4847,2,3,ACTIVE,6745742.36,12.1861,300,2025-04-16,57,1,1,1,6.0,4369327.68,1.5438856625191362,8,0,0.0,,0
1387,4851,1,3,ACTIVE,1012356.39,22.6946,36,2025-11-19,64,1,1,1,12.0,1557704.28,0.6499028108210629,1,0,0.0,,0
1388,4855,2,3,ACTIVE,3031367.92,13.2625,240,2025-10-28,30,1,1,1,5.0,1112440.2,2.724971571505596,2,0,0.0,,0
1389,4864,1,3,ACTIVE,446254.27,17.6657,12,2025-07-31,58,1,1,1,5.0,2202076.68,0.2026515579829854,5,0,0.0,,0
1390,4864,2,3,ACTIVE,4392391.62,13.6395,300,2025-08-29,58,1,1,1,5.0,2202076.68,1.9946587963503615,4,0,0.0,,0
1392,4868,2,3,ACTIVE,9789495.03,14.8193,300,2025-08-11,64,1,1,1,1.0,3012503.52,3.2496211091564136,4,0,0.0,,0
1394,4875,2,3,ACTIVE,4451624.69,12.6369,300,2025-05-10,51,2,1,1,6.0,2155397.28,2.065338363051103,7,0,0.0,,0
1397,4882,2,3,ACTIVE,4570943.88,11.1044,300,2025-10-28,33,1,1,2,2.0,2248022.88,2.033317329937496,2,0,0.0,,0
1398,4885,2,3,ACTIVE,3927657.95,11.2003,300,2025-11-14,53,2,2,1,8.0,1994522.04,1.9692226364166927,1,0,0.0,,0
1399,4887,1,3,ACTIVE,380492.36,19.8259,48,2025-06-13,36,2,1,1,3.0,1259660.16,0.3020595332633208,6,1,1248.32,20.0,1
1402,4897,2,3,ACTIVE,4610381.25,10.0949,240,2025-07-11,33,2,1,2,4.0,2089347.84,2.206612590654125,5,1,624.87,3.0,1
1405,4906,2,3,ACTIVE,6930322.1,14.3421,240,2025-04-21,26,2,1,1,1.0,941163.12,7.363571683514331,8,0,0.0,,0
1406,4909,1,3,ACTIVE,615677.7,24.9802,36,2025-09-15,40,1,2,1,5.0,1480068.6,0.4159791647495258,3,0,0.0,,0
1407,4928,2,3,ACTIVE,9225239.76,12.2653,180,2025-04-17,35,2,1,2,8.0,1981009.32,4.656838141478304,8,0,0.0,,0
1408,4929,1,3,ACTIVE,561796.68,20.9829,24,2025-07-02,44,1,1,1,1.0,2518433.52,0.2230738574349979,4,1,1494.05,6.0,1
1409,4930,1,3,ACTIVE,665366.32,17.3552,60,2025-06-29,63,2,1,1,10.0,1734882.96,0.38352230977010693,6,0,0.0,,0
1410,4932,1,3,ACTIVE,164540.64,17.3177,24,2025-06-19,51,1,3,1,8.0,1537733.52,0.10700205065439426,6,1,737.14,15.0,1
1411,4933,2,3,ACTIVE,7676986.79,14.4443,180,2025-06-29,44,1,1,1,2.0,2057479.2,3.7312585177045774,6,0,0.0,,0
1413,4935,2,3,ACTIVE,2457471.36,11.2673,300,2025-10-04,37,2,1,1,10.0,2009962.2,1.2226455602000872,2,0,0.0,,0
1414,4941,2,3,ACTIVE,8839012.42,11.3242,120,2025-07-17,27,2,1,1,6.0,2217337.8,3.986317474946758,5,0,0.0,,0
1415,4942,1,3,ACTIVE,972200.27,18.1795,36,2025-04-06,43,2,1,1,3.0,2222906.28,0.4373554921082863,8,0,0.0,,0
1416,4954,1,3,ACTIVE,925833.66,22.4802,60,2025-07-13,52,1,1,1,5.0,2432395.08,0.3806263495648906,5,0,0.0,,0
1417,4959,1,3,ACTIVE,565622.04,19.1558,48,2025-07-03,62,1,1,1,9.0,1310643.72,0.43156048540788794,5,0,0.0,,0
1418,4960,1,3,ACTIVE,880908.7,18.0017,36,2025-07-14,41,1,1,2,8.0,2810375.88,0.3134487120633842,5,1,1294.28,18.0,1
1420,4969,1,3,ACTIVE,430939.85,21.7511,24,2025-08-21,46,2,1,1,8.0,1005259.2,0.4286853082269727,4,0,0.0,,0
1421,4970,2,3,ACTIVE,7455713.87,13.7637,240,2025-06-03,28,1,1,1,9.0,2335886.64,3.1918132251486315,6,0,0.0,,0
1422,4974,1,3,ACTIVE,763197.14,24.5289,36,2025-08-02,48,1,1,1,9.0,1955535.36,0.39027529525214005,4,0,0.0,,0
1425,4981,1,3,ACTIVE,164539.31,24.8389,12,2025-10-14,24,1,1,1,8.0,1729845.84,0.09511790368556773,2,0,0.0,,0
1426,4984,1,3,ACTIVE,837191.49,16.1064,36,2025-09-23,27,2,1,1,5.0,1730706.36,0.4837282102551469,3,0,0.0,,0
1427,4986,1,3,ACTIVE,692113.47,16.1629,60,2025-07-11,46,2,1,1,10.0,1049518.68,0.659457981252892,5,1,632.34,10.0,1
1428,4992,2,3,ACTIVE,2467663.79,13.0027,120,2025-10-07,51,1,3,1,9.0,3652143.48,0.6756754775691343,2,0,0.0,,0
1429,4993,1,3,ACTIVE,1358503.24,22.2274,60,2025-09-07,57,1,1,1,7.0,3292139.88,0.41265052200637353,3,0,0.0,,0
1430,4994,1,3,ACTIVE,412498.06,23.3104,60,2025-07-07,63,1,1,2,5.0,4604498.88,0.08958587476081653,5,0,0.0,,0
1431,5003,1,3,ACTIVE,565219.14,23.3725,48,2025-06-15,58,1,2,2,10.0,4556876.76,0.12403652101401136,6,0,0.0,,0
1432,5008,2,3,ACTIVE,7068907.94,10.2216,300,2025-02-05,49,2,1,1,11.0,1973302.2,3.582273379110407,10,1,965.62,11.0,1
1433,5010,2,3,ACTIVE,6251910.42,13.2309,180,2025-10-04,48,2,1,2,12.0,3507645.48,1.7823666774898812,2,0,0.0,,0
1434,5012,2,3,ACTIVE,8298153.14,13.7316,180,2025-07-21,80,2,1,4,,334115.04,24.836215514273167,5,0,0.0,,0
1437,5019,2,3,ACTIVE,9633793.28,14.9738,300,2025-10-02,53,2,1,2,1.0,2904756.96,3.316557430677436,2,0,0.0,,0
1438,5020,2,3,ACTIVE,4715755.67,11.2647,180,2025-11-22,52,1,1,1,11.0,1609872.6,2.929272583433,1,0,0.0,,0
1439,5023,2,3,ACTIVE,4086822.05,10.2032,300,2025-07-11,34,2,3,2,6.0,4091076.72,0.9989600121700969,5,0,0.0,,0
1440,5026,1,3,ACTIVE,1092031.49,17.9993,12,2025-11-24,38,1,1,1,10.0,2290332.24,0.4768004706600995,1,0,0.0,,0
1441,5027,1,3,ACTIVE,451842.81,23.0642,24,2025-07-24,40,1,1,1,4.0,1417982.64,0.31865186304396503,5,0,0.0,,0
1444,5040,1,3,ACTIVE,311383.55,17.4046,24,2025-06-15,27,2,1,1,2.0,1949164.92,0.15975228509653253,6,0,0.0,,0
1446,5043,1,3,ACTIVE,556742.29,16.6969,48,2025-06-22,42,2,1,1,4.0,1644446.04,0.33855917218177617,6,1,820.81,8.0,1
1447,5043,2,3,ACTIVE,9942645.29,11.7005,180,2025-08-08,42,2,1,1,4.0,1644446.04,6.046197350446355,4,1,1281.04,20.0,1
1448,5045,1,3,ACTIVE,1071558.55,23.2609,36,2025-10-26,43,1,3,1,2.0,1738676.16,0.6163071506081961,2,1,1954.18,18.0,1
1449,5048,1,3,ACTIVE,1218941.18,20.3557,24,2025-08-24,52,2,1,1,5.0,6136589.76,0.19863494671672496,4,0,0.0,,0
1450,5054,1,3,ACTIVE,480272.75,19.5037,48,2025-07-08,34,2,1,1,7.0,1494760.32,0.3213041874164816,5,1,1508.45,9.0,1
1451,5055,1,3,ACTIVE,1134000.2,22.7202,48,2025-06-18,64,1,1,1,3.0,821525.76,1.3803586633728928,6,0,0.0,,0
1452,5055,2,3,ACTIVE,8174681.66,12.1493,120,2025-02-27,64,1,1,1,3.0,821525.76,9.950609047243995,10,1,453.77,19.0,1
1453,5064,2,3,ACTIVE,2149067.5,14.0072,240,2025-10-26,52,1,1,1,6.0,6362812.32,0.3377543438213497,2,0,0.0,,0
1454,5068,1,3,ACTIVE,1126624.51,19.1028,24,2025-07-18,62,2,1,1,5.0,2872105.44,0.3922643278723082,5,0,0.0,,0
1455,5069,1,3,ACTIVE,343799.99,16.2513,48,2025-04-09,61,1,1,2,5.0,776357.64,0.44283713109334505,8,1,468.5,17.0,1
1456,5069,2,3,ACTIVE,3288184.55,12.5581,180,2025-04-26,61,1,1,2,5.0,776357.64,4.235399229149081,8,1,335.66,19.0,1
1457,5070,1,3,ACTIVE,1454235.67,23.6709,48,2025-07-12,53,1,1,1,1.0,2178875.52,0.6674248513288176,5,0,0.0,,0
1458,5079,2,3,ACTIVE,9867217.79,13.8508,300,2025-02-11,44,1,1,1,1.0,3293922.24,2.9955830985251186,10,0,0.0,,0
1461,5090,2,3,ACTIVE,9918899.9,13.4436,240,2025-09-29,30,2,1,1,1.0,1198974.48,8.272819868526309,3,0,0.0,,0
1462,5095,1,3,ACTIVE,285923.23,17.4729,12,2025-07-17,40,2,1,1,11.0,988354.68,0.28929212942058413,5,0,0.0,,0
1463,5096,1,3,ACTIVE,835112.37,19.8225,12,2025-07-07,46,2,1,1,11.0,2337674.64,0.3572406337949579,5,1,636.5,16.0,1
1465,5099,1,3,ACTIVE,431518.86,18.7633,12,2025-04-04,42,2,1,1,11.0,2428782.36,0.1776688052032789,7,0,0.0,,0
1466,5100,2,3,ACTIVE,5572172.2,11.4507,180,2025-06-30,55,1,1,1,6.0,5532974.52,1.0070843774642937,6,1,1245.76,13.0,1
1467,5106,2,3,ACTIVE,5979645.77,10.531,120,2025-04-13,56,1,1,1,11.0,3055353.12,1.9571046406577057,8,0,0.0,,0
1468,5118,1,3,ACTIVE,663000.93,19.4322,36,2025-03-28,56,2,1,1,6.0,1926973.08,0.34406341057966416,9,1,1138.17,13.0,1
1469,5119,1,3,ACTIVE,269543.22,24.9007,48,2025-06-06,57,1,1,1,3.0,1342049.4,0.20084448456219273,6,1,1202.87,18.0,1
1470,5120,1,3,ACTIVE,817863.54,18.8737,60,2025-07-06,54,1,1,1,2.0,3815322.0,0.21436291353652456,5,0,0.0,,0
1471,5134,2,3,ACTIVE,7837778.82,10.7185,300,2025-02-19,66,2,1,1,8.0,3222268.32,2.432379318429944,10,0,0.0,,0
1472,5135,2,3,ACTIVE,4762656.24,14.0419,240,2025-08-09,30,2,1,1,8.0,1540489.8,3.091650616576624,4,0,0.0,,0
1473,5137,1,3,ACTIVE,506885.38,18.9044,48,2025-07-09,29,2,1,1,10.0,833885.4,0.6078597610654893,5,1,1372.15,14.0,1
1474,5138,1,3,ACTIVE,670651.41,21.2573,12,2025-06-20,56,2,1,1,10.0,730348.32,0.9182624121049529,6,0,0.0,,0
1475,5140,1,3,ACTIVE,1343193.65,16.8894,60,2025-10-21,61,2,1,1,3.0,5379023.04,0.24970959224595551,2,0,0.0,,0
1477,5149,2,3,ACTIVE,2372151.55,10.4725,180,2025-01-25,44,2,1,1,6.0,1252351.32,1.8941582223109725,11,1,1587.47,14.0,1
1479,5160,1,3,ACTIVE,232494.54,22.0625,48,2025-07-10,32,2,1,1,10.0,922473.84,0.2520337487293949,5,1,630.65,4.0,1
1480,5169,1,3,ACTIVE,1471835.39,19.7394,12,2025-07-18,46,2,1,2,10.0,1549797.0,0.9496955988429452,5,1,1148.6,16.0,1
1481,5173,2,3,ACTIVE,9259059.68,13.7763,300,2025-05-13,35,2,1,1,1.0,3292730.28,2.8119702777477418,7,0,0.0,,0
1482,5176,1,3,ACTIVE,938692.15,18.9986,48,2025-05-05,35,2,1,1,2.0,1548858.96,0.6060539882856733,7,1,1161.19,9.0,1
1483,5177,1,3,ACTIVE,719801.35,23.4808,24,2025-09-26,65,2,1,1,9.0,2385630.24,0.30172377006756923,3,0,0.0,,0
1484,5185,2,3,ACTIVE,3053713.76,14.5508,120,2025-04-24,36,1,1,1,5.0,1527611.76,1.999011686058243,8,1,1838.51,8.0,1
1485,5189,1,3,ACTIVE,1045554.56,18.3382,60,2025-07-09,35,1,1,1,7.0,1898333.04,0.5507750947641937,5,0,0.0,,0
1486,5190,1,3,ACTIVE,473907.81,20.7602,12,2025-04-14,43,1,1,2,5.0,1396845.72,0.3392699732079216,8,1,1157.68,16.0,1
1488,5200,2,3,ACTIVE,9504990.12,14.1671,240,2025-02-06,50,2,1,1,9.0,5240651.76,1.8137038206866085,10,0,0.0,,0
1489,5201,2,3,ACTIVE,2195331.0,13.4484,120,2025-11-29,60,2,1,1,10.0,1393269.96,1.5756680779940162,1,0,0.0,,0
1490,5203,1,3,ACTIVE,1080927.13,23.1261,12,2025-06-12,27,2,1,1,9.0,1506552.96,0.7174836588552453,6,0,0.0,,0
1491,5204,2,3,ACTIVE,2644077.43,10.3427,240,2025-10-08,50,2,1,1,5.0,6019952.52,0.4392189840726518,2,0,0.0,,0
1492,5207,1,3,ACTIVE,1151303.48,22.4084,12,2025-07-16,43,2,1,1,1.0,1545792.24,0.7447983307252208,5,1,850.77,7.0,1
1493,5209,1,3,ACTIVE,618402.29,24.3672,36,2025-03-15,34,1,1,1,10.0,2664052.8,0.23212839099885707,9,1,386.0,17.0,1
1494,5213,2,3,ACTIVE,9445034.69,14.4243,240,2025-06-29,56,1,1,4,,151018.32,62.542310694490574,6,0,0.0,,0
1495,5216,1,3,ACTIVE,252989.44,22.9178,12,2025-04-24,24,1,2,3,,685196.76,0.3692215941009412,7,1,1288.13,11.0,1
1496,5218,1,3,ACTIVE,1081728.67,22.4257,36,2025-07-10,58,1,1,1,1.0,1083818.4,0.9980718817838856,5,0,0.0,,0
1497,5219,1,3,ACTIVE,712407.34,17.3362,36,2025-07-30,27,2,1,1,10.0,2101000.68,0.33908001400551663,5,0,0.0,,0
1499,5224,1,3,ACTIVE,209771.18,16.6255,36,2025-09-17,71,2,2,4,,490796.52,0.42740967274992087,3,0,0.0,,0
1500,5236,1,3,ACTIVE,1164155.99,20.7948,48,2025-07-24,45,1,1,2,5.0,1678219.32,0.693685250864589,5,0,0.0,,0
1501,5239,2,3,ACTIVE,3945938.65,13.0208,180,2025-03-14,26,1,1,1,7.0,2130625.68,1.852009335586343,9,0,0.0,,0
1502,5241,1,3,ACTIVE,652077.1,16.7946,36,2025-07-14,54,1,1,1,3.0,1218030.84,0.5353535219190345,5,1,1365.23,13.0,1
1503,5243,2,3,ACTIVE,4057611.53,12.7331,180,2025-04-11,54,1,1,2,4.0,3387532.8,1.1978073038879504,8,1,1797.06,18.0,1
1504,5257,1,3,ACTIVE,414134.65,23.2676,12,2025-11-05,36,1,1,1,6.0,2297353.92,0.18026593394891458,1,0,0.0,,0
1505,5259,2,3,ACTIVE,3793113.72,13.9239,240,2025-01-31,54,1,1,1,6.0,3577002.0,1.0604169972507702,11,0,0.0,,0
1506,5262,1,3,ACTIVE,772738.79,17.0741,24,2025-05-22,35,1,1,1,9.0,2196971.4,0.3517291076251607,7,0,0.0,,0
1507,5263,1,3,ACTIVE,122321.7,16.5336,36,2025-06-21,30,1,1,3,,661148.64,0.18501391759650296,6,1,555.95,7.0,1
1508,5266,2,3,ACTIVE,4571305.28,14.776,300,2025-07-09,49,1,1,1,8.0,1487348.52,3.073459393363971,5,0,0.0,,0
1509,5271,1,3,ACTIVE,872962.55,16.792,36,2025-08-20,26,1,1,1,3.0,1998666.48,0.4367724974303867,4,0,0.0,,0
1510,5275,1,3,ACTIVE,236985.4,19.9217,36,2025-11-29,61,1,1,1,11.0,1706108.16,0.13890408917568275,1,0,0.0,,0
1511,5277,1,3,ACTIVE,160858.19,23.5965,24,2025-05-31,25,1,1,1,7.0,1419240.36,0.11334104816466747,7,0,0.0,,0
1512,5279,2,3,ACTIVE,6572911.99,13.7913,120,2025-05-16,39,2,1,1,2.0,4228793.52,1.5543232269235978,7,0,0.0,,0
1513,5283,1,3,ACTIVE,394593.63,21.8139,36,2025-08-24,44,1,1,1,11.0,1578956.04,0.24990792650566762,4,0,0.0,,0
1514,5284,1,3,ACTIVE,897223.73,24.5896,60,2025-08-04,58,2,1,1,11.0,1229699.76,0.7296282874772619,4,0,0.0,,0
1515,5295,1,3,ACTIVE,527410.42,20.6803,12,2025-06-30,33,1,1,1,6.0,1697837.28,0.3106366117723602,6,1,1279.43,6.0,1
1516,5300,2,3,ACTIVE,5431366.14,12.2463,240,2025-09-21,59,1,1,2,6.0,1358732.88,3.9973759522180696,3,0,0.0,,0
1517,5301,1,3,ACTIVE,137431.15,21.8338,12,2025-09-12,49,2,1,1,11.0,1394610.96,0.0985444356467699,3,0,0.0,,0
1518,5303,1,3,ACTIVE,732620.68,16.6754,48,2025-06-24,44,1,1,1,6.0,1002605.04,0.7307171326407854,6,0,0.0,,0
1519,5303,2,3,ACTIVE,3113381.62,12.7749,300,2025-05-11,44,1,1,1,6.0,1002605.04,3.1052922095823496,7,0,0.0,,0
1520,5312,1,3,ACTIVE,1104507.38,19.8337,48,2025-03-24,62,1,1,1,4.0,2413235.16,0.4576874223894533,9,0,0.0,,0
1521,5312,2,3,ACTIVE,6044711.47,14.7908,180,2025-04-13,62,1,1,1,4.0,2413235.16,2.5048165923456875,7,0,0.0,,0
1522,5318,1,3,ACTIVE,648837.63,20.2411,12,2025-07-12,54,2,1,1,3.0,2309968.08,0.28088597224252554,5,0,0.0,,0
1523,5318,2,3,ACTIVE,2770659.31,13.576,240,2025-08-03,54,2,1,1,3.0,2309968.08,1.1994361887459501,4,0,0.0,,0
1524,5319,1,3,ACTIVE,915874.63,22.8004,48,2025-07-13,56,1,1,2,6.0,2821988.76,0.32454935433548643,5,0,0.0,,0
1526,5326,1,3,ACTIVE,755808.82,24.0302,60,2025-06-02,43,2,1,1,12.0,2982825.24,0.2533868930249497,6,0,0.0,,0
1527,5326,2,3,ACTIVE,3163300.9,13.9609,180,2025-06-30,43,2,1,1,12.0,2982825.24,1.0605049392702603,6,0,0.0,,0
1528,5331,1,3,ACTIVE,356289.79,18.4325,48,2025-03-01,61,2,1,1,12.0,1698897.24,0.20971826995257228,10,1,1052.92,4.0,1
1531,5342,1,3,ACTIVE,639911.55,20.9872,48,2025-07-10,50,1,1,1,7.0,1656864.96,0.3862182890270068,5,0,0.0,,0
1534,5351,1,3,ACTIVE,446020.42,23.7744,48,2025-07-02,36,1,1,1,2.0,1354342.32,0.3293262075721004,5,1,369.56,3.0,1
1535,5353,1,3,ACTIVE,428216.21,23.7963,12,2025-10-09,26,2,3,1,11.0,475709.04,0.9001641213292898,2,0,0.0,,0
1536,5355,1,3,ACTIVE,1033071.54,18.5462,48,2025-03-07,41,1,1,1,4.0,2776120.68,0.372127749143816,9,0,0.0,,0
1537,5363,2,3,ACTIVE,8865149.89,11.7927,180,2025-09-21,47,2,1,1,12.0,1683794.04,5.264984718677351,3,0,0.0,,0
1538,5369,2,3,ACTIVE,9066843.7,12.9445,300,2025-09-20,34,1,1,1,5.0,1276053.48,7.105379078626077,3,0,0.0,,0
1540,5374,1,3,ACTIVE,793515.47,23.9197,12,2025-07-31,44,2,1,1,7.0,1791330.84,0.44297538583101714,5,0,0.0,,0
1541,5374,2,3,ACTIVE,7941857.0,11.6459,180,2025-09-02,44,2,1,1,7.0,1791330.84,4.433495378218353,3,0,0.0,,0
1542,5375,1,3,ACTIVE,755498.04,16.284,12,2025-07-11,46,1,1,1,8.0,3195129.72,0.23645301011440625,5,0,0.0,,0
1543,5378,1,3,ACTIVE,665465.92,18.975,24,2025-09-12,48,1,1,1,12.0,1979483.52,0.33618159144866233,3,0,0.0,,0
1544,5379,2,3,ACTIVE,6236822.05,14.2763,300,2025-09-19,50,1,1,1,1.0,3657951.48,1.7050040395833792,3,0,0.0,,0
1546,5383,1,3,ACTIVE,1047925.69,18.1924,60,2025-10-14,36,1,1,1,10.0,986098.08,1.0626992499569616,2,1,970.57,8.0,1
1548,5391,2,3,ACTIVE,8840567.36,10.1913,120,2025-10-27,58,2,1,2,7.0,1962852.12,4.503939583589211,2,0,0.0,,0
1549,5396,1,3,ACTIVE,120441.1,20.5709,36,2025-07-01,22,1,1,3,,581537.76,0.20710796148473662,6,0,0.0,,0
1550,5400,2,3,ACTIVE,6017035.04,14.6058,180,2025-10-04,32,1,1,1,3.0,1480827.12,4.063293384308088,2,0,0.0,,0
1551,5401,2,3,ACTIVE,5559046.64,10.6867,180,2025-09-20,54,2,1,2,10.0,4591716.84,1.2106684348593237,3,0,0.0,,0
1553,5408,1,3,ACTIVE,1449342.49,20.5895,60,2025-09-03,62,1,1,1,3.0,3903590.64,0.37128444646542136,3,0,0.0,,0
1554,5413,1,3,ACTIVE,771886.68,17.9593,36,2025-07-08,47,1,1,2,5.0,2762145.96,0.27945180710146106,5,1,1948.31,14.0,1
1555,5416,2,3,ACTIVE,6679554.05,12.3604,240,2025-10-28,46,1,1,1,5.0,2471145.84,2.703018956582506,2,0,0.0,,0
1556,5417,1,3,ACTIVE,855031.69,20.2263,12,2025-07-13,52,2,1,1,8.0,1866651.72,0.45805635879413004,5,0,0.0,,0
1557,5418,1,3,ACTIVE,198314.04,23.0595,36,2025-05-30,51,1,1,4,,365014.44,0.5433046429615223,7,0,0.0,,0
1558,5422,1,3,ACTIVE,186450.59,21.4285,36,2025-05-05,48,2,1,2,7.0,1135917.96,0.16414089447093522,7,1,748.36,14.0,1
1559,5429,1,3,ACTIVE,764784.8,22.0627,36,2025-05-14,65,2,1,1,7.0,2299652.28,0.33256540854080774,7,0,0.0,,0
1560,5433,1,3,ACTIVE,316335.19,18.8408,48,2025-10-04,29,1,3,1,4.0,1418223.36,0.22305033108466074,2,0,0.0,,0
1561,5434,1,3,ACTIVE,323020.07,20.8075,36,2025-07-13,20,2,1,3,,869698.32,0.37141622856072665,5,0,0.0,,0
1562,5446,1,3,ACTIVE,822372.03,20.6637,12,2025-10-09,62,1,1,1,10.0,4575504.24,0.1797336395867923,2,0,0.0,,0
1563,5447,1,3,ACTIVE,979347.31,21.8265,36,2025-07-29,55,2,1,1,2.0,1487765.52,0.6582672449620959,5,0,0.0,,0
1564,5449,2,3,ACTIVE,4247062.39,11.4679,240,2025-08-16,42,1,1,1,5.0,4106727.96,1.0341718349418012,4,0,0.0,,0
1565,5450,1,3,ACTIVE,1196032.89,22.5518,36,2025-07-10,39,1,1,1,6.0,4333827.36,0.27597612702320473,5,0,0.0,,0
1566,5454,1,3,ACTIVE,695255.85,22.6808,24,2025-05-31,60,1,1,1,6.0,2309606.4,0.3010278504597147,7,0,0.0,,0
1569,5459,1,3,ACTIVE,675531.92,20.3284,36,2025-03-31,56,2,1,1,10.0,5395917.36,0.12519315529324562,9,1,1811.95,7.0,1
1570,5460,1,3,ACTIVE,699677.16,16.8549,36,2025-11-22,50,2,1,1,10.0,2895651.96,0.2416302683006144,1,0,0.0,,0
1571,5480,1,3,ACTIVE,306019.1,23.5826,36,2025-06-24,47,2,1,1,5.0,2993187.0,0.10223855041465836,6,0,0.0,,0
1573,5494,2,3,ACTIVE,8329057.35,11.8207,120,2025-11-28,40,1,1,1,3.0,1086673.44,7.664728927211104,1,0,0.0,,0
1575,5503,2,3,ACTIVE,5163789.74,14.5823,300,2025-04-19,38,1,1,1,12.0,1759137.6,2.935409793980869,8,1,713.84,3.0,1
1576,5504,1,3,ACTIVE,905941.59,19.4925,24,2025-03-14,34,1,1,2,9.0,4485061.56,0.20199089307483217,8,0,0.0,,0
1580,5512,1,3,ACTIVE,421017.9,19.4711,60,2025-06-21,59,1,1,1,4.0,1072236.96,0.39265378429036807,6,0,0.0,,0
1581,5515,2,3,ACTIVE,9295427.66,12.4057,300,2025-09-27,44,1,1,1,1.0,2832851.64,3.281297025494777,3,0,0.0,,0
1583,5524,1,3,ACTIVE,1039662.42,20.8123,60,2025-05-20,36,1,1,1,11.0,1275626.52,0.8150210141444849,7,0,0.0,,0
1585,5528,2,3,ACTIVE,8799999.29,11.2911,240,2025-08-12,61,2,1,1,6.0,2200312.68,3.9994312490168444,4,1,1245.25,12.0,1
1586,5532,1,3,ACTIVE,1160639.5,17.8964,36,2025-05-16,40,1,1,1,2.0,2374652.16,0.4887618993427652,7,1,1619.87,10.0,1
1587,5540,1,3,ACTIVE,873390.65,19.7977,36,2025-07-29,35,2,1,1,5.0,1347384.72,0.6482117817099782,5,1,760.31,15.0,1
1589,5546,2,3,ACTIVE,5458997.17,10.6206,120,2025-02-01,59,1,1,1,11.0,2058997.68,2.6512886454539375,11,0,0.0,,0
1591,5551,2,3,ACTIVE,3256663.78,10.8218,180,2025-06-18,53,1,1,1,10.0,1457491.68,2.234430442855084,6,0,0.0,,0
1593,5559,1,3,ACTIVE,295778.49,16.2197,12,2025-10-03,76,1,1,4,,501130.92,0.5902219922889611,2,1,1833.98,17.0,1
1594,5560,1,3,ACTIVE,1359333.7,18.4851,36,2025-05-22,38,1,1,2,2.0,2894255.04,0.4696661770346265,7,1,1100.88,6.0,1
1595,5561,1,3,ACTIVE,862680.16,23.1692,60,2025-05-24,29,1,1,1,7.0,1744359.36,0.49455414966787575,7,0,0.0,,0
1597,5565,1,3,ACTIVE,230075.7,16.2971,36,2025-09-08,73,1,1,4,,597607.68,0.3849945502708399,3,1,1039.38,13.0,1
1598,5566,2,3,ACTIVE,5682277.59,12.0315,240,2025-11-19,49,1,1,1,10.0,2546925.0,2.2310345180953504,1,1,1344.76,14.0,1
1599,5568,1,3,ACTIVE,757755.48,16.2811,36,2025-11-28,29,1,1,1,9.0,2183363.64,0.3470587611324333,1,0,0.0,,0
1600,5568,2,3,ACTIVE,5154149.03,14.8784,300,2025-11-25,29,1,1,1,9.0,2183363.64,2.3606461771068057,1,0,0.0,,0
1601,5575,2,3,ACTIVE,7974799.06,10.0739,240,2025-02-28,36,2,1,1,10.0,1430721.6,5.573969848501624,9,1,1265.21,12.0,1
1602,5577,2,3,ACTIVE,9139558.28,14.1376,180,2025-05-05,34,1,1,1,10.0,4287530.88,2.1316600476589453,7,0,0.0,,0
1604,5584,1,3,ACTIVE,557503.57,20.1946,12,2025-08-09,59,1,1,1,1.0,1399142.88,0.3984607847913288,4,0,0.0,,0
1605,5586,2,3,ACTIVE,9902471.74,14.623,240,2025-06-22,39,2,2,1,7.0,4210886.64,2.351635792313801,6,0,0.0,,0
1606,5587,1,3,ACTIVE,1428407.07,22.6813,36,2025-04-28,45,1,1,1,1.0,5557831.56,0.2570079813645882,8,0,0.0,,0
1607,5587,2,3,ACTIVE,8775008.03,12.3706,240,2025-03-31,45,1,1,1,1.0,5557831.56,1.578854618976614,9,0,0.0,,0
1609,5604,1,3,ACTIVE,561055.97,19.9818,24,2025-07-27,44,1,1,1,10.0,2022133.08,0.2774574905821728,5,0,0.0,,0
1610,5605,1,3,ACTIVE,233115.28,24.5332,24,2025-08-11,30,2,1,1,2.0,1492360.92,0.15620569855179536,3,0,0.0,,0
1611,5609,1,3,ACTIVE,1132201.83,20.7329,24,2025-08-22,58,2,1,1,8.0,1808842.08,0.6259262997685238,4,0,0.0,,0
1612,5610,1,3,ACTIVE,298662.78,18.9994,24,2025-01-22,41,1,2,1,1.0,2778802.44,0.10747895413536487,11,1,1818.71,14.0,1
1613,5610,2,3,ACTIVE,9925197.2,10.633,120,2025-01-28,41,1,2,1,1.0,2778802.44,3.571753449302427,11,0,0.0,,0
1614,5611,1,3,ACTIVE,928226.18,16.648,48,2025-10-19,47,1,1,1,5.0,581872.68,1.5952393228016823,2,0,0.0,,0
1615,5615,1,3,ACTIVE,348260.46,22.6358,60,2025-05-26,64,1,1,1,8.0,925646.52,0.376234828819969,7,1,1480.94,8.0,1
1617,5619,1,3,ACTIVE,1159307.8,22.6367,48,2025-02-07,59,2,1,1,7.0,2806586.16,0.41306688407527814,10,0,0.0,,0
1618,5625,2,3,ACTIVE,7452851.12,13.0511,240,2025-09-28,64,2,1,1,8.0,6987639.84,1.066576310550087,3,0,0.0,,0
1619,5627,1,3,ACTIVE,749103.84,24.0763,24,2025-07-16,46,2,1,1,7.0,1748159.64,0.4285099729221526,5,0,0.0,,0
1620,5631,2,3,ACTIVE,5349633.23,12.3338,180,2025-06-08,38,2,1,1,2.0,2661330.12,2.0101351537704013,6,0,0.0,,0
1622,5637,1,3,ACTIVE,140223.29,16.6902,12,2025-07-11,25,2,1,1,5.0,1577571.48,0.08888553816908505,5,0,0.0,,0
1623,5639,1,3,ACTIVE,1321432.22,23.4834,12,2025-07-26,47,1,1,2,1.0,934380.12,1.4142340913674405,5,0,0.0,,0
1624,5641,1,3,ACTIVE,243028.89,19.7202,48,2025-10-01,55,1,1,1,9.0,587101.68,0.41394684818479827,3,0,0.0,,0
1625,5643,1,3,ACTIVE,474454.09,16.3044,48,2025-05-30,34,1,1,1,6.0,1552122.84,0.3056807604222872,7,0,0.0,,0
1626,5645,2,3,ACTIVE,4932985.5,14.4549,120,2025-05-03,42,1,1,1,8.0,1918107.84,2.5717977879700444,7,0,0.0,,0
1627,5650,2,3,ACTIVE,6587352.9,11.2124,240,2025-04-20,72,2,1,4,,627181.44,10.503105608482292,8,0,0.0,,0
1628,5651,2,3,ACTIVE,3126065.73,14.7971,120,2025-05-07,43,2,2,1,8.0,2174601.36,1.4375350753942322,7,0,0.0,,0
1629,5652,2,3,ACTIVE,4548009.65,12.4403,240,2025-06-24,39,1,1,2,12.0,4541393.28,1.001456903111461,6,1,401.74,11.0,1
1630,5654,1,3,ACTIVE,412725.39,17.6342,36,2025-10-25,22,1,1,3,,784706.76,0.525961303047778,1,0,0.0,,0
1631,5660,1,3,ACTIVE,102257.48,22.1744,48,2025-05-07,54,1,1,2,9.0,3793118.64,0.026958682209845142,7,1,1752.68,5.0,1
1632,5661,2,3,ACTIVE,9389033.59,10.7189,180,2025-03-18,55,1,1,1,3.0,5131542.48,1.8296708302802551,9,0,0.0,,0
1633,5669,1,3,ACTIVE,455975.54,24.5592,48,2025-11-06,54,2,1,1,8.0,2488329.24,0.1832456624590402,1,0,0.0,,0
1636,5677,1,3,ACTIVE,468821.35,20.1357,48,2025-03-16,45,1,1,1,6.0,1936185.24,0.24213662015107604,9,0,0.0,,0
1637,5677,2,3,ACTIVE,6633465.45,12.9248,300,2025-02-05,45,1,1,1,6.0,1936185.24,3.426048971430027,10,0,0.0,,0
1638,5678,1,3,ACTIVE,629525.32,20.9677,24,2025-11-27,60,2,1,1,5.0,736033.32,0.8552945945436274,1,1,947.7,8.0,1
1641,5684,2,3,ACTIVE,9322781.29,10.7195,180,2025-04-15,41,1,1,1,9.0,2103195.24,4.432675156682078,8,0,0.0,,0
1642,5687,2,3,ACTIVE,2835829.43,10.6315,180,2025-05-12,39,2,1,1,9.0,2221308.96,1.2766479049361958,7,1,1522.56,8.0,1
1643,5688,2,3,ACTIVE,4133475.54,10.2102,240,2025-07-14,54,2,1,1,4.0,1165930.8,3.545215153420769,5,0,0.0,,0
1645,5699,2,3,ACTIVE,9758244.99,13.2369,240,2025-06-21,53,1,1,1,3.0,2785891.92,3.502736383972857,6,1,384.55,19.0,1
1646,5705,1,3,ACTIVE,246322.35,24.5209,60,2025-07-14,26,2,1,1,12.0,1763578.8,0.13967187063033418,5,0,0.0,,0
1647,5705,2,3,ACTIVE,4877030.51,10.5249,180,2025-08-28,26,2,1,1,12.0,1763578.8,2.7654168387599123,4,1,1202.9,18.0,1
1649,5708,2,3,ACTIVE,3514700.79,10.7283,240,2025-11-22,37,2,1,1,8.0,5499011.52,0.6391513778825472,1,0,0.0,,0
1650,5715,1,3,ACTIVE,432380.76,16.2197,12,2025-04-20,60,2,1,1,4.0,1770318.12,0.24423901846522364,8,0,0.0,,0
1652,5722,2,3,ACTIVE,2237982.86,12.0973,300,2025-09-09,48,1,1,1,5.0,1879421.52,1.1907828213013119,3,0,0.0,,0
1653,5731,1,3,ACTIVE,133213.14,21.2175,60,2025-06-22,34,2,1,1,8.0,1743941.28,0.07638625309677859,6,0,0.0,,0
1654,5732,1,3,ACTIVE,688029.51,20.3924,12,2025-07-02,55,1,1,1,1.0,2500136.88,0.27519673642828707,5,0,0.0,,0
1656,5734,2,3,ACTIVE,2883898.87,12.7634,180,2025-07-03,45,1,1,1,12.0,1482621.48,1.9451349578450732,5,0,0.0,,0
1657,5738,1,3,ACTIVE,963723.08,24.6847,48,2025-05-08,44,2,1,1,4.0,2158342.8,0.4465106654976216,7,0,0.0,,0
1658,5752,2,3,ACTIVE,2655848.78,13.6057,120,2025-09-27,50,2,1,1,4.0,1367681.16,1.9418625171381318,3,0,0.0,,0
1659,5755,1,3,ACTIVE,757456.06,19.7292,24,2025-11-05,41,2,1,1,7.0,4599622.8,0.16467786445445048,1,0,0.0,,0
1660,5756,1,3,ACTIVE,1049510.0,21.1294,36,2025-06-05,48,1,1,1,10.0,4661070.48,0.22516501402484693,6,0,0.0,,0
1661,5757,1,3,ACTIVE,1042061.94,23.31,12,2025-06-01,34,2,1,1,12.0,1725298.92,0.6039892148080636,7,2,2243.95,10.5,1
1665,5773,1,3,ACTIVE,510307.73,17.5094,36,2025-03-27,30,2,1,1,7.0,1394273.4,0.36600262903961306,8,0,0.0,,0
1667,5785,2,3,ACTIVE,6366579.26,10.886,120,2025-03-26,34,2,1,1,3.0,5091479.76,1.2504379001989787,9,0,0.0,,0
1668,5788,1,3,ACTIVE,710982.94,24.76,24,2025-07-08,52,1,1,1,8.0,2485398.12,0.2860640049087991,5,0,0.0,,0
1669,5789,1,3,ACTIVE,654188.53,24.8206,48,2025-05-23,49,2,1,1,2.0,1531448.76,0.42716971477387206,7,0,0.0,,0
1670,5793,1,3,ACTIVE,1198911.47,21.2071,24,2025-10-26,35,2,1,1,9.0,5598833.76,0.2141359292653833,2,0,0.0,,0
1671,5798,1,3,ACTIVE,653013.8,22.7443,24,2025-09-10,34,1,1,1,5.0,1554207.24,0.42015876853076556,3,0,0.0,,0
1672,5801,1,3,ACTIVE,660217.5,22.1629,60,2025-06-22,25,1,1,1,11.0,1342032.12,0.4919535755969835,6,0,0.0,,0
1673,5802,1,3,ACTIVE,985862.78,24.7065,48,2025-11-06,61,1,1,1,7.0,2221107.48,0.4438609067220826,1,0,0.0,,0
1675,5810,1,3,ACTIVE,125762.43,20.4885,12,2025-08-16,26,2,1,1,2.0,2416791.96,0.052036928325431865,4,0,0.0,,0
1677,5813,2,3,ACTIVE,4626572.04,13.7001,180,2025-08-27,30,1,1,1,7.0,1011438.12,4.574251205797938,4,0,0.0,,0
1678,5816,1,3,ACTIVE,1018315.56,16.3587,60,2025-07-17,61,2,1,1,9.0,1171081.8,0.8695511790892831,5,0,0.0,,0
1679,5818,2,3,ACTIVE,6367025.17,11.9879,240,2025-05-13,35,2,1,1,5.0,4524369.6,1.4072734398180025,7,0,0.0,,0
1680,5819,1,3,ACTIVE,243686.38,19.8591,24,2025-11-13,37,2,1,1,4.0,2139854.76,0.11387986911784612,1,0,0.0,,0
1681,5823,1,3,ACTIVE,1345511.71,18.7035,36,2025-07-20,60,2,1,2,6.0,102367.68,13.143911339985433,5,0,0.0,,0
1682,5827,1,3,ACTIVE,1021615.2,22.8565,36,2025-10-24,62,2,1,1,5.0,1174354.2,0.8699378773456935,2,0,0.0,,0
1683,5828,2,3,ACTIVE,9950404.1,13.1265,240,2025-08-02,23,1,1,3,,333183.24,29.864659758996282,4,0,0.0,,0
1684,5830,2,3,ACTIVE,8477900.01,14.1141,300,2025-10-18,34,1,1,1,5.0,2284734.12,3.710672474222077,2,0,0.0,,0
1687,5845,2,3,ACTIVE,8737802.4,14.6351,180,2025-06-07,78,2,1,4,,550183.8,15.881606110539787,6,0,0.0,,0
1688,5848,2,3,ACTIVE,5936519.43,14.955,300,2025-03-10,56,2,1,1,12.0,1835498.28,3.2342822080988274,9,0,0.0,,0
1689,5851,1,3,ACTIVE,361602.3,16.9712,24,2025-11-18,61,1,1,2,12.0,3221509.68,0.1122462248817455,1,0,0.0,,0
1690,5852,1,3,ACTIVE,329348.89,21.439,12,2025-06-02,26,1,1,1,3.0,1432339.68,0.2299376988564612,6,0,0.0,,0
1691,5856,1,3,ACTIVE,1198421.1,18.9061,24,2025-05-20,53,1,1,1,6.0,1449540.84,0.8267591135962751,7,2,2383.8,9.5,1
1692,5856,2,3,ACTIVE,9361879.78,11.5116,240,2025-04-10,53,1,1,1,6.0,1449540.84,6.458513980192514,8,1,506.19,6.0,1
1693,5859,1,3,ACTIVE,1018722.54,18.7763,60,2025-08-17,36,2,1,1,9.0,1216036.8,0.8377398940558378,4,0,0.0,,0
1694,5861,1,3,ACTIVE,422132.57,23.1795,24,2025-11-16,20,2,1,3,,752951.4,0.560637207129172,1,0,0.0,,0
1697,5870,1,3,ACTIVE,1042938.06,20.8403,48,2025-04-09,40,1,1,1,11.0,1071189.12,0.9736264498280192,7,0,0.0,,0
1698,5872,1,3,ACTIVE,857696.47,23.6267,12,2025-11-16,53,2,2,1,2.0,2119741.56,0.4046231324539393,1,0,0.0,,0
1699,5883,1,3,ACTIVE,717571.7,21.3183,36,2025-07-04,48,1,1,1,2.0,2809295.88,0.2554275984628575,5,1,1350.81,19.0,1
1700,5888,2,3,ACTIVE,6002585.63,12.893,180,2025-08-08,42,2,2,2,6.0,1844202.48,3.254840883849153,4,0,0.0,,0
1701,5890,2,3,ACTIVE,6470750.12,13.2444,120,2025-07-23,35,2,1,1,5.0,1871602.8,3.457330861013886,5,0,0.0,,0
1703,5901,1,3,ACTIVE,1053381.74,22.4321,36,2025-07-02,58,1,1,1,3.0,1824058.2,0.577493492258087,5,0,0.0,,0
1704,5902,2,3,ACTIVE,8426908.36,13.4055,240,2025-02-23,29,1,1,1,12.0,746232.12,11.292610079555407,10,1,482.87,13.0,1
1705,5906,1,3,ACTIVE,1150236.07,21.9858,12,2025-04-13,42,1,1,1,1.0,1637635.8,0.7023759922688549,8,0,0.0,,0
1706,5906,2,3,ACTIVE,5986375.27,12.2655,180,2025-03-23,42,1,1,1,1.0,1637635.8,3.655498536365656,9,0,0.0,,0
1707,5916,1,3,ACTIVE,211070.32,18.8992,36,2025-03-26,49,2,1,1,11.0,3642821.64,0.05794143684728962,9,0,0.0,,0
1708,5919,2,3,ACTIVE,2612593.36,13.439,120,2025-07-02,42,2,1,1,4.0,4687811.76,0.5573161837027347,5,1,1145.15,13.0,1
1709,5923,1,3,ACTIVE,335650.57,18.8123,48,2025-05-21,74,2,1,4,,503727.72,0.6663333318245818,7,0,0.0,,0
1710,5925,2,3,ACTIVE,2049335.63,14.7645,300,2025-08-05,35,1,1,1,5.0,1294651.08,1.5829250534437433,4,1,519.65,11.0,1
1711,5926,1,3,ACTIVE,526071.83,18.693,12,2025-11-15,37,1,1,1,1.0,1219017.36,0.4315540100265676,1,0,0.0,,0
1712,5929,2,3,ACTIVE,2211320.39,12.0271,300,2025-10-04,27,2,1,1,3.0,2086385.16,1.05988119183133,2,0,0.0,,0
1713,5942,1,3,ACTIVE,1035177.04,17.9424,60,2025-09-09,49,2,1,1,8.0,2169622.56,0.47712309923621,3,0,0.0,,0
1714,5951,1,3,ACTIVE,983192.36,18.6159,60,2025-04-25,36,1,3,1,9.0,873802.8,1.125187925696736,8,1,820.62,17.0,1
1715,5952,2,3,ACTIVE,5241599.91,10.3415,120,2025-07-10,51,2,1,2,7.0,3631108.32,1.4435261766027403,5,0,0.0,,0
1716,5954,2,3,ACTIVE,9473983.9,11.5614,180,2025-07-16,39,2,2,1,7.0,4765586.4,1.9879996090302758,5,0,0.0,,0
1718,5959,1,3,ACTIVE,357077.27,17.0033,36,2025-05-11,59,2,1,1,1.0,2254141.8,0.1584094088490795,7,0,0.0,,0
1719,5959,2,3,ACTIVE,8062642.48,13.6661,120,2025-02-16,59,2,1,1,1.0,2254141.8,3.576812461398835,9,0,0.0,,0
1720,5961,2,3,ACTIVE,7649812.93,13.384,240,2025-04-18,53,2,1,2,7.0,1434794.64,5.331643091446174,8,1,1817.68,10.0,1
1722,5964,1,3,ACTIVE,860956.78,23.0677,60,2025-08-22,33,2,1,1,3.0,4454537.4,0.19327636131195128,4,0,0.0,,0
1723,5964,2,3,ACTIVE,5405512.0,11.0797,300,2025-10-02,33,2,1,1,3.0,4454537.4,1.2134844798923452,2,0,0.0,,0
1724,5976,1,3,ACTIVE,898188.27,22.1989,36,2025-05-07,62,1,1,1,5.0,4700252.4,0.19109362509979252,7,0,0.0,,0
1725,5976,2,3,ACTIVE,4649909.63,10.0216,300,2025-02-15,62,1,1,1,5.0,4700252.4,0.989289347525252,10,0,0.0,,0
1726,5977,2,3,ACTIVE,2739024.94,14.1707,120,2025-05-13,58,2,1,1,9.0,1266478.44,2.1627094891564043,7,0,0.0,,0
1727,5981,1,3,ACTIVE,275983.53,20.847,12,2025-11-29,72,1,1,4,,579931.2,0.47589012282836307,1,0,0.0,,0
1728,5983,1,3,ACTIVE,798537.56,21.0456,36,2025-08-03,32,2,1,1,11.0,1419809.88,0.5624256960375568,4,2,2943.2,7.0,1
1729,5996,2,3,ACTIVE,2994915.08,11.982,240,2025-06-12,35,1,1,1,9.0,1676624.88,1.7862761764575508,6,0,0.0,,0
1730,5998,1,3,ACTIVE,445959.35,22.4104,24,2025-12-01,41,2,1,1,5.0,965669.52,0.46181363371601497,1,0,0.0,,0
1731,6002,1,3,ACTIVE,492920.02,21.5713,36,2025-05-15,41,1,1,1,7.0,2606194.44,0.18913401564926982,7,0,0.0,,0
1732,6003,1,3,ACTIVE,687620.19,23.7428,36,2025-06-25,28,2,2,1,10.0,1155769.68,0.5949456902174488,6,1,1205.36,17.0,1
1733,6006,2,3,ACTIVE,3696518.24,12.2227,120,2025-03-26,38,2,1,1,9.0,6113250.84,0.6046730842145519,9,1,1804.75,8.0,1
1734,6033,1,3,ACTIVE,507729.44,24.4103,12,2025-11-30,45,2,1,1,5.0,5302179.12,0.09575863593231457,1,0,0.0,,0
1735,6036,1,3,ACTIVE,250150.2,19.1977,12,2025-01-24,58,2,1,1,3.0,1402803.36,0.17832164302771558,11,0,0.0,,0
1736,6037,1,3,ACTIVE,906708.87,24.5486,48,2025-06-21,41,2,1,1,10.0,1716071.88,0.5283629902495692,6,1,482.5,11.0,1
1737,6037,2,3,ACTIVE,9875950.8,14.0325,300,2025-07-06,41,2,1,1,10.0,1716071.88,5.7549750188785795,4,1,319.89,7.0,1
1738,6039,2,3,ACTIVE,4182784.99,11.9936,180,2025-10-13,52,1,1,1,12.0,1690592.88,2.474152730372318,2,0,0.0,,0
1740,6044,1,3,ACTIVE,1270277.68,22.2507,60,2025-08-28,60,2,1,1,11.0,2330410.68,0.5450874778860866,4,0,0.0,,0
1741,6048,1,3,ACTIVE,365755.71,16.2256,36,2025-07-10,47,2,1,1,5.0,1272449.28,0.28744227039053377,5,1,359.2,10.0,1
1742,6048,2,3,ACTIVE,5387372.37,10.8489,240,2025-07-19,47,2,1,1,5.0,1272449.28,4.2338602054142385,5,0,0.0,,0
1743,6050,1,3,ACTIVE,377513.02,16.0068,60,2025-05-31,64,2,1,1,10.0,1403238.72,0.2690297913102056,7,2,2125.87,12.5,1
1744,6050,2,3,ACTIVE,2643248.5,10.8299,300,2025-05-04,64,2,1,1,10.0,1403238.72,1.8836769983085986,7,0,0.0,,0
1745,6051,1,3,ACTIVE,724691.48,17.7904,12,2025-06-04,51,2,1,1,1.0,1694974.56,0.42755301294905573,6,2,2999.96,12.0,1
1746,6063,1,3,ACTIVE,1072728.47,16.1365,12,2025-07-14,57,2,2,1,8.0,1793507.04,0.5981177916090031,5,0,0.0,,0
1749,6079,1,3,ACTIVE,713473.82,17.385,48,2025-11-12,30,2,1,1,2.0,1856877.96,0.38423301658446096,1,0,0.0,,0
1750,6087,2,3,ACTIVE,3502188.7,11.2998,120,2025-04-14,51,1,1,1,3.0,857952.24,4.082032235267548,8,1,1074.93,12.0,1
1751,6088,1,3,ACTIVE,143762.34,22.7351,12,2025-07-09,64,1,1,1,9.0,1427250.84,0.10072675101736146,5,0,0.0,,0
1752,6089,2,3,ACTIVE,9656806.64,12.9311,240,2025-04-20,61,1,1,1,4.0,3935701.92,2.4536427901023563,8,0,0.0,,0
1753,6091,1,3,ACTIVE,1051970.66,18.9686,48,2025-07-12,64,1,1,1,8.0,2065586.76,0.5092841803459275,5,0,0.0,,0
1755,6097,1,3,ACTIVE,355257.82,16.6676,36,2025-09-28,63,2,1,1,6.0,2046432.24,0.17359862352442218,3,0,0.0,,0
1756,6102,1,3,ACTIVE,225692.46,23.9473,24,2025-05-17,24,1,1,3,,790469.28,0.2855170538695697,7,1,470.66,19.0,1
1757,6109,1,3,ACTIVE,424274.24,24.5401,12,2025-06-21,46,2,1,1,8.0,1618675.56,0.26211197010968645,6,0,0.0,,0
1758,6112,1,3,ACTIVE,701488.93,17.9889,60,2025-06-28,58,2,1,1,6.0,890784.36,0.7874957862978196,6,0,0.0,,0
1759,6113,2,3,ACTIVE,4265386.13,14.5406,300,2025-09-14,38,2,1,1,9.0,4045374.84,1.0543858847947944,3,0,0.0,,0
1760,6115,2,3,ACTIVE,4941809.61,10.3991,120,2025-04-26,50,2,1,1,4.0,1723502.16,2.867306885185453,8,0,0.0,,0
1761,6116,1,3,ACTIVE,490861.19,19.5622,24,2025-03-20,43,1,1,1,10.0,1963254.36,0.2500242454574251,9,0,0.0,,0
1762,6116,2,3,ACTIVE,5705403.16,10.9804,300,2025-03-02,43,1,1,1,10.0,1963254.36,2.906094735477883,9,0,0.0,,0
1763,6118,1,3,ACTIVE,326566.02,22.0671,24,2025-07-03,56,1,1,1,9.0,1581788.52,0.20645365412059002,5,0,0.0,,0
1764,6120,1,3,ACTIVE,912378.06,22.9231,60,2025-06-24,42,1,1,1,2.0,2875731.0,0.31726822154088824,6,0,0.0,,0
1765,6121,1,3,ACTIVE,1265600.73,20.5252,24,2025-07-10,45,2,1,1,11.0,4011199.68,0.3155167608110699,5,0,0.0,,0
1766,6122,1,3,ACTIVE,125426.34,18.5861,36,2025-07-11,44,1,2,1,3.0,1488131.52,0.08428444550384902,5,1,1054.0,14.0,1
1767,6124,2,3,ACTIVE,4136383.47,11.8218,300,2025-06-11,42,1,1,1,7.0,1612336.56,2.5654590813223264,6,0,0.0,,0
1768,6130,1,3,ACTIVE,176670.53,17.221,24,2025-07-09,43,2,1,1,4.0,1136055.84,0.15551218855580198,5,0,0.0,,0
1769,6132,1,3,ACTIVE,1143548.25,18.2931,12,2025-04-22,54,1,1,1,6.0,1530069.6,0.7473831582563303,8,0,0.0,,0
1770,6142,1,3,ACTIVE,531527.22,18.2801,24,2025-07-02,32,1,1,1,9.0,1496625.36,0.3551504833514247,5,0,0.0,,0
1771,6145,2,3,ACTIVE,8209914.76,13.7116,120,2025-10-10,59,2,1,1,1.0,2373570.48,3.4588881304253496,2,0,0.0,,0
1772,6148,1,3,ACTIVE,274486.75,21.5342,48,2025-06-23,37,1,1,1,7.0,2291910.0,0.11976331967660162,6,1,880.27,6.0,1
1773,6148,2,3,ACTIVE,5534337.96,11.5929,180,2025-03-24,37,1,1,1,7.0,2291910.0,2.414727436941241,9,0,0.0,,0
1774,6151,2,3,ACTIVE,4997944.75,11.9156,120,2025-03-15,46,2,1,1,11.0,1755087.24,2.847690209405203,9,0,0.0,,0
1775,6152,1,3,ACTIVE,195431.19,21.8248,48,2025-09-07,62,2,1,4,,705280.2,0.2770972302923008,3,0,0.0,,0
1776,6153,1,3,ACTIVE,965370.14,21.8472,24,2025-02-21,35,1,1,1,12.0,616331.52,1.5663163551979298,10,0,0.0,,0
1777,6154,1,3,ACTIVE,433538.4,20.0506,24,2025-10-04,65,2,1,1,5.0,1031993.4,0.42009803551069225,2,0,0.0,,0
1778,6154,2,3,ACTIVE,5154514.41,13.042,180,2025-11-02,65,2,1,1,5.0,1031993.4,4.994716448767987,1,0,0.0,,0
1779,6156,1,3,ACTIVE,818988.14,18.2084,60,2025-09-17,37,1,1,1,11.0,1807618.56,0.45307575288450236,3,0,0.0,,0
1780,6158,1,3,ACTIVE,1426839.05,20.3065,24,2025-11-06,41,2,1,2,3.0,2717289.0,0.525096539234509,1,0,0.0,,0
1781,6164,2,3,ACTIVE,2551151.96,12.3737,120,2025-09-05,64,1,1,1,3.0,2887319.28,0.8835711303808425,3,0,0.0,,0
1782,6167,1,3,ACTIVE,125212.11,20.7035,48,2025-07-20,21,2,1,3,,385828.92,0.3245275393042077,5,0,0.0,,0
1783,6186,1,3,ACTIVE,1205830.32,17.7234,48,2025-06-13,41,1,1,1,3.0,5028809.16,0.2397844661896058,6,0,0.0,,0
1784,6190,1,3,ACTIVE,1055992.52,21.3314,36,2025-07-02,47,2,1,1,5.0,2109834.24,0.5005097082887422,5,0,0.0,,0
1785,6192,2,3,ACTIVE,2414977.26,14.7975,240,2025-04-23,55,1,1,2,12.0,4069407.6,0.5934468840132898,8,0,0.0,,0
1788,6199,2,3,ACTIVE,5159624.54,12.364,240,2025-09-26,35,1,1,1,10.0,1122827.76,4.595205715255918,3,0,0.0,,0
1789,6203,1,3,ACTIVE,962887.54,20.5217,24,2025-06-23,52,2,1,1,4.0,1206713.16,0.7979423544200015,6,0,0.0,,0
1790,6203,2,3,ACTIVE,3164904.16,11.0327,300,2025-02-26,52,2,1,1,4.0,1206713.16,2.62274769589817,10,0,0.0,,0
1791,6204,1,3,ACTIVE,886122.32,17.8095,24,2025-08-28,52,1,1,2,8.0,2693483.52,0.32898746675828927,4,0,0.0,,0
1792,6207,1,3,ACTIVE,987402.0,17.8136,24,2025-06-05,54,2,1,1,2.0,2396698.44,0.41198424612818624,6,1,1118.71,12.0,1
1793,6207,2,3,ACTIVE,2967039.3,10.7642,240,2025-04-19,54,2,1,1,2.0,2396698.44,1.2379693875880355,8,0,0.0,,0
1794,6209,1,3,ACTIVE,702305.67,22.8783,12,2025-06-17,56,2,1,2,5.0,4149135.72,0.1692655332084437,6,1,931.45,20.0,1
1796,6218,1,3,ACTIVE,998152.31,19.0242,60,2025-06-29,46,2,3,1,6.0,1764299.28,0.565749995658333,6,0,0.0,,0
1797,6223,1,3,ACTIVE,797412.32,16.2038,60,2025-06-04,41,2,1,1,1.0,2847026.16,0.2800860530203207,6,1,1991.75,18.0,1
1798,6223,2,3,ACTIVE,7739851.34,12.5943,180,2025-06-18,41,2,1,1,1.0,2847026.16,2.7185740154913085,6,0,0.0,,0
1799,6229,2,3,ACTIVE,4232346.47,14.5364,300,2025-05-08,48,1,1,1,6.0,2630194.2,1.6091383936592971,7,0,0.0,,0
1802,6239,1,3,ACTIVE,972150.21,16.5053,24,2025-03-25,47,2,1,1,12.0,2368375.56,0.41047130633285206,9,0,0.0,,0
1804,6245,1,3,ACTIVE,674804.17,16.5594,60,2025-09-29,27,1,1,1,8.0,1829535.24,0.36883912113111306,3,0,0.0,,0
1805,6247,1,3,ACTIVE,931015.37,19.3757,12,2025-06-17,37,1,1,1,11.0,1466665.68,0.6347836338544446,6,1,634.93,4.0,1
1806,6248,1,3,ACTIVE,1202423.13,16.7191,36,2025-04-29,44,1,1,1,12.0,5931238.56,0.2027271568722739,8,0,0.0,,0
1807,6250,1,3,ACTIVE,488304.32,20.3328,36,2025-06-07,50,2,1,1,12.0,1945288.44,0.2510189799924992,6,2,2217.42,12.5,1
1809,6254,1,3,ACTIVE,921002.28,17.9303,60,2025-04-29,57,1,3,2,11.0,2413686.24,0.38157498051610883,8,0,0.0,,0
1810,6254,2,3,ACTIVE,8819444.19,11.0302,120,2025-02-25,57,1,3,2,11.0,2413686.24,3.653931502712631,10,0,0.0,,0
1811,6259,1,3,ACTIVE,1496490.15,18.7192,48,2025-06-19,50,1,1,2,8.0,2050146.72,0.7299429525707312,6,0,0.0,,0
1812,6267,1,3,ACTIVE,1119918.52,23.298,12,2025-01-25,64,1,1,2,3.0,4052400.72,0.27635927376895736,10,1,768.55,17.0,1
1813,6268,1,3,ACTIVE,954618.55,22.3338,12,2025-09-20,40,1,1,2,3.0,1065039.24,0.8963224209466686,3,0,0.0,,0
1814,6268,2,3,ACTIVE,3558458.02,12.8287,240,2025-09-29,40,1,1,2,3.0,1065039.24,3.341152031168354,3,0,0.0,,0
1815,6272,1,3,ACTIVE,337091.18,23.4927,48,2025-08-23,28,1,1,1,6.0,1145165.16,0.29436031742355834,4,0,0.0,,0
1816,6279,2,3,ACTIVE,4283422.86,11.5732,120,2025-03-25,50,2,1,1,12.0,4752175.2,0.9013604675181167,9,0,0.0,,0
1817,6285,1,3,ACTIVE,1140377.45,19.7402,24,2025-10-07,56,1,1,1,5.0,1565025.12,0.7286639910291025,2,0,0.0,,0
1818,6289,1,3,ACTIVE,749766.6,19.6498,36,2025-11-30,61,2,1,1,7.0,1348630.08,0.5559468167875953,1,0,0.0,,0
1819,6300,1,3,ACTIVE,1179665.7,18.591,12,2025-10-02,53,2,1,1,6.0,759972.0,1.5522488986436342,2,0,0.0,,0
1820,6300,2,3,ACTIVE,5624442.79,10.5312,180,2025-10-24,53,2,1,1,6.0,759972.0,7.400855281510371,2,0,0.0,,0
1821,6302,1,3,ACTIVE,737847.89,17.2524,36,2025-11-17,52,2,1,1,6.0,3575053.68,0.20638791918783161,1,0,0.0,,0
1822,6303,1,3,ACTIVE,243878.22,22.362,36,2025-09-02,46,2,1,1,9.0,6353623.32,0.038384116860109986,3,0,0.0,,0
1823,6304,1,3,ACTIVE,889651.02,22.7064,24,2025-02-09,54,2,1,1,5.0,6040946.28,0.1472701425843502,10,0,0.0,,0
1824,6305,1,3,ACTIVE,216794.29,21.4787,24,2025-04-05,25,1,1,1,11.0,899576.04,0.24099606965965878,8,1,1816.83,6.0,1
1825,6309,1,3,ACTIVE,442245.35,20.3002,24,2025-05-31,58,2,1,1,1.0,1570716.96,0.28155636009685664,7,0,0.0,,0
1826,6310,1,3,ACTIVE,162830.87,22.7768,24,2025-11-16,46,1,1,2,5.0,3117165.0,0.052236846621850304,1,0,0.0,,0
1827,6313,1,3,ACTIVE,451866.91,20.8875,24,2025-07-12,42,1,1,1,7.0,5846735.16,0.07728533919090667,5,0,0.0,,0
1828,6314,1,3,ACTIVE,512038.1,18.3713,12,2025-06-28,58,1,1,2,8.0,2767792.8,0.1849987108861617,6,0,0.0,,0
1829,6319,1,3,ACTIVE,237644.65,22.1751,24,2025-08-30,44,1,1,1,11.0,4816828.2,0.04933633505965606,4,0,0.0,,0
1830,6320,2,3,ACTIVE,9485809.07,13.5164,240,2025-06-06,43,2,1,2,4.0,3110194.44,3.0499086963836257,6,0,0.0,,0
1831,6321,2,3,ACTIVE,4074609.35,10.5429,240,2025-07-08,59,2,1,2,10.0,2664145.32,1.529424584842091,5,0,0.0,,0
1833,6329,1,3,ACTIVE,393273.3,19.8111,24,2025-08-11,33,1,1,1,1.0,1389706.8,0.28299012424779096,4,0,0.0,,0
1834,6331,1,3,ACTIVE,265233.04,20.3739,36,2025-03-25,23,1,1,3,,683399.64,0.38810825244215813,9,0,0.0,,0
1837,6345,2,3,ACTIVE,8100770.84,11.7958,300,2025-05-20,47,1,1,2,5.0,3933750.48,2.059299612719717,7,0,0.0,,0
1838,6348,2,3,ACTIVE,6838682.37,14.6224,240,2025-10-18,46,1,1,1,6.0,970273.44,7.048201144205287,2,0,0.0,,0
1839,6354,1,3,ACTIVE,166405.39,21.5537,48,2025-06-15,25,1,1,1,7.0,1149433.68,0.14477163223545006,6,0,0.0,,0
1840,6357,1,3,ACTIVE,845619.33,21.6763,48,2025-10-06,48,2,1,1,4.0,1019420.16,0.8295101109242337,2,0,0.0,,0
1842,6368,1,3,ACTIVE,851424.78,20.4464,36,2025-06-15,32,1,1,1,5.0,1241321.28,0.6859020253000093,6,1,458.63,18.0,1
1843,6369,1,3,ACTIVE,453922.06,24.7519,12,2025-10-16,34,2,1,1,6.0,2551387.32,0.17791185855701439,1,0,0.0,,0
1844,6371,2,3,ACTIVE,2655748.67,13.8506,120,2025-03-02,33,2,1,1,8.0,1817697.72,1.4610507791141423,9,0,0.0,,0
1845,6377,2,3,ACTIVE,9031716.95,12.688,180,2025-08-08,58,1,1,1,1.0,1816774.2,4.971293047864727,4,0,0.0,,0
1846,6387,1,3,ACTIVE,985373.33,20.1323,24,2025-09-04,54,2,1,1,11.0,632895.96,1.556927824282525,3,0,0.0,,0
1847,6392,2,3,ACTIVE,3903113.23,14.6244,180,2025-09-02,43,2,1,1,12.0,4645027.44,0.8402777551729598,3,0,0.0,,0
1851,6411,2,3,ACTIVE,2827014.55,14.8317,240,2025-06-08,60,2,1,1,6.0,3624330.48,0.7800101468671808,6,0,0.0,,0
1852,6424,1,3,ACTIVE,935857.32,20.5818,48,2025-07-08,35,2,1,1,10.0,6380564.28,0.14667312778800184,5,0,0.0,,0
1853,6429,1,3,ACTIVE,511438.54,24.4795,24,2025-11-18,33,2,2,1,4.0,5117147.64,0.09994601992761733,1,0,0.0,,0
1855,6439,2,3,ACTIVE,5843818.57,12.8793,120,2025-07-16,47,1,1,1,3.0,2474940.48,2.361195599338211,5,0,0.0,,0
1857,6445,1,3,ACTIVE,215000.48,24.8371,24,2025-07-12,66,2,1,1,1.0,2101695.48,0.10229858799525039,5,0,0.0,,0
1858,6446,2,3,ACTIVE,3109907.87,12.1167,240,2025-02-07,30,2,1,1,1.0,1581495.24,1.966435175612669,10,1,1188.61,14.0,1
1859,6464,1,3,ACTIVE,758905.42,24.9962,24,2025-06-19,47,1,1,1,4.0,1351761.96,0.5614194232836675,6,0,0.0,,0
1860,6469,1,3,ACTIVE,213384.13,21.664,60,2025-10-10,26,1,1,1,10.0,1368079.92,0.15597343903709954,2,0,0.0,,0
1861,6471,1,3,ACTIVE,549775.99,16.4723,36,2025-06-03,60,1,2,1,12.0,2246492.88,0.244726344291819,6,0,0.0,,0
1862,6471,2,3,ACTIVE,3242711.65,11.9545,240,2025-05-25,60,1,2,1,12.0,2246492.88,1.4434551201426464,7,0,0.0,,0
1863,6476,1,3,ACTIVE,443076.47,16.9892,36,2025-05-31,31,1,1,1,10.0,1353423.36,0.32737462873405704,7,0,0.0,,0
1864,6478,1,3,ACTIVE,362596.32,24.2852,24,2025-09-21,59,1,1,1,10.0,1695227.64,0.21389240680384375,3,1,644.81,4.0,1
1865,6480,1,3,ACTIVE,774897.52,19.973,36,2025-12-01,33,2,1,1,5.0,1501545.84,0.5160665091649816,1,1,1224.92,4.0,1
1867,6481,2,3,ACTIVE,8736820.27,10.9629,120,2025-04-15,47,1,1,1,6.0,3650451.24,2.393353504976552,8,0,0.0,,0
1868,6485,2,3,ACTIVE,3808329.18,13.9259,240,2025-05-30,35,2,1,1,5.0,1462082.52,2.604729300778454,6,0,0.0,,0
1869,6486,1,3,ACTIVE,389811.11,21.5942,48,2025-11-23,49,1,1,1,1.0,1924159.2,0.20258776404779813,1,0,0.0,,0
1870,6489,1,3,ACTIVE,264489.14,23.1381,12,2025-10-17,38,1,1,1,3.0,2221933.44,0.11903558191194062,2,0,0.0,,0
1871,6489,2,3,ACTIVE,3734046.24,10.7065,180,2025-10-18,38,1,1,1,3.0,2221933.44,1.6805391974297843,2,0,0.0,,0
1872,6501,2,3,ACTIVE,9980470.05,13.4725,180,2025-02-21,22,2,1,3,,536733.84,18.59482169039314,10,1,1623.19,19.0,1
1873,6506,1,3,ACTIVE,635615.08,17.8032,60,2025-06-30,47,2,1,1,10.0,1525845.12,0.41656592249677343,6,0,0.0,,0
1874,6506,2,3,ACTIVE,5690054.28,13.963,240,2025-06-22,47,2,1,1,10.0,1525845.12,3.7291165436240346,6,0,0.0,,0
1877,6519,1,3,ACTIVE,807932.33,24.0734,36,2025-05-12,37,1,1,1,12.0,1712486.52,0.4717890158925163,7,0,0.0,,0
1878,6520,2,3,ACTIVE,5051309.24,12.8554,300,2025-07-18,56,1,1,2,12.0,4074212.88,1.239824571955111,5,0,0.0,,0
1879,6521,1,3,ACTIVE,835977.68,20.7859,48,2025-10-01,49,1,1,1,4.0,3508491.24,0.2382726998058573,3,0,0.0,,0
1881,6533,1,3,ACTIVE,1322733.62,19.5274,60,2025-04-14,65,1,1,1,12.0,3814417.68,0.3467720975957725,8,0,0.0,,0
1882,6534,1,3,ACTIVE,967110.85,19.1293,60,2025-06-24,54,1,1,1,10.0,2514259.68,0.38465034367492223,6,0,0.0,,0
1883,6541,1,3,ACTIVE,1133723.69,18.3066,24,2025-02-18,57,1,1,1,4.0,1582000.2,0.7166394100329444,10,0,0.0,,0
1884,6543,1,3,ACTIVE,1290679.05,24.9306,24,2025-06-28,64,1,1,2,7.0,0.0,,6,0,0.0,,0
1885,6548,2,3,ACTIVE,6456852.44,14.3917,120,2025-03-19,39,1,1,1,4.0,1072735.8,6.0190518858417885,9,0,0.0,,0
1886,6551,1,3,ACTIVE,728187.22,18.6138,12,2025-06-30,31,2,1,1,8.0,1235712.24,0.5892854310482512,6,1,473.3,6.0,1
1887,6552,1,3,ACTIVE,283173.11,17.951,36,2025-07-12,31,1,1,3,,587154.72,0.48228022419712474,4,0,0.0,,0
1888,6553,1,3,ACTIVE,1493351.74,19.8068,36,2025-07-17,61,1,1,2,8.0,3875525.28,0.38532886050481396,5,0,0.0,,0
1889,6554,1,3,ACTIVE,491920.25,21.3447,36,2025-08-25,31,1,1,1,8.0,2870534.04,0.1713688962211366,4,1,462.38,12.0,1
1890,6555,1,3,ACTIVE,547313.93,18.7181,48,2025-04-21,37,2,1,1,3.0,2315030.52,0.23641758727224038,8,0,0.0,,0
1891,6555,2,3,ACTIVE,4102948.02,10.6129,240,2025-05-22,37,2,1,1,3.0,2315030.52,1.7723083927204555,7,0,0.0,,0
1892,6564,1,3,ACTIVE,761655.34,20.0686,60,2025-05-23,50,1,1,1,8.0,2465457.48,0.30893063302799284,7,1,1382.11,12.0,1
1893,6564,2,3,ACTIVE,2529181.27,13.95,120,2025-04-22,50,1,1,1,8.0,2465457.48,1.025846639220888,8,1,1345.11,13.0,1
1894,6566,2,3,ACTIVE,3428764.39,14.2798,180,2025-07-02,65,1,1,1,10.0,1477635.12,2.320440509020928,5,1,382.61,10.0,1
1895,6578,1,3,ACTIVE,1039594.99,21.3588,60,2025-07-09,43,2,1,1,1.0,1732097.04,0.6001944267510555,5,0,0.0,,0
1896,6579,1,3,ACTIVE,1102592.82,23.8018,12,2025-04-01,59,2,1,1,12.0,5166629.04,0.21340661608637573,9,0,0.0,,0
1897,6580,2,3,ACTIVE,7645493.46,12.7632,120,2025-10-08,37,1,1,1,5.0,2202852.96,3.470723465809538,2,0,0.0,,0
1898,6584,1,3,ACTIVE,606350.34,24.2948,36,2025-04-20,38,1,1,1,4.0,4304095.2,0.14087753913993353,8,0,0.0,,0
1900,6588,1,3,ACTIVE,456712.81,23.5187,60,2025-06-17,46,2,2,1,12.0,2884575.48,0.15832929773083976,6,0,0.0,,0
1901,6592,2,3,ACTIVE,2918532.29,12.8815,120,2025-01-27,52,2,1,1,6.0,1618679.52,1.8030328140557434,11,1,356.98,16.0,1
1902,6594,1,3,ACTIVE,1126554.39,22.2776,60,2025-08-16,65,2,1,1,2.0,1366145.52,0.8246225409427833,4,1,833.28,12.0,1
1904,6599,1,3,ACTIVE,687662.73,21.0059,48,2025-07-02,55,1,1,1,8.0,1267322.16,0.5426108306983285,5,0,0.0,,0
1905,6610,1,3,ACTIVE,325018.79,16.9518,12,2025-04-27,35,1,1,1,6.0,2206722.6,0.1472857485576121,8,0,0.0,,0
1906,6610,2,3,ACTIVE,4780724.88,13.1142,300,2025-02-04,35,1,1,1,6.0,2206722.6,2.166436723854643,10,2,2304.29,7.0,1
1907,6623,1,3,ACTIVE,866816.77,20.4658,24,2025-06-19,56,1,1,1,12.0,2273367.12,0.3812920325864482,6,0,0.0,,0
1908,6630,1,3,ACTIVE,263788.35,19.3214,24,2025-06-18,33,1,1,1,6.0,1304223.36,0.20225703517532456,6,1,1660.86,20.0,1
1909,6631,1,3,ACTIVE,878316.19,21.4955,48,2025-08-04,40,1,1,1,8.0,2107669.8,0.4167238103425878,4,0,0.0,,0
1910,6632,1,3,ACTIVE,633099.61,24.5375,24,2025-07-19,33,2,1,1,10.0,1624944.48,0.3896130715801441,5,0,0.0,,0
1911,6634,2,3,ACTIVE,6068793.58,11.0959,180,2025-08-05,43,1,1,2,2.0,4162456.68,1.4579836011650698,4,1,411.87,7.0,1
1913,6647,1,3,ACTIVE,961798.26,20.5264,24,2025-06-30,39,2,1,1,12.0,3551469.84,0.2708169584230511,5,0,0.0,,0
1914,6650,1,3,ACTIVE,584394.93,20.2796,12,2025-06-22,63,2,1,1,7.0,1167211.08,0.5006763044093104,6,0,0.0,,0
1915,6653,1,3,ACTIVE,173386.5,19.73,60,2025-03-19,45,2,1,1,10.0,1995722.88,0.08687904605272652,9,0,0.0,,0
1916,6653,2,3,ACTIVE,5431605.47,10.4319,240,2025-04-13,45,2,1,1,10.0,1995722.88,2.7216230892737974,8,0,0.0,,0
1917,6659,2,3,ACTIVE,5578070.69,13.2028,240,2025-01-31,32,1,1,1,4.0,1397684.28,3.990937559947372,10,0,0.0,,0
1918,6660,2,3,ACTIVE,3411256.84,10.6097,240,2025-09-21,36,1,1,1,11.0,3096855.12,1.1015229023694204,3,0,0.0,,0
1919,6664,2,3,ACTIVE,2745662.52,12.8183,300,2025-07-31,43,2,1,1,4.0,1747452.0,1.5712377335686474,5,0,0.0,,0
1920,6669,1,3,ACTIVE,908777.22,24.1563,48,2025-09-18,46,2,1,1,6.0,1758830.88,0.5166939188604649,3,0,0.0,,0
1921,6669,2,3,ACTIVE,9600139.91,13.5866,180,2025-10-20,46,2,1,1,6.0,1758830.88,5.458250715952861,2,0,0.0,,0
1922,6670,2,3,ACTIVE,5878232.08,12.4053,180,2025-02-03,42,2,1,1,3.0,2608315.32,2.253650866107707,10,0,0.0,,0
1923,6672,1,3,ACTIVE,489810.83,19.9394,60,2025-10-21,24,1,1,1,5.0,1218895.8,0.4018479922565981,2,0,0.0,,0
1924,6673,1,3,ACTIVE,1155018.84,21.7172,36,2025-06-30,33,2,1,1,7.0,1750357.68,0.6598758946228636,5,0,0.0,,0
1925,6673,2,3,ACTIVE,3557386.43,11.8313,120,2025-07-03,33,2,1,1,7.0,1750357.68,2.0323768511130824,5,0,0.0,,0
1926,6674,1,3,ACTIVE,533254.46,17.4728,48,2025-06-25,48,1,1,1,2.0,2001993.48,0.26636173660265866,6,0,0.0,,0
1928,6678,1,3,ACTIVE,224146.94,16.6685,48,2025-06-29,52,1,1,1,4.0,1641910.68,0.13651591571351493,6,0,0.0,,0
1929,6684,2,3,ACTIVE,6359830.87,13.764,120,2025-04-15,49,2,1,1,4.0,5174871.48,1.2289833466550169,8,0,0.0,,0
1930,6689,2,3,ACTIVE,5812990.23,13.3981,120,2025-11-25,49,1,1,1,2.0,2127749.04,2.7319905311765527,1,0,0.0,,0
1932,6695,1,3,ACTIVE,179373.16,18.9708,24,2025-04-25,63,1,1,1,8.0,1613709.12,0.11115581970559849,8,0,0.0,,0
1933,6695,2,3,ACTIVE,3244557.72,14.6982,300,2025-03-19,63,1,1,1,8.0,1613709.12,2.010621170685334,9,0,0.0,,0
1934,6697,2,3,ACTIVE,3060158.82,12.0613,180,2025-10-20,55,2,1,1,5.0,1480386.96,2.067134406533816,2,0,0.0,,0
1935,6702,1,3,ACTIVE,340482.56,19.0562,48,2025-07-27,19,1,1,3,,708379.68,0.4806498119765378,5,0,0.0,,0
1936,6703,1,3,ACTIVE,515363.06,17.5469,24,2025-06-25,59,2,1,1,7.0,4469434.2,0.11530834484597625,6,0,0.0,,0
1937,6703,2,3,ACTIVE,3695689.53,10.7514,240,2025-07-17,59,2,1,1,7.0,4469434.2,0.8268808454546662,5,1,458.72,18.0,1
1938,6706,2,3,ACTIVE,9441896.27,11.8651,120,2025-02-25,44,2,1,1,2.0,935362.2,10.094374425222657,10,0,0.0,,0
1939,6717,1,3,ACTIVE,1167164.79,16.0637,36,2025-05-01,50,2,1,2,11.0,1704231.96,0.684862634544185,8,0,0.0,,0
1940,6721,1,3,ACTIVE,1339921.02,17.9452,36,2025-06-11,40,2,1,2,3.0,2618238.96,0.5117642203292246,6,0,0.0,,0
1942,6735,2,3,ACTIVE,4724155.55,14.5876,180,2025-05-07,34,2,1,1,11.0,2117011.08,2.231521409892668,7,0,0.0,,0
1943,6739,1,3,ACTIVE,634406.57,23.4867,24,2025-11-27,25,1,1,1,10.0,1974320.28,0.3213291057315179,1,0,0.0,,0
1944,6744,1,3,ACTIVE,654267.88,19.4949,12,2025-07-05,29,2,1,1,5.0,1604747.4,0.40770770527498595,5,0,0.0,,0
1945,6745,1,3,ACTIVE,1008422.18,23.0655,60,2025-03-20,47,2,3,1,4.0,1106247.0,0.9115705443720977,9,0,0.0,,0
1946,6747,2,3,ACTIVE,7828101.39,12.964,240,2025-05-31,62,2,1,1,8.0,2045540.4,3.826911162448808,7,0,0.0,,0
1947,6749,1,3,ACTIVE,189784.84,23.7887,12,2025-06-26,33,1,1,1,4.0,1428732.72,0.13283439046597884,5,0,0.0,,0
1949,6758,1,3,ACTIVE,456850.71,20.3514,24,2025-04-20,35,1,1,1,3.0,1638243.36,0.27886620581205956,8,2,2192.08,6.5,1
1950,6762,1,3,ACTIVE,473536.05,17.2376,12,2025-11-12,36,2,1,1,12.0,2009347.08,0.23566662758929632,1,1,1475.54,17.0,1
1951,6763,2,3,ACTIVE,5060884.68,11.1398,180,2025-11-30,62,2,1,1,10.0,1110184.2,4.558599086529965,1,1,1215.04,5.0,1
1952,6768,1,3,ACTIVE,1391647.86,22.6922,60,2025-05-05,43,2,1,2,5.0,2467702.08,0.5639448421585802,7,0,0.0,,0
1953,6770,1,3,ACTIVE,1028580.76,16.0798,24,2025-08-12,33,1,1,1,3.0,1531808.4,0.6714813419223971,4,0,0.0,,0
1954,6775,1,3,ACTIVE,956902.8,19.2623,36,2025-11-10,57,2,1,1,10.0,1011436.68,0.9460827542857156,1,0,0.0,,0
1955,6776,2,3,ACTIVE,9148571.88,10.769,240,2025-02-10,63,2,1,1,7.0,1901488.56,4.811268430665709,10,0,0.0,,0
1956,6778,1,3,ACTIVE,321003.25,18.1003,60,2025-07-08,43,2,1,1,10.0,2151521.52,0.1491982520351458,5,1,1502.01,7.0,1
1957,6780,2,3,ACTIVE,5348588.47,12.338,180,2025-06-01,66,2,1,2,12.0,1251604.2,4.273386482723532,7,0,0.0,,0
1958,6782,1,3,ACTIVE,1047189.72,19.542,60,2025-03-30,58,1,1,1,8.0,2422268.28,0.43231781080830567,9,0,0.0,,0
1959,6783,1,3,ACTIVE,322168.04,20.8984,60,2025-05-22,43,2,1,1,3.0,1538300.52,0.2094311454825485,7,0,0.0,,0
1961,6786,2,3,ACTIVE,5545786.36,13.2971,300,2025-11-29,42,1,1,1,6.0,1981754.88,2.7984219521639324,1,1,1110.15,12.0,1
1962,6787,2,3,ACTIVE,5070047.56,11.8709,120,2025-10-26,62,1,1,1,8.0,3540934.2,1.4318389649827439,2,0,0.0,,0
1964,6790,2,3,ACTIVE,8356371.81,10.4857,300,2025-11-25,61,1,1,2,6.0,2045152.92,4.0859398474711615,1,0,0.0,,0
1965,6792,2,3,ACTIVE,3465401.88,11.0713,120,2025-11-11,45,1,1,1,7.0,1502397.24,2.306581633496611,1,1,833.02,16.0,1
1966,6793,2,3,ACTIVE,8449503.22,12.5978,180,2025-02-14,55,1,1,1,3.0,1033506.12,8.175571538947443,10,0,0.0,,0
1967,6794,1,3,ACTIVE,865018.1,16.3512,36,2025-08-07,33,1,1,2,11.0,1611069.12,0.536921780239944,4,0,0.0,,0
1968,6794,2,3,ACTIVE,4436960.19,12.6054,300,2025-08-19,33,1,1,2,11.0,1611069.12,2.754047070308194,4,0,0.0,,0
1969,6801,2,3,ACTIVE,7697232.73,11.0353,240,2025-09-05,58,2,3,1,10.0,5212685.52,1.4766347788423653,3,0,0.0,,0
1970,6804,1,3,ACTIVE,739079.07,19.6119,24,2025-05-02,52,2,1,2,8.0,2980545.6,0.24796771101237303,7,1,307.79,19.0,1
1971,6805,2,3,ACTIVE,7299330.81,13.7332,240,2025-07-27,51,1,1,1,4.0,1030626.6,7.082420354762821,5,1,567.01,4.0,1
1975,6843,2,3,ACTIVE,4793192.16,14.3631,300,2025-07-16,51,1,2,1,9.0,1495866.72,3.2042909277371985,5,1,412.68,3.0,1
1976,6846,2,3,ACTIVE,8240130.45,10.9177,300,2025-02-20,38,1,2,1,2.0,5813787.36,1.41734293667046,10,1,766.57,14.0,1
1977,6849,1,3,ACTIVE,525858.41,22.6543,48,2025-06-18,42,1,1,1,6.0,4364604.6,0.12048248540085395,5,1,490.85,12.0,1
1978,6849,2,3,ACTIVE,4147665.23,12.8454,240,2025-06-15,42,1,1,1,6.0,4364604.6,0.9502957564586721,6,0,0.0,,0
1979,6850,1,3,ACTIVE,202581.36,17.3278,36,2025-09-07,37,2,2,1,8.0,4202597.04,0.04820385063612951,3,0,0.0,,0
1980,6850,2,3,ACTIVE,7787830.76,13.3668,300,2025-10-03,37,2,2,1,8.0,4202597.04,1.853099568166069,2,0,0.0,,0
1981,6851,1,3,ACTIVE,890304.01,18.3662,60,2025-06-01,58,2,1,1,5.0,2631346.56,0.3383454021350954,7,0,0.0,,0
1982,6858,2,3,ACTIVE,4024754.12,13.0261,300,2025-07-01,41,1,1,1,4.0,971572.68,4.1425147113029155,6,0,0.0,,0
1983,6869,1,3,ACTIVE,920208.73,16.5381,24,2025-11-10,34,1,1,2,8.0,3869728.92,0.23779669042037188,1,0,0.0,,0
1984,6870,2,3,ACTIVE,5645610.54,13.8677,300,2025-09-17,36,2,2,1,11.0,5882755.68,0.9596880861793669,3,0,0.0,,0
1985,6883,1,3,ACTIVE,1386934.79,19.1959,48,2025-03-30,35,2,1,2,2.0,1872967.8,0.7405011394216174,9,0,0.0,,0
1986,6884,2,3,ACTIVE,5141666.32,10.0426,120,2025-05-06,58,1,1,1,4.0,1715610.72,2.9969889206567792,7,1,973.24,18.0,1
1987,6888,1,3,ACTIVE,397437.44,16.6323,36,2025-05-06,38,1,1,1,6.0,2119500.72,0.18751465203559828,7,1,1208.32,11.0,1
1988,6890,1,3,ACTIVE,956156.66,17.3315,36,2025-05-26,51,1,1,1,5.0,1592212.32,0.6005208275238066,7,1,1151.2,9.0,1
1989,6891,1,3,ACTIVE,487151.71,17.5633,24,2025-09-01,30,1,1,1,12.0,2100100.8,0.23196587040012556,4,1,978.9,4.0,1
1990,6894,1,3,ACTIVE,772706.2,16.461,60,2025-07-04,39,1,2,1,4.0,2055225.48,0.37597149681114306,5,1,1281.88,9.0,1
1991,6907,1,3,ACTIVE,316036.95,19.3086,24,2025-07-26,32,1,1,1,10.0,1453899.48,0.21737193963368087,5,0,0.0,,0
1992,6908,1,3,ACTIVE,366976.2,21.4792,48,2025-10-30,47,1,1,2,11.0,2614894.8,0.1403407127506621,2,0,0.0,,0
1993,6909,2,3,ACTIVE,4917858.46,12.881,240,2025-11-10,58,2,1,1,8.0,2823906.6,1.7415088940972765,1,0,0.0,,0
1994,6911,1,3,ACTIVE,234240.36,23.6024,60,2025-09-19,73,2,1,4,,406865.28,0.575719707515962,3,0,0.0,,0
1998,6931,1,3,ACTIVE,1166937.7,22.7619,36,2025-05-30,37,2,1,1,6.0,2670948.96,0.436900037206252,7,1,914.0,7.0,1
1999,6932,1,3,ACTIVE,126228.72,17.1072,12,2025-02-13,65,1,1,1,1.0,2311173.84,0.05461671373019695,10,1,1972.35,9.0,1
2000,6938,1,3,ACTIVE,981945.18,24.3472,12,2025-06-22,47,2,1,1,7.0,1120537.08,0.8763165427778615,5,0,0.0,,0
2001,6942,1,3,ACTIVE,442812.72,24.0124,48,2025-07-27,33,2,3,1,7.0,2563575.72,0.17273245199872622,5,1,920.27,17.0,1
2002,6947,1,3,ACTIVE,278052.85,22.7574,36,2025-10-24,21,2,1,3,,777789.84,0.35749097725421564,2,0,0.0,,0
2003,6948,1,3,ACTIVE,684277.19,23.7169,12,2025-06-25,55,1,1,1,6.0,1956552.0,0.34973626563464705,6,0,0.0,,0
2004,6955,1,3,ACTIVE,1118190.16,18.0696,36,2025-09-04,26,2,1,1,2.0,871777.56,1.2826553599292003,3,1,1702.73,18.0,1
2005,6956,1,3,ACTIVE,986338.83,19.4698,48,2025-11-08,65,2,1,1,4.0,5707614.48,0.17281104627094576,1,0,0.0,,0
2006,6956,2,3,ACTIVE,7131142.22,13.2352,180,2025-11-30,65,2,1,1,4.0,5707614.48,1.2494085304794447,1,0,0.0,,0
2008,6963,1,3,ACTIVE,833298.6,16.0593,24,2025-06-15,41,2,1,1,5.0,1419009.48,0.5872396285893735,6,0,0.0,,0
2009,6963,2,3,ACTIVE,3388559.25,10.916,300,2025-05-31,41,2,1,1,5.0,1419009.48,2.3879750613082584,7,0,0.0,,0
2011,6968,2,3,ACTIVE,6584488.01,11.2165,300,2025-09-01,35,2,1,2,5.0,2788505.52,2.361296387177315,4,1,642.9,19.0,1
2012,6969,1,3,ACTIVE,530145.25,23.3462,60,2025-09-26,33,2,1,1,4.0,4649369.52,0.11402519152747403,3,0,0.0,,0
2013,6969,2,3,ACTIVE,4704301.81,11.8896,240,2025-10-14,33,2,1,1,4.0,4649369.52,1.0118149976601558,1,0,0.0,,0
2014,6970,1,3,ACTIVE,181542.47,17.4953,12,2025-08-16,44,1,1,1,12.0,5435909.4,0.03339689031608952,4,0,0.0,,0
2015,6972,2,3,ACTIVE,6519452.25,12.6013,120,2025-06-28,38,2,1,1,12.0,767973.96,8.489157952699333,6,1,712.71,12.0,1
2017,6979,1,3,ACTIVE,528094.5,20.5967,36,2025-01-13,39,1,2,1,3.0,826023.72,0.6393212291772928,11,0,0.0,,0
2019,6986,1,3,ACTIVE,347058.46,17.2465,48,2025-05-30,51,1,1,1,3.0,1281179.04,0.27088989841732036,7,0,0.0,,0
2021,6988,1,3,ACTIVE,302893.18,23.4979,60,2025-06-16,32,2,1,1,9.0,1612761.36,0.18781029079218514,6,0,0.0,,0
2022,6997,1,3,ACTIVE,363977.44,18.2974,60,2025-06-13,47,2,1,1,5.0,6488372.16,0.056096880854627176,6,0,0.0,,0
2023,7001,1,3,ACTIVE,1101158.48,22.6282,60,2025-09-22,62,2,1,1,7.0,4291272.12,0.256604207145922,3,0,0.0,,0
2024,7002,1,3,ACTIVE,1168520.64,23.5859,60,2025-07-19,46,2,1,1,10.0,1406669.28,0.8307003334856363,5,0,0.0,,0
2026,7010,1,3,ACTIVE,585351.37,19.0607,60,2025-04-16,40,1,1,1,6.0,1313502.6,0.44564157695614764,8,2,1811.02,12.5,1
2027,7013,2,3,ACTIVE,4537005.73,11.0081,120,2025-08-03,45,2,1,1,7.0,3558054.72,1.2751365808112136,4,1,1430.32,7.0,1
2029,7015,1,3,ACTIVE,925317.12,22.4743,24,2025-07-15,37,2,1,1,11.0,4957349.64,0.18665560979071874,5,0,0.0,,0
2030,7017,1,3,ACTIVE,280233.94,17.3959,36,2025-05-28,26,2,1,1,3.0,818951.16,0.34218638874630813,6,0,0.0,,0
2031,7018,2,3,ACTIVE,4792184.97,12.34,300,2025-08-26,34,1,1,2,5.0,2168728.56,2.209674856681926,4,0,0.0,,0
2033,7028,2,3,ACTIVE,9290347.34,13.1673,300,2025-07-05,42,1,1,1,9.0,6073587.0,1.5296310631592172,5,0,0.0,,0
2034,7031,1,3,ACTIVE,362850.1,20.6524,48,2025-04-26,36,2,1,1,10.0,2067713.4,0.1754837493435986,8,0,0.0,,0
2035,7032,1,3,ACTIVE,690517.42,17.435,48,2025-07-15,44,1,1,2,7.0,3413266.2,0.20230400429945955,5,0,0.0,,0
2036,7032,2,3,ACTIVE,2265550.3,11.5964,300,2025-08-09,44,1,1,2,7.0,3413266.2,0.6637484940377636,4,0,0.0,,0
2037,7035,1,3,ACTIVE,113042.27,20.725,36,2025-05-29,35,2,1,1,11.0,3339771.24,0.03384730925463027,7,0,0.0,,0
2038,7037,1,3,ACTIVE,1196228.59,21.4096,36,2025-06-21,47,2,1,1,11.0,5923937.04,0.2019313476700961,6,0,0.0,,0
2039,7042,1,3,ACTIVE,844674.6,19.4713,48,2025-06-30,32,1,1,1,3.0,1663809.72,0.507675000239811,6,1,1721.38,17.0,1
2043,7058,1,3,ACTIVE,1491509.43,19.4599,60,2025-04-30,54,2,1,1,3.0,6327917.28,0.23570305425990018,8,0,0.0,,0
2045,7079,1,3,ACTIVE,1077348.73,24.6781,24,2025-06-10,42,2,1,1,1.0,4849169.76,0.22217179090880085,6,0,0.0,,0
2046,7080,1,3,ACTIVE,930560.87,23.2329,12,2025-05-10,37,1,1,2,10.0,2891623.32,0.3218126176960006,7,0,0.0,,0
2047,7080,2,3,ACTIVE,8393090.8,11.619,120,2025-02-02,37,1,1,2,10.0,2891623.32,2.9025532966029615,10,0,0.0,,0
2048,7082,1,3,ACTIVE,875560.48,23.4032,48,2025-10-25,39,1,1,1,6.0,2034223.68,0.4304150465891735,2,0,0.0,,0
2049,7085,1,3,ACTIVE,277983.56,22.1204,36,2025-06-26,61,2,1,1,12.0,3233738.64,0.08596352115828383,6,0,0.0,,0
2051,7088,2,3,ACTIVE,6761111.61,14.5719,180,2025-08-23,49,2,1,1,3.0,2034112.44,3.323863261954192,4,0,0.0,,0
2052,7089,1,3,ACTIVE,1142125.15,17.253,60,2025-05-21,44,2,1,1,9.0,1679809.56,0.6799134718580837,7,0,0.0,,0
2053,7093,1,3,ACTIVE,978832.27,20.0494,12,2025-03-04,39,2,1,1,10.0,4401342.72,0.22239401297974815,9,0,0.0,,0
2054,7094,1,3,ACTIVE,287659.08,18.8373,48,2025-10-19,68,1,1,4,,568619.88,0.5058899453181271,2,0,0.0,,0
2055,7095,1,3,ACTIVE,905541.31,16.624,60,2025-08-12,46,2,1,1,11.0,2278211.64,0.39747901121249646,4,0,0.0,,0
2056,7096,1,3,ACTIVE,239926.1,19.7355,12,2025-03-16,26,1,1,1,11.0,2762109.84,0.08686334501454873,9,0,0.0,,0
2057,7099,1,3,ACTIVE,235600.93,19.7293,60,2025-11-04,37,2,1,1,10.0,1650778.92,0.14272106770057374,1,0,0.0,,0
2058,7101,1,3,ACTIVE,413305.3,21.7963,60,2025-07-07,66,2,1,2,9.0,2898802.56,0.14257794087224762,5,0,0.0,,0
2059,7103,2,3,ACTIVE,3460555.89,13.9513,300,2025-02-05,64,2,1,1,6.0,1561912.8,2.2155884054474746,10,1,1496.55,13.0,1
2060,7107,1,3,ACTIVE,1020759.1,19.8233,60,2025-03-27,48,2,1,1,5.0,2295594.84,0.444659955761183,9,0,0.0,,0
2062,7111,1,3,ACTIVE,1144949.25,18.6019,48,2025-06-17,36,1,1,1,5.0,1993815.48,0.5742503564071034,6,0,0.0,,0
2063,7111,2,3,ACTIVE,7969294.18,11.0449,240,2025-06-28,36,1,1,1,5.0,1993815.48,3.9970068744776723,6,0,0.0,,0
2064,7118,2,3,ACTIVE,9123031.48,14.2228,120,2025-06-10,37,1,1,1,4.0,1894863.84,4.8146105738130505,6,1,841.04,8.0,1
2065,7122,2,3,ACTIVE,7763951.03,12.5715,120,2025-08-24,42,2,1,1,11.0,2613319.56,2.97091528676271,4,0,0.0,,0
2066,7126,2,3,ACTIVE,6516523.53,14.2715,300,2025-10-24,61,2,1,1,5.0,2787698.64,2.337599709127813,2,0,0.0,,0
2067,7128,2,3,ACTIVE,7063609.83,11.1171,180,2025-11-21,30,1,1,1,4.0,1991631.72,3.5466445724212505,1,0,0.0,,0
2068,7129,2,3,ACTIVE,3714691.82,11.5092,180,2025-08-14,50,2,1,1,3.0,5169312.48,0.7186046179974789,4,1,1878.15,10.0,1
2069,7130,1,3,ACTIVE,914392.77,22.554,12,2025-06-06,59,1,1,1,9.0,4639323.0,0.19709616467747557,6,1,1655.11,20.0,1
2070,7134,2,3,ACTIVE,3550398.87,12.2718,180,2025-08-24,36,2,1,1,2.0,1908398.76,1.8604072400466243,4,0,0.0,,0
2071,7136,1,3,ACTIVE,636956.2,16.7871,24,2025-06-01,58,1,1,1,4.0,1436288.64,0.44347367392671155,7,0,0.0,,0
2072,7137,2,3,ACTIVE,2005926.43,12.7525,180,2025-05-05,58,2,1,1,3.0,1336563.36,1.5008090824815068,7,1,1740.18,13.0,1
2073,7142,1,3,ACTIVE,973035.84,21.5807,48,2025-05-31,45,2,1,1,11.0,6091401.36,0.15973924266254555,7,0,0.0,,0
2074,7142,2,3,ACTIVE,7199193.21,11.4814,180,2025-06-06,45,2,1,1,11.0,6091401.36,1.1818615757737558,6,0,0.0,,0
2076,7152,1,3,ACTIVE,173459.46,17.9277,24,2025-06-27,31,1,1,1,10.0,848375.88,0.20446062186492148,6,0,0.0,,0
2077,7154,1,3,ACTIVE,202097.96,16.2254,12,2025-11-02,20,1,2,3,,572882.76,0.3527736809534991,1,0,0.0,,0
2079,7156,1,3,ACTIVE,638618.08,17.7687,36,2025-07-23,26,1,1,1,12.0,644790.6,0.9904270936952244,5,0,0.0,,0
2080,7158,1,3,ACTIVE,1408294.24,21.1791,24,2025-05-04,64,1,2,1,4.0,4016832.84,0.35059816927806237,7,0,0.0,,0
2083,7169,1,3,ACTIVE,284209.46,19.4844,36,2025-05-20,52,2,1,2,11.0,1207949.04,0.23528265728825778,7,0,0.0,,0
2084,7175,2,3,ACTIVE,6790394.61,13.3257,240,2025-08-08,33,2,1,1,9.0,1061723.52,6.395633592067359,3,0,0.0,,0
2085,7176,1,3,ACTIVE,1183302.58,17.074,12,2025-02-23,51,1,1,1,7.0,1354410.36,0.873666220332219,10,0,0.0,,0
2086,7178,2,3,ACTIVE,8483550.83,13.3285,120,2025-04-20,48,2,1,1,8.0,2403684.24,3.529394871765686,8,0,0.0,,0
2087,7179,1,3,ACTIVE,507890.67,18.4585,36,2025-08-19,30,1,1,1,10.0,828887.64,0.6127376564572733,4,0,0.0,,0
2088,7184,1,3,ACTIVE,630278.64,21.9999,36,2025-07-09,25,1,1,1,3.0,1338502.68,0.4708833605024982,5,0,0.0,,0
2089,7185,1,3,ACTIVE,257891.89,17.2249,24,2025-09-24,29,2,1,1,7.0,1128063.48,0.228614696399887,3,0,0.0,,0
2090,7210,1,3,ACTIVE,708896.79,18.6875,60,2025-02-06,39,1,1,1,9.0,2096770.08,0.3380899015880654,10,0,0.0,,0
2091,7210,2,3,ACTIVE,3382471.81,13.5182,120,2025-01-25,39,1,1,1,9.0,2096770.08,1.6131820280457263,11,1,1428.66,11.0,1
2093,7223,1,3,ACTIVE,451973.69,18.0144,36,2025-07-05,64,1,1,1,5.0,1348454.76,0.3351789792339789,5,0,0.0,,0
2094,7224,1,3,ACTIVE,737137.05,22.9678,36,2025-11-17,36,1,1,1,10.0,1656452.64,0.4450094329289125,1,0,0.0,,0
2095,7224,2,3,ACTIVE,3585790.69,12.9042,240,2025-12-01,36,1,1,1,10.0,1656452.64,2.1647408464391713,1,0,0.0,,0
2099,7229,2,3,ACTIVE,2362685.62,12.1485,120,2025-08-02,58,2,3,1,11.0,4592425.92,0.5144744109448803,4,0,0.0,,0
2100,7230,1,3,ACTIVE,409315.16,18.2591,48,2025-05-10,64,2,1,1,6.0,2356437.0,0.17370087127302788,7,0,0.0,,0
2102,7234,1,3,ACTIVE,731256.74,24.9059,36,2025-06-25,27,2,2,1,4.0,1409926.56,0.5186488152971599,6,0,0.0,,0
2103,7234,2,3,ACTIVE,3821917.39,10.6174,180,2025-07-03,27,2,2,1,4.0,1409926.56,2.710720897406174,5,0,0.0,,0
2104,7235,1,3,ACTIVE,701621.08,16.6478,60,2025-05-02,62,2,1,1,9.0,2064130.56,0.33991119243929996,7,1,1764.61,14.0,1
2105,7238,2,3,ACTIVE,3349485.88,13.9901,180,2025-07-12,37,2,1,1,6.0,2446178.64,1.3692728017607088,5,2,2633.74,7.0,1
2106,7241,1,3,ACTIVE,1036671.38,19.9045,36,2025-07-17,64,2,1,1,1.0,1805411.4,0.5742023009270907,5,0,0.0,,0
2107,7242,1,3,ACTIVE,110150.68,20.6538,36,2025-06-21,33,1,1,1,12.0,3208280.04,0.03433324978701049,6,0,0.0,,0
2108,7243,1,3,ACTIVE,430006.87,17.4649,60,2025-05-24,28,1,1,1,7.0,1189392.0,0.36153502798068254,7,0,0.0,,0
2109,7244,2,3,ACTIVE,7856380.82,13.8915,180,2025-09-11,34,1,1,1,3.0,2017358.76,3.8943895234578902,3,0,0.0,,0
2110,7248,1,3,ACTIVE,879202.23,19.6745,24,2025-08-12,43,2,1,1,1.0,1278875.4,0.6874807584851503,4,0,0.0,,0
2111,7250,1,3,ACTIVE,602601.8,20.3181,60,2025-08-17,50,2,1,1,8.0,320169.72,1.882132389034166,4,1,556.44,13.0,1
2112,7257,1,3,ACTIVE,169246.59,24.6047,60,2025-11-21,43,2,1,1,5.0,2488312.68,0.06801660874870437,1,0,0.0,,0
2113,7259,1,3,ACTIVE,1218436.77,22.1732,60,2025-07-03,49,2,1,1,7.0,3245724.24,0.3753975014217474,5,0,0.0,,0
2114,7259,2,3,ACTIVE,6241656.28,12.6866,240,2025-07-09,49,2,1,1,7.0,3245724.24,1.9230396110299253,5,0,0.0,,0
2115,7264,1,3,ACTIVE,779670.97,19.791,24,2025-06-24,36,2,1,1,6.0,1153332.6,0.6760157217441005,6,0,0.0,,0
2117,7272,1,3,ACTIVE,1022512.44,21.1354,36,2025-07-09,59,2,1,2,8.0,3647933.4,0.2802990975657615,5,0,0.0,,0
2118,7273,2,3,ACTIVE,3478883.79,12.177,240,2025-03-19,53,2,1,2,12.0,4662842.16,0.7460865434913199,9,0,0.0,,0
2119,7277,1,3,ACTIVE,522905.83,24.2361,24,2025-06-16,27,2,1,1,6.0,2001186.96,0.26129783995794176,6,0,0.0,,0
2120,7280,2,3,ACTIVE,5360002.04,10.6947,300,2025-10-27,51,2,2,1,1.0,2140966.08,2.5035436525925716,2,0,0.0,,0
2121,7281,1,3,ACTIVE,656758.29,16.8238,48,2025-10-21,60,1,1,1,7.0,2231496.72,0.294312908512812,2,0,0.0,,0
2122,7284,1,3,ACTIVE,228068.86,17.8277,36,2025-06-20,44,1,2,1,8.0,2336964.48,0.09759192403300884,6,1,353.8,20.0,1
2123,7284,2,3,ACTIVE,4141857.78,13.4913,300,2025-06-21,44,1,2,1,8.0,2336964.48,1.772323805280943,6,0,0.0,,0
2124,7286,1,3,ACTIVE,1027587.95,22.8848,48,2025-06-10,37,2,1,1,5.0,1385044.8,0.7419167596600486,6,0,0.0,,0
2125,7286,2,3,ACTIVE,7585149.98,12.4225,120,2025-05-26,37,2,1,1,5.0,1385044.8,5.476465439962664,7,0,0.0,,0
2127,7296,2,3,ACTIVE,3484266.39,14.1664,300,2025-05-29,29,1,1,1,9.0,1254308.16,2.777839211378486,7,0,0.0,,0
2128,7300,1,3,ACTIVE,586220.08,16.4707,12,2025-07-14,63,1,1,1,2.0,4020405.84,0.1458111701479371,5,0,0.0,,0
2129,7305,1,3,ACTIVE,754471.23,16.3665,60,2025-06-26,64,1,1,1,2.0,2863128.96,0.2635128352723588,6,0,0.0,,0
2130,7305,2,3,ACTIVE,2717672.6,11.4093,300,2025-06-11,64,1,1,1,2.0,2863128.96,0.9491967137938488,6,0,0.0,,0
2131,7307,2,3,ACTIVE,8529335.36,13.9443,300,2025-04-17,25,2,1,1,2.0,1389275.64,6.139411873658132,8,0,0.0,,0
2132,7308,1,3,ACTIVE,227630.66,20.4183,12,2025-06-30,58,1,1,1,3.0,5022155.04,0.0453252952541266,6,0,0.0,,0
2133,7309,1,3,ACTIVE,981678.91,19.081,36,2025-03-31,31,2,2,1,7.0,1863909.0,0.5266774880104125,9,0,0.0,,0
2134,7309,2,3,ACTIVE,6809343.09,14.0372,180,2025-03-23,31,2,2,1,7.0,1863909.0,3.6532594080505003,9,0,0.0,,0
2135,7312,1,3,ACTIVE,1108149.95,22.9834,24,2025-10-30,36,2,1,2,12.0,4067571.12,0.2724352979475378,2,0,0.0,,0
2136,7315,2,3,ACTIVE,5762219.3,12.8702,180,2025-04-12,42,1,1,1,1.0,2362782.96,2.4387425326615695,8,0,0.0,,0
2137,7317,2,3,ACTIVE,8153720.02,10.5829,180,2025-04-21,41,2,1,1,2.0,1865598.48,4.370565321215313,8,2,2603.37,8.0,1
2138,7318,1,3,ACTIVE,547406.56,21.1,36,2025-06-24,41,1,1,1,8.0,1969572.24,0.2779316995247658,6,0,0.0,,0
2139,7320,2,3,ACTIVE,5494251.6,13.8698,120,2025-10-12,33,1,1,1,11.0,4213286.88,1.3040297887334935,2,0,0.0,,0
2141,7329,1,3,ACTIVE,311112.25,20.9066,36,2025-05-06,54,2,1,4,,257315.64,1.2090685587553092,7,0,0.0,,0
2142,7335,1,3,ACTIVE,1430990.39,20.9792,48,2025-06-08,65,2,1,2,11.0,4905150.12,0.29173223142862753,6,0,0.0,,0
2143,7338,2,3,ACTIVE,5262941.5,14.9259,240,2025-03-01,32,2,1,1,1.0,784988.28,6.704484173954801,10,0,0.0,,0
2144,7340,1,3,ACTIVE,538595.7,20.1528,36,2025-11-17,61,1,1,1,9.0,2008529.88,0.26815418847540373,1,0,0.0,,0
2146,7341,1,3,ACTIVE,718218.93,18.8251,60,2025-10-25,39,2,1,1,3.0,3977245.92,0.18058197668601794,2,0,0.0,,0
2147,7342,2,3,ACTIVE,6234589.5,10.2906,120,2025-05-29,42,1,1,1,12.0,2185493.76,2.8527143907288024,7,1,1182.9,11.0,1
2149,7348,1,3,ACTIVE,489933.74,20.8726,36,2025-08-29,40,2,1,1,2.0,2294317.56,0.21354225262522072,4,0,0.0,,0
2150,7349,1,3,ACTIVE,1226628.94,19.5259,60,2025-06-12,37,2,1,1,10.0,5960705.04,0.2057858813292328,6,1,652.96,17.0,1
2151,7349,2,3,ACTIVE,6950987.81,13.2778,120,2025-04-09,37,2,1,1,10.0,5960705.04,1.1661351741706045,8,0,0.0,,0
2152,7350,1,3,ACTIVE,486627.01,19.931,60,2025-07-31,55,2,1,1,9.0,898894.56,0.5413616142031163,5,0,0.0,,0
2153,7352,1,3,ACTIVE,488499.11,19.571,48,2025-04-18,31,1,2,1,12.0,2185377.48,0.22353076961331184,8,1,1409.36,7.0,1
2154,7364,1,3,ACTIVE,888549.98,19.1978,48,2025-09-25,47,2,1,1,2.0,1512392.4,0.5875128571130085,3,0,0.0,,0
2155,7364,2,3,ACTIVE,9672347.17,12.6801,300,2025-10-31,47,2,1,1,2.0,1512392.4,6.395395249275254,2,0,0.0,,0
2156,7365,1,3,ACTIVE,596189.68,18.6969,60,2025-07-09,28,1,1,1,10.0,2116113.12,0.2817380953623122,5,1,1823.07,7.0,1
2157,7366,1,3,ACTIVE,1106213.88,16.1582,36,2025-05-13,40,1,1,1,6.0,1718822.64,0.643588148222204,7,0,0.0,,0
2158,7369,2,3,ACTIVE,3846939.83,11.6889,180,2025-03-18,33,2,2,1,10.0,1356292.32,2.8363648258363656,9,0,0.0,,0
2159,7375,1,3,ACTIVE,621202.44,24.1968,36,2025-07-30,46,1,1,1,8.0,1448304.72,0.42891694780915995,5,0,0.0,,0
2160,7377,2,3,ACTIVE,9520430.23,14.8671,240,2025-05-22,50,1,2,1,2.0,2133411.48,4.4625382019599895,7,1,667.9,12.0,1
2161,7380,1,3,ACTIVE,219059.96,18.8354,48,2025-08-18,34,1,1,1,7.0,2555181.36,0.08573166798618162,4,0,0.0,,0
2162,7383,1,3,ACTIVE,992592.24,16.0812,24,2025-04-19,39,1,1,1,11.0,1876201.8,0.5290434323216191,8,1,1300.05,7.0,1
2163,7388,1,3,ACTIVE,345013.16,20.3941,12,2025-05-30,76,1,1,4,,848730.24,0.4065050869402273,7,0,0.0,,0
2165,7393,1,3,ACTIVE,1047412.8,19.1435,60,2025-10-30,42,1,1,1,11.0,1847172.96,0.5670355850163593,2,0,0.0,,0
2166,7395,2,3,ACTIVE,6673314.92,13.5876,300,2025-07-29,39,2,1,1,6.0,1932457.56,3.4532789015040515,5,0,0.0,,0
2167,7407,2,3,ACTIVE,9223154.57,10.053,180,2025-08-13,62,1,1,1,5.0,1877439.24,4.912624799511488,4,0,0.0,,0
2168,7416,2,3,ACTIVE,7096292.6,10.9812,180,2025-04-22,34,1,1,1,11.0,1853993.64,3.8275711668568615,8,1,668.9,12.0,1
2169,7425,1,3,ACTIVE,671795.83,22.1656,60,2025-07-02,64,2,1,1,3.0,2388399.96,0.28127442691801086,5,0,0.0,,0
2170,7434,1,3,ACTIVE,1141758.22,19.5159,24,2025-07-22,49,1,1,1,3.0,1757562.24,0.6496260525032672,5,1,434.14,12.0,1
2171,7434,2,3,ACTIVE,5793246.44,12.2008,240,2025-08-26,49,1,1,1,3.0,1757562.24,3.2961828082970195,4,1,1571.01,10.0,1
2172,7437,2,3,ACTIVE,9814341.73,10.2083,180,2025-05-10,35,2,1,1,10.0,1572345.6,6.241847676490461,7,1,1746.93,10.0,1
2173,7441,2,3,ACTIVE,3627990.99,13.2332,300,2025-08-08,51,1,1,1,6.0,2423698.68,1.4968820257805313,4,0,0.0,,0
2174,7442,1,3,ACTIVE,512950.96,22.5252,60,2025-10-03,57,1,1,1,2.0,1904577.36,0.2693253478556523,2,1,1525.23,12.0,1
2175,7447,2,3,ACTIVE,6021005.17,14.6997,120,2025-07-01,24,1,1,1,9.0,1321504.68,4.556173928948931,6,0,0.0,,0
2176,7452,2,3,ACTIVE,8897693.1,13.7404,180,2025-03-11,57,1,1,1,11.0,1805073.48,4.9292691951798,9,0,0.0,,0
2178,7462,2,3,ACTIVE,6394843.39,14.5794,180,2025-03-08,29,1,1,1,2.0,794909.28,8.04474617531198,9,0,0.0,,0
2179,7464,1,3,ACTIVE,648356.76,16.6179,24,2025-08-23,56,2,1,1,11.0,2354968.08,0.2753144577653893,4,1,969.24,15.0,1
2180,7467,2,3,ACTIVE,3525180.7,13.7666,120,2025-02-27,34,2,1,1,3.0,1935541.92,1.8212887375748492,9,0,0.0,,0
2181,7469,1,3,ACTIVE,138046.27,21.0852,12,2025-08-24,22,1,2,3,,387000.72,0.3567080443674627,4,0,0.0,,0
2182,7472,1,3,ACTIVE,776998.32,17.5801,24,2025-03-04,43,2,1,1,2.0,3250573.2,0.23903424786742228,9,0,0.0,,0
2183,7472,2,3,ACTIVE,5285521.67,12.8169,180,2025-03-16,43,2,1,1,2.0,3250573.2,1.6260275787667233,9,0,0.0,,0
2184,7473,1,3,ACTIVE,582866.69,17.3668,36,2025-05-31,65,1,1,1,6.0,1628117.4,0.35800040586753756,7,0,0.0,,0
2185,7474,2,3,ACTIVE,6522458.88,14.6589,120,2025-02-22,40,2,1,1,8.0,3420066.12,1.9071148484111764,10,0,0.0,,0
2186,7476,2,3,ACTIVE,8704661.7,12.6212,180,2025-07-01,50,2,1,1,4.0,3360303.12,2.590439430357104,6,0,0.0,,0
2187,7480,1,3,ACTIVE,262825.79,21.5044,36,2025-05-24,42,1,1,1,10.0,1232491.8,0.21324749584540847,7,1,1593.95,9.0,1
2188,7480,2,3,ACTIVE,3616180.49,13.8834,180,2025-06-01,42,1,1,1,10.0,1232491.8,2.9340402021335965,7,0,0.0,,0
2189,7481,2,3,ACTIVE,9907233.56,14.5392,180,2025-04-16,42,2,1,1,3.0,3709909.68,2.670478371322506,8,0,0.0,,0
2191,7488,1,3,ACTIVE,206238.36,16.8353,60,2025-09-02,22,2,1,3,,571642.92,0.3607817971400748,3,0,0.0,,0
2192,7489,1,3,ACTIVE,257249.77,21.9289,48,2025-09-03,73,1,1,4,,476168.16,0.54024983526828,3,1,386.14,9.0,1
2193,7491,2,3,ACTIVE,4100385.34,12.4103,120,2025-05-17,64,1,1,1,1.0,1567854.0,2.6152851859930837,7,0,0.0,,0
2194,7493,2,3,ACTIVE,6958080.45,11.1108,300,2025-05-24,37,1,1,1,8.0,1116018.72,6.234734530259493,7,1,511.86,10.0,1
2195,7499,1,3,ACTIVE,977704.48,17.0585,48,2025-10-29,34,1,1,1,10.0,1357555.56,0.7201948183984455,2,0,0.0,,0
2196,7505,1,3,ACTIVE,129238.43,24.2469,48,2025-08-03,20,1,1,3,,570534.48,0.22652168191482486,4,0,0.0,,0
2198,7515,2,3,ACTIVE,5411806.89,13.5113,240,2025-07-10,35,1,1,1,7.0,2273749.2,2.3801248132379773,5,0,0.0,,0
2199,7525,1,3,ACTIVE,123833.08,22.0086,12,2025-06-28,61,2,1,1,5.0,2633434.08,0.04702342122040131,6,0,0.0,,0
2201,7528,2,3,ACTIVE,4321767.16,10.808,180,2025-05-04,46,2,1,1,12.0,1659271.56,2.6046171489855463,7,0,0.0,,0
2202,7530,2,3,ACTIVE,9961228.78,12.8382,240,2025-06-22,37,1,1,2,4.0,2744646.0,3.6293309884043334,6,1,1715.24,19.0,1
2204,7532,2,3,ACTIVE,5903938.71,14.9438,300,2025-05-22,22,2,1,3,,684388.44,8.626590346850394,7,0,0.0,,0
2205,7534,2,3,ACTIVE,5863951.52,10.5502,120,2025-03-31,32,1,1,1,4.0,1880279.28,3.1186598620604915,9,1,1735.32,15.0,1
2206,7539,1,3,ACTIVE,1443165.92,19.6311,36,2025-11-21,62,1,1,1,2.0,3635994.36,0.39691093470232996,1,0,0.0,,0
2207,7541,1,3,ACTIVE,1023226.44,22.21,60,2025-10-01,57,2,1,1,4.0,2065682.16,0.4953455375729246,3,0,0.0,,0
2209,7546,2,3,ACTIVE,6245626.29,12.4333,240,2025-09-15,47,1,1,2,5.0,945509.28,6.605568472051379,3,0,0.0,,0
2210,7548,1,3,ACTIVE,609615.52,21.6162,12,2025-07-17,38,2,1,1,6.0,2321715.36,0.2625711706537532,5,0,0.0,,0
2211,7551,1,3,ACTIVE,538734.76,24.3387,48,2025-09-30,63,2,1,1,3.0,957507.72,0.5626427325306578,3,0,0.0,,0
2212,7553,1,3,ACTIVE,116945.32,24.8271,48,2025-05-20,30,2,1,1,1.0,1147270.56,0.10193351427060066,7,0,0.0,,0
2214,7558,1,3,ACTIVE,494302.97,24.1119,12,2025-05-08,51,2,1,1,11.0,1753472.52,0.28189946769168645,7,0,0.0,,0
2215,7558,2,3,ACTIVE,9678015.78,14.8281,240,2025-06-10,51,2,1,1,11.0,1753472.52,5.519342715447859,6,0,0.0,,0
2216,7566,1,3,ACTIVE,404985.48,24.3199,12,2025-06-18,65,2,1,1,7.0,2240420.88,0.18076312518565707,6,0,0.0,,0
2217,7566,2,3,ACTIVE,5383305.92,10.571,180,2025-04-16,65,2,1,1,7.0,2240420.88,2.402810100573603,8,0,0.0,,0
2218,7567,1,3,ACTIVE,979072.77,19.8588,24,2025-07-14,60,2,1,1,2.0,923593.56,1.0600688575611117,5,0,0.0,,0
2219,7568,2,3,ACTIVE,8278925.59,14.902,120,2025-02-25,40,1,2,1,6.0,2452612.8,3.375553446512226,10,1,1998.81,15.0,1
2220,7570,2,3,ACTIVE,9718644.61,13.1126,180,2025-03-02,55,2,1,1,7.0,2512415.16,3.868247877472607,9,0,0.0,,0
2222,7575,1,3,ACTIVE,897345.64,24.1095,48,2025-06-22,64,2,1,1,10.0,1837305.96,0.48840294405837553,6,0,0.0,,0
2223,7583,1,3,ACTIVE,1444665.49,19.2163,36,2025-07-08,40,2,1,2,5.0,1812805.08,0.7969226840427874,5,0,0.0,,0
2226,7598,1,3,ACTIVE,958900.55,20.4026,12,2025-06-27,48,1,1,1,5.0,2124467.88,0.4513603425249244,6,0,0.0,,0
2227,7598,2,3,ACTIVE,9170559.94,14.8413,300,2025-07-04,48,1,1,1,5.0,2124467.88,4.3166385457425696,5,0,0.0,,0
2228,7600,1,3,ACTIVE,1469340.64,16.2182,48,2025-03-01,58,1,1,1,4.0,5145225.48,0.2855736149390289,9,0,0.0,,0
2229,7603,1,3,ACTIVE,426589.94,18.7583,48,2025-05-21,40,2,1,1,7.0,802020.48,0.5318940733284018,7,0,0.0,,0
2230,7603,2,3,ACTIVE,9857658.69,12.6452,300,2025-05-05,40,2,1,1,7.0,802020.48,12.291031134267294,7,1,370.44,11.0,1
2231,7611,1,3,ACTIVE,366784.14,16.8924,48,2025-06-28,19,2,1,3,,729956.52,0.5024739555720388,6,1,990.63,5.0,1
2232,7612,2,3,ACTIVE,6331735.09,13.3522,120,2025-11-06,45,1,1,1,1.0,1654944.36,3.8259504325571405,1,0,0.0,,0
2233,7614,2,3,ACTIVE,9858843.4,11.8376,180,2025-11-15,59,1,1,1,3.0,3312741.36,2.9760377671017455,1,0,0.0,,0
2234,7624,1,3,ACTIVE,195439.6,17.9487,24,2025-09-06,30,2,1,1,12.0,1164208.92,0.1678733057637112,3,0,0.0,,0
2235,7631,2,3,ACTIVE,6493960.89,14.109,240,2025-04-13,59,1,1,1,12.0,4614936.0,1.4071616356109815,8,0,0.0,,0
2236,7634,1,3,ACTIVE,337163.98,17.6156,24,2025-07-17,50,2,1,2,4.0,1841944.92,0.1830478079659407,5,0,0.0,,0
2237,7636,1,3,ACTIVE,768855.9,17.3979,24,2025-05-30,64,2,1,1,4.0,2492272.92,0.3084958689034747,7,0,0.0,,0
2238,7636,2,3,ACTIVE,5805772.34,12.6361,300,2025-05-23,64,2,1,1,4.0,2492272.92,2.3295090571380923,7,0,0.0,,0
2239,7644,1,3,ACTIVE,676233.75,21.6826,60,2025-06-21,50,1,1,1,5.0,5815972.8,0.11627182128499639,6,1,714.87,11.0,1
2240,7644,2,3,ACTIVE,3091468.82,11.1874,300,2025-01-24,50,1,1,1,5.0,5815972.8,0.5315480189315879,11,1,1960.92,3.0,1
2241,7648,2,3,ACTIVE,3245461.25,14.051,180,2025-10-27,60,1,1,1,6.0,1958986.2,1.656704498479877,2,0,0.0,,0
2242,7649,1,3,ACTIVE,955908.5,23.3957,24,2025-04-02,40,2,1,1,8.0,2001772.8,0.477530966551249,8,1,1586.76,8.0,1
2243,7649,2,3,ACTIVE,7417116.14,14.6759,300,2025-04-25,40,2,1,1,8.0,2001772.8,3.7052737153786883,8,1,1570.02,10.0,1
2244,7658,2,3,ACTIVE,5489312.29,13.8131,120,2025-10-27,47,2,1,1,6.0,1645807.56,3.335330583850277,2,0,0.0,,0
2245,7659,2,3,ACTIVE,9253616.05,13.5729,240,2025-11-16,59,1,1,1,11.0,6071814.6,1.5240280969712086,1,0,0.0,,0
2246,7660,1,3,ACTIVE,870757.89,18.6613,12,2025-06-05,26,2,1,1,2.0,1020102.48,0.8535984443445329,6,2,3631.17,10.0,1
2247,7660,2,3,ACTIVE,3388879.71,10.8137,300,2025-06-09,26,2,1,1,2.0,1020102.48,3.3220973151638646,6,0,0.0,,0
2248,7666,1,3,ACTIVE,1043690.92,21.6531,36,2025-04-21,49,1,1,1,10.0,974560.68,1.0709347723735376,8,0,0.0,,0
2249,7670,2,3,ACTIVE,9349106.4,14.5869,240,2025-04-28,55,1,1,1,9.0,1156997.28,8.0804912523217,8,0,0.0,,0
2250,7671,2,3,ACTIVE,9674978.17,11.6639,300,2025-09-04,40,2,2,1,4.0,1551388.2,6.236336056958535,3,0,0.0,,0
2252,7674,2,3,ACTIVE,2204845.73,10.0322,300,2025-11-14,50,2,1,1,6.0,1475726.4,1.4940748705180038,1,0,0.0,,0
2253,7675,2,3,ACTIVE,9123796.32,10.7844,300,2025-04-30,48,1,1,1,7.0,2377413.24,3.8376989605727947,8,0,0.0,,0
2254,7679,1,3,ACTIVE,915524.28,20.1933,60,2025-03-05,53,2,1,2,11.0,4996263.36,0.18324179772621113,9,1,1069.5,20.0,1
2255,7684,1,3,ACTIVE,572241.62,19.832,12,2025-11-14,50,1,1,1,2.0,1926861.24,0.2969812294319647,1,0,0.0,,0
2256,7684,2,3,ACTIVE,2476509.95,11.3826,120,2025-11-19,50,1,1,1,2.0,1926861.24,1.2852559896840314,1,0,0.0,,0
2257,7689,1,3,ACTIVE,304939.43,22.9906,36,2025-07-13,52,2,1,1,7.0,2574360.6,0.11845249263059729,5,0,0.0,,0
2258,7690,2,3,ACTIVE,6074170.16,12.5116,300,2025-04-15,38,2,1,2,9.0,1576032.96,3.85408827998115,8,0,0.0,,0
2259,7694,2,3,ACTIVE,5480848.93,10.0784,300,2025-05-13,60,2,1,1,4.0,1932427.32,2.836251005807556,7,1,1448.14,4.0,1
2260,7708,1,3,ACTIVE,504895.62,17.5497,48,2025-05-05,45,1,3,1,4.0,3465180.72,0.1457054222557258,7,0,0.0,,0
2261,7712,1,3,ACTIVE,575417.87,22.7291,24,2025-05-27,64,1,1,2,5.0,3605827.08,0.1595799957218137,7,1,902.2,19.0,1
2262,7712,2,3,ACTIVE,7182166.82,13.054,240,2025-04-09,64,1,1,2,5.0,3605827.08,1.9918223089056173,8,0,0.0,,0
2263,7714,1,3,ACTIVE,1341819.23,16.405,36,2025-07-10,33,1,1,1,10.0,4337304.36,0.309367090392522,5,1,556.99,8.0,1
2264,7716,2,3,ACTIVE,3982621.51,11.0057,180,2025-04-28,59,2,1,1,10.0,5321948.16,0.7483390274136004,7,0,0.0,,0
2265,7720,1,3,ACTIVE,366460.52,19.7934,60,2025-02-25,34,1,1,2,5.0,2328483.96,0.15738159519037442,10,2,1721.35,18.5,1
2266,7727,1,3,ACTIVE,1216397.42,18.3687,12,2025-09-30,58,2,1,1,6.0,5185989.36,0.23455455373321477,3,1,1336.31,15.0,1
2269,7740,1,3,ACTIVE,232138.82,19.4168,24,2025-06-06,43,1,1,1,10.0,2912880.12,0.07969391476364637,6,0,0.0,,0
2270,7743,1,3,ACTIVE,649746.9,16.7569,60,2025-11-03,44,2,1,1,10.0,2434371.36,0.2669054157784702,1,0,0.0,,0
2272,7755,1,3,ACTIVE,795198.32,17.9107,24,2025-05-19,47,1,1,2,10.0,2671422.12,0.2976685391824187,7,1,676.36,6.0,1
2274,7757,1,3,ACTIVE,105854.39,24.3024,12,2025-07-24,34,2,1,1,12.0,2145036.72,0.049348521175898566,5,0,0.0,,0
2277,7772,1,3,ACTIVE,673489.47,17.1705,24,2025-09-13,24,2,1,1,10.0,708945.24,0.9499879990731019,3,0,0.0,,0
2278,7775,1,3,ACTIVE,257449.9,21.1155,24,2025-07-04,44,1,1,1,11.0,1353762.72,0.19017357783349212,5,0,0.0,,0
2279,7775,2,3,ACTIVE,8799781.4,14.184,300,2025-06-04,44,1,1,1,11.0,1353762.72,6.500239126100325,6,2,1692.62,16.5,1
2280,7776,1,3,ACTIVE,289173.09,23.8032,24,2025-05-12,37,2,1,1,10.0,1588196.04,0.182076445676064,7,1,328.39,17.0,1
2281,7784,2,3,ACTIVE,8122721.99,14.3381,300,2025-06-20,37,2,1,2,2.0,3959501.4,2.0514507180121213,6,1,1094.3,10.0,1
2282,7796,1,3,ACTIVE,586078.4,24.1637,24,2025-08-05,32,2,1,1,4.0,1992381.36,0.29415974861358873,4,1,1686.42,4.0,1
2283,7799,1,3,ACTIVE,1102979.98,21.1353,48,2025-09-16,57,1,1,1,6.0,0.0,,2,0,0.0,,0
2285,7818,1,3,ACTIVE,795854.98,17.5771,36,2025-05-26,62,2,1,1,7.0,5519857.32,0.14418035356029818,7,0,0.0,,0
2286,7823,1,3,ACTIVE,556411.05,20.1438,60,2025-09-02,41,1,1,1,11.0,1660267.2,0.3351334351482701,3,0,0.0,,0
2287,7823,2,3,ACTIVE,2905054.96,11.825,300,2025-09-25,41,1,1,1,11.0,1660267.2,1.7497514616924312,3,0,0.0,,0
2288,7829,1,3,ACTIVE,536621.51,21.9728,60,2025-05-11,34,1,1,2,11.0,355488.72,1.509531751105914,7,0,0.0,,0
2289,7829,2,3,ACTIVE,4075138.13,11.2316,300,2025-05-19,34,1,1,2,11.0,355488.72,11.463480838435604,7,1,1896.39,15.0,1
2290,7835,1,3,ACTIVE,292807.74,19.5815,12,2025-07-05,30,1,2,1,9.0,1441836.96,0.20307964639774528,5,1,1882.07,6.0,1
2292,7846,2,3,ACTIVE,5745107.89,13.8527,120,2025-10-18,46,2,1,1,7.0,4509493.44,1.2740029376780733,2,0,0.0,,0
2293,7849,2,3,ACTIVE,4272334.02,13.6926,180,2025-03-09,57,1,1,2,9.0,2755211.16,1.550637599769304,9,0,0.0,,0
2295,7851,1,3,ACTIVE,853378.79,18.3107,12,2025-09-19,29,1,1,1,12.0,1318235.16,0.6473646098166582,3,0,0.0,,0
2296,7853,1,3,ACTIVE,521717.82,20.8669,60,2025-05-18,32,1,1,1,1.0,903890.52,0.5771913837529793,6,1,819.71,8.0,1
2297,7857,1,3,ACTIVE,798446.91,17.5498,12,2025-11-08,30,2,1,1,12.0,851596.44,0.9375883605149876,1,0,0.0,,0
2298,7858,1,3,ACTIVE,298506.88,17.1742,24,2025-10-20,57,2,1,1,3.0,1649712.48,0.18094479105837885,2,0,0.0,,0
2299,7862,1,3,ACTIVE,345340.6,23.6208,12,2025-07-11,27,2,1,1,3.0,1478534.88,0.23356946438761053,5,2,3303.51,5.0,1
2300,7863,1,3,ACTIVE,357359.69,20.7985,12,2025-06-10,31,2,1,1,8.0,2575362.48,0.13876092890815123,6,0,0.0,,0
2301,7863,2,3,ACTIVE,7343552.58,12.1298,240,2025-05-25,31,2,1,1,8.0,2575362.48,2.8514636821143715,7,0,0.0,,0
2302,7865,1,3,ACTIVE,1165064.61,19.2591,12,2025-10-04,33,2,1,1,6.0,1497032.52,0.7782493662863116,2,1,1858.89,9.0,1
2303,7870,1,3,ACTIVE,389559.26,20.6938,24,2025-05-28,24,2,1,1,12.0,1430102.04,0.27239962541414176,7,1,1472.75,14.0,1
2304,7874,2,3,ACTIVE,4405465.73,12.5896,300,2025-10-15,44,2,1,1,11.0,1192932.0,3.6929730529485334,2,0,0.0,,0
2306,7878,1,3,ACTIVE,309067.16,17.4895,12,2025-10-15,72,2,1,4,,515140.56,0.5999666576438866,2,0,0.0,,0
2308,7891,1,3,ACTIVE,441301.11,24.6366,12,2025-11-15,36,2,1,1,5.0,2337229.08,0.18881380253920169,1,0,0.0,,0
2309,7892,1,3,ACTIVE,324040.76,18.5166,48,2025-05-06,26,1,1,1,6.0,1095785.28,0.295715562085302,7,0,0.0,,0
2310,7894,1,3,ACTIVE,640329.39,18.3776,48,2025-10-12,41,2,1,1,7.0,1078031.88,0.5939800129101933,2,0,0.0,,0
2311,7894,2,3,ACTIVE,2030818.91,12.2616,300,2025-11-17,41,2,1,1,7.0,1078031.88,1.8838208291205636,1,0,0.0,,0
2312,7895,2,3,ACTIVE,5584950.93,13.5751,240,2025-11-09,60,1,1,1,1.0,4182193.08,1.3354120250230055,1,0,0.0,,0
2314,7901,2,3,ACTIVE,2185091.59,14.8303,300,2025-03-21,45,2,1,1,12.0,3175699.32,0.6880662713370483,9,0,0.0,,0
2315,7902,1,3,ACTIVE,808627.08,22.2067,60,2025-03-23,44,2,1,1,5.0,2121370.8,0.3811813945963619,9,1,321.56,12.0,1
2316,7902,2,3,ACTIVE,6351375.14,11.4147,240,2025-02-24,44,2,1,1,5.0,2121370.8,2.9939957408671787,10,0,0.0,,0
2317,7903,1,3,ACTIVE,1100269.18,23.0854,60,2025-07-05,57,2,1,1,4.0,2501294.4,0.4398799197727385,5,0,0.0,,0
2318,7904,2,3,ACTIVE,6464258.62,14.8071,240,2025-05-13,59,2,1,1,8.0,4605961.92,1.4034546382007431,7,0,0.0,,0
2320,7906,2,3,ACTIVE,8490321.2,12.2031,180,2025-09-26,49,1,1,1,9.0,2129258.4,3.987454599216328,3,0,0.0,,0
2321,7907,2,3,ACTIVE,9929026.56,10.8902,300,2025-09-24,37,1,1,1,9.0,2566294.8,3.869012461078127,3,0,0.0,,0
2322,7917,2,3,ACTIVE,5087458.66,14.5298,180,2025-10-01,48,1,1,1,10.0,2267464.32,2.243677492574613,2,0,0.0,,0
2324,7919,1,3,ACTIVE,512708.95,24.1599,48,2025-11-29,26,2,1,1,11.0,968114.28,0.5295954832935632,1,0,0.0,,0
2325,7920,1,3,ACTIVE,894599.22,17.9314,48,2025-09-29,55,2,1,1,5.0,2983627.68,0.2998360774022582,3,0,0.0,,0
2326,7923,1,3,ACTIVE,532380.39,23.7023,12,2025-10-06,56,1,1,1,3.0,1844747.04,0.2885926246017991,2,0,0.0,,0
2327,7930,1,3,ACTIVE,360891.45,18.1516,48,2025-05-16,46,2,1,1,9.0,1428596.52,0.25261957798973217,7,0,0.0,,0
2328,7936,2,3,ACTIVE,6771423.12,13.2274,120,2025-08-13,38,2,1,1,10.0,4990128.72,1.356963617563757,4,0,0.0,,0
2329,7937,2,3,ACTIVE,2385893.94,12.3764,180,2025-05-20,47,2,1,1,6.0,1755442.68,1.3591408977250115,7,0,0.0,,0
2330,7943,1,3,ACTIVE,927770.6,22.0444,12,2025-11-27,52,2,1,1,1.0,1759719.96,0.5272262752534784,1,0,0.0,,0
2331,7949,1,3,ACTIVE,199418.42,21.5098,12,2025-07-22,26,1,1,1,3.0,1305123.6,0.15279657804057792,5,0,0.0,,0
2334,7952,2,3,ACTIVE,2572950.34,13.335,240,2025-05-12,41,2,1,1,10.0,1645729.32,1.5634104033584333,7,0,0.0,,0
2335,7957,2,3,ACTIVE,3963915.29,11.5077,180,2025-05-08,54,2,1,1,7.0,1819100.52,2.179052364846776,7,0,0.0,,0
2336,7964,2,3,ACTIVE,9626253.45,14.0411,180,2025-08-25,47,2,1,1,1.0,2799421.8,3.4386577435383265,4,0,0.0,,0
2337,7966,1,3,ACTIVE,1421653.01,20.5282,24,2025-07-17,41,2,1,1,8.0,4347874.32,0.32697656495277905,5,0,0.0,,0
2338,7967,1,3,ACTIVE,1014732.97,19.6555,60,2025-11-23,45,1,2,1,8.0,1933836.96,0.5247251919313819,1,0,0.0,,0
2339,7969,1,3,ACTIVE,453459.11,18.9581,48,2025-10-22,55,2,1,1,8.0,2170886.88,0.20888196164325246,2,0,0.0,,0
2340,7970,1,3,ACTIVE,777633.41,17.0587,12,2025-06-22,47,1,1,1,8.0,1584903.36,0.4906503636915755,6,0,0.0,,0
2342,7980,2,3,ACTIVE,9899507.56,14.0815,120,2025-03-07,58,2,1,2,3.0,3591915.0,2.756052846462124,9,1,1446.47,12.0,1
2343,7981,1,3,ACTIVE,766887.39,23.3666,60,2025-07-08,59,2,1,1,5.0,1392051.12,0.5509046176407659,5,0,0.0,,0
2344,7989,2,3,ACTIVE,6812197.02,12.1601,240,2025-08-29,42,2,1,1,10.0,637062.36,10.693140024785015,4,0,0.0,,0
2346,7995,1,3,ACTIVE,906785.13,17.9735,48,2025-05-23,32,2,1,1,4.0,1396030.92,0.6495451619366711,7,0,0.0,,0
2348,8001,2,3,ACTIVE,2366065.32,14.4426,300,2025-03-31,42,1,1,1,11.0,2129526.96,1.111075541396292,9,1,1812.8,9.0,1
2349,8002,2,3,ACTIVE,2801330.13,10.3794,240,2025-04-01,38,1,1,1,5.0,4883628.6,0.5736165379160897,9,0,0.0,,0
2350,8005,2,3,ACTIVE,8795129.81,10.9,300,2025-05-04,53,1,2,1,8.0,2788601.64,3.153957052825946,7,0,0.0,,0
2351,8006,1,3,ACTIVE,998670.36,17.5719,48,2025-07-05,43,2,1,1,12.0,2066325.72,0.48330732678485944,5,0,0.0,,0
2352,8007,1,3,ACTIVE,725994.82,22.3968,36,2025-07-18,48,1,1,1,11.0,1277098.68,0.568471983699803,5,0,0.0,,0
2353,8009,1,3,ACTIVE,117293.47,19.1719,12,2025-08-21,55,1,1,1,6.0,5283576.12,0.022199636635499065,4,0,0.0,,0
2354,8009,2,3,ACTIVE,8288606.74,11.7716,180,2025-08-23,55,1,1,1,6.0,5283576.12,1.5687493757542381,4,0,0.0,,0
2356,8012,2,3,ACTIVE,3824617.58,11.0134,180,2025-03-20,44,1,1,2,12.0,3098440.44,1.234368597383786,9,0,0.0,,0
2357,8013,1,3,ACTIVE,1022642.96,17.7822,12,2025-06-13,25,2,1,1,7.0,535061.64,1.9112619622666278,6,0,0.0,,0
2358,8020,2,3,ACTIVE,9559901.87,12.9708,300,2025-04-05,38,1,1,1,5.0,1703498.28,5.611923406227331,8,0,0.0,,0
2361,8028,2,3,ACTIVE,2052500.65,12.337,300,2025-04-18,35,1,1,2,4.0,2929690.92,0.7005860706971778,8,2,2474.6,7.5,1
2362,8030,2,3,ACTIVE,6270831.6,10.7954,240,2025-02-01,43,1,1,1,6.0,5898138.96,1.0631881755461388,11,0,0.0,,0
2363,8032,1,3,ACTIVE,422211.02,22.2306,24,2025-07-12,33,1,1,1,7.0,1646210.4,0.25647451868849813,5,0,0.0,,0
2364,8035,2,3,ACTIVE,8911575.25,10.1431,240,2025-08-28,64,1,1,1,11.0,2399806.68,3.713455473005017,4,0,0.0,,0
2365,8036,2,3,ACTIVE,8171368.41,11.8906,240,2025-10-17,49,1,1,2,4.0,3546222.0,2.3042461554860356,2,0,0.0,,0
2366,8039,1,3,ACTIVE,492648.99,20.889,36,2025-02-13,45,2,1,1,3.0,1548025.8,0.3182433974937627,10,1,841.29,18.0,1
2367,8044,1,3,ACTIVE,499132.74,20.3161,60,2025-05-27,44,2,1,1,1.0,1730179.32,0.2884861321773283,7,0,0.0,,0
2368,8046,2,3,ACTIVE,2053319.28,14.7496,300,2025-10-19,33,1,1,1,4.0,1380585.24,1.4872817849334679,2,0,0.0,,0
2369,8054,1,3,ACTIVE,396126.94,19.4869,24,2025-02-24,51,1,1,1,1.0,923084.4,0.42913404234759034,10,0,0.0,,0
2371,8058,1,3,ACTIVE,412178.87,23.5633,48,2025-05-27,39,1,1,1,4.0,2662979.88,0.15478106804171574,7,0,0.0,,0
2372,8060,1,3,ACTIVE,1189495.91,16.2191,60,2025-11-28,47,1,1,1,2.0,1034915.28,1.1493654920236562,1,0,0.0,,0
2376,8076,1,3,ACTIVE,192247.94,16.023,48,2025-07-04,35,1,1,1,4.0,2380511.4,0.08075909235301289,5,1,1302.21,15.0,1
2377,8077,2,3,ACTIVE,7285806.76,13.875,180,2025-01-18,50,2,1,1,3.0,1797698.04,4.052853481444526,11,0,0.0,,0
2378,8078,1,3,ACTIVE,675707.68,16.9452,24,2025-04-12,47,2,1,1,9.0,2264083.68,0.298446424913058,8,1,1726.82,19.0,1
2379,8081,1,3,ACTIVE,626699.27,17.3779,36,2025-07-02,45,2,1,1,6.0,1699250.4,0.3688092525974983,5,0,0.0,,0
2380,8095,2,3,ACTIVE,8060362.92,12.1751,180,2025-07-21,35,1,1,1,5.0,833933.28,9.665476979165527,5,0,0.0,,0
2381,8097,1,3,ACTIVE,203988.92,18.1941,24,2025-03-11,64,1,1,1,2.0,6030283.32,0.033827418908072136,9,0,0.0,,0
2384,8102,1,3,ACTIVE,1329039.83,24.3135,48,2025-06-30,35,1,1,1,10.0,4788399.48,0.27755408368726997,6,1,1310.76,19.0,1
2385,8104,1,3,ACTIVE,391486.01,22.0984,24,2025-05-03,34,1,1,1,7.0,925835.76,0.4228460672117482,7,1,539.14,19.0,1
2386,8109,2,3,ACTIVE,9438494.05,12.853,240,2025-04-14,43,1,1,1,7.0,3403789.44,2.772937109176765,8,0,0.0,,0
2388,8116,1,3,ACTIVE,1137375.89,19.4272,12,2025-06-16,50,2,2,1,3.0,1567804.68,0.7254576443795282,6,0,0.0,,0
2389,8120,2,3,ACTIVE,4759375.73,11.1523,120,2025-11-02,38,2,1,1,2.0,1776874.8,2.6785093299764284,1,0,0.0,,0
2390,8122,2,3,ACTIVE,5065109.25,12.3533,180,2025-05-14,34,2,1,2,3.0,4565682.0,1.1093872175066068,7,0,0.0,,0
2391,8123,1,3,ACTIVE,965044.2,17.4602,60,2025-11-08,35,2,1,2,9.0,3229204.68,0.2988488794089076,1,0,0.0,,0
2392,8126,1,3,ACTIVE,621789.61,22.0106,24,2025-07-01,51,1,1,1,6.0,1888251.0,0.32929393920617545,6,1,1860.63,11.0,1
2394,8132,1,3,ACTIVE,731569.63,21.8218,48,2025-07-09,45,2,1,1,7.0,1692718.68,0.43218618583449436,5,1,1746.81,7.0,1
2395,8132,2,3,ACTIVE,4984952.64,10.3033,180,2025-02-24,45,2,1,1,7.0,1692718.68,2.9449386356390894,9,0,0.0,,0
2396,8136,1,3,ACTIVE,203918.71,17.2067,36,2025-10-26,25,2,1,1,7.0,1419421.2,0.14366328331576278,2,0,0.0,,0
2397,8137,1,3,ACTIVE,1133657.5,19.4095,60,2025-11-24,51,2,1,1,3.0,2166416.76,0.5232868951770849,1,0,0.0,,0
2398,8139,1,3,ACTIVE,174086.66,18.4785,24,2025-07-13,28,1,1,1,6.0,1539248.64,0.11309846601521116,5,0,0.0,,0
2399,8145,1,3,ACTIVE,1053618.33,18.0222,48,2025-10-17,57,2,1,1,9.0,1817746.2,0.5796289548012808,2,0,0.0,,0
2400,8146,2,3,ACTIVE,6932547.26,11.729,300,2025-07-17,53,1,1,2,4.0,2180665.92,3.179096438577808,5,0,0.0,,0
2401,8152,2,3,ACTIVE,4293203.82,10.0538,180,2025-07-28,39,1,1,1,2.0,2324049.84,1.8472942129330583,5,1,1711.24,7.0,1
2402,8154,2,3,ACTIVE,2259262.51,13.3927,240,2025-10-16,47,1,1,1,9.0,1829490.36,1.2349135909084539,2,0,0.0,,0
2403,8158,1,3,ACTIVE,618529.66,20.8739,12,2025-06-12,36,2,1,1,6.0,2285763.12,0.27060094486081304,6,0,0.0,,0
2404,8161,2,3,ACTIVE,7707355.32,14.0242,120,2025-09-29,30,2,1,1,12.0,1025475.24,7.515886312379419,3,0,0.0,,0
2405,8163,1,3,ACTIVE,1410367.31,16.5059,12,2025-06-28,40,2,2,1,11.0,1930115.04,0.7307167089895326,6,0,0.0,,0
2406,8171,2,3,ACTIVE,9203917.05,11.3279,180,2025-08-08,33,2,1,1,12.0,3425360.64,2.6869921206311287,4,0,0.0,,0
2407,8172,1,3,ACTIVE,544469.88,24.6967,12,2025-05-27,24,1,1,1,1.0,1243181.4,0.43796495024780774,7,0,0.0,,0
2408,8174,2,3,ACTIVE,2671891.79,11.9354,180,2025-11-09,29,2,1,1,8.0,1937678.04,1.3789142132198597,1,0,0.0,,0
2409,8175,1,3,ACTIVE,860993.47,23.6317,48,2025-07-05,65,2,1,2,6.0,1049662.32,0.8202575757887546,5,0,0.0,,0
2410,8178,1,3,ACTIVE,518565.48,19.2438,12,2025-06-01,44,2,1,2,10.0,3717963.0,0.13947569677266827,7,1,1468.78,14.0,1
2412,8188,1,3,ACTIVE,434679.98,22.8506,60,2025-06-25,46,1,1,1,5.0,5802429.36,0.07491344625348442,6,0,0.0,,0
2413,8192,1,3,ACTIVE,1190889.74,24.0883,48,2025-07-10,53,1,1,1,1.0,2775061.2,0.4291399915792848,5,0,0.0,,0
2414,8193,1,3,ACTIVE,1391592.03,24.0943,24,2025-06-05,43,2,1,2,9.0,4230005.64,0.32898112873438157,6,0,0.0,,0
2415,8196,1,3,ACTIVE,1005066.17,20.4706,60,2025-06-27,42,2,1,1,3.0,3074191.68,0.32693672829145126,6,1,1058.52,10.0,1
2416,8196,2,3,ACTIVE,6905767.64,10.6152,120,2025-07-04,42,2,1,1,3.0,3074191.68,2.246368593385823,5,0,0.0,,0
2418,8199,2,3,ACTIVE,4757391.54,13.6852,300,2025-05-03,25,1,1,1,8.0,786394.92,6.049621403963291,7,0,0.0,,0
2419,8201,1,3,ACTIVE,1194913.88,20.3437,24,2025-11-05,50,1,1,1,3.0,1741688.76,0.6860662521586234,1,0,0.0,,0
2420,8202,1,3,ACTIVE,615669.75,24.9955,12,2025-07-01,31,1,1,1,3.0,1272547.92,0.48380869617860833,6,0,0.0,,0
2423,8212,2,3,ACTIVE,8091314.6,12.5321,300,2025-06-07,57,1,1,1,6.0,1896481.68,4.2664870878162136,6,1,1308.8,5.0,1
2424,8213,2,3,ACTIVE,7582028.25,10.8569,120,2025-04-20,34,2,1,1,6.0,0.0,,8,1,1468.55,12.0,1
2425,8215,1,3,ACTIVE,394279.83,22.4614,48,2025-11-03,18,2,1,3,,797502.48,0.49439323373640165,1,0,0.0,,0
2426,8219,1,3,ACTIVE,158179.04,20.2027,36,2025-11-18,37,1,1,1,11.0,5644846.92,0.02802184757917226,1,0,0.0,,0
2428,8226,2,3,ACTIVE,9312030.61,11.3775,180,2025-08-26,44,1,1,1,9.0,1467345.12,6.346176153841708,4,0,0.0,,0
2429,8227,1,3,ACTIVE,1047882.74,21.9354,36,2025-09-28,49,2,1,1,7.0,1613103.72,0.6496065485485335,3,0,0.0,,0
2430,8230,1,3,ACTIVE,122105.79,20.1207,12,2025-04-29,27,1,1,3,,979913.04,0.12460880202186105,7,1,1604.79,13.0,1
2431,8234,1,3,ACTIVE,1169472.74,17.8795,60,2025-04-29,41,1,1,1,2.0,1016009.28,1.1510453329717618,8,1,1693.95,19.0,1
2432,8234,2,3,ACTIVE,7168724.17,10.2603,300,2025-05-14,41,1,1,1,2.0,1016009.28,7.055766429613714,7,0,0.0,,0
2433,8244,1,3,ACTIVE,493628.72,22.9804,12,2025-06-13,38,1,1,1,5.0,1756013.76,0.2811075466743495,6,1,1657.24,5.0,1
2434,8244,2,3,ACTIVE,3529429.23,14.6963,240,2025-07-05,38,1,1,1,5.0,1756013.76,2.009909779978034,5,0,0.0,,0
2435,8246,1,3,ACTIVE,977836.3,16.8052,48,2025-03-20,25,1,1,1,12.0,2111859.12,0.4630215579910463,9,0,0.0,,0
2436,8251,1,3,ACTIVE,1103232.88,18.7118,60,2025-08-23,46,2,1,1,12.0,5124305.88,0.2152941112094581,4,0,0.0,,0
2437,8253,1,3,ACTIVE,222814.81,24.2466,12,2025-07-20,48,2,1,1,3.0,1301540.88,0.17119309383505496,5,1,690.74,19.0,1
2438,8253,2,3,ACTIVE,7354498.2,13.3858,240,2025-08-07,48,2,1,1,3.0,1301540.88,5.650608684684571,4,0,0.0,,0
2439,8262,1,3,ACTIVE,844401.42,21.2347,24,2025-06-13,36,1,1,1,8.0,1805090.28,0.4677890238265534,4,0,0.0,,0
2440,8264,1,3,ACTIVE,830903.57,16.1014,60,2025-05-03,48,1,1,1,3.0,1481853.36,0.560719159148109,7,0,0.0,,0
2441,8270,1,3,ACTIVE,221333.5,21.284,60,2025-08-17,28,1,1,1,1.0,1336619.28,0.16559203006558457,4,1,755.04,17.0,1
2442,8271,1,3,ACTIVE,184247.81,24.5218,24,2025-09-26,41,2,1,1,12.0,1888261.8,0.0975753521042474,3,0,0.0,,0
2443,8271,2,3,ACTIVE,4560432.25,14.4485,300,2025-10-31,41,2,1,1,12.0,1888261.8,2.4151482861115974,2,0,0.0,,0
2444,8275,1,3,ACTIVE,629392.21,19.119,60,2025-10-23,63,1,1,1,9.0,3690740.28,0.17053278265356564,2,0,0.0,,0
2445,8275,2,3,ACTIVE,5093606.51,11.9987,180,2025-11-25,63,1,1,1,9.0,3690740.28,1.3801042944154283,1,0,0.0,,0
2446,8276,2,3,ACTIVE,4724963.8,11.8254,180,2025-02-01,62,2,1,1,1.0,1922756.04,2.4573912143321106,11,0,0.0,,0
2447,8285,1,3,ACTIVE,446006.94,24.0057,12,2025-07-11,35,2,1,1,10.0,2962377.96,0.15055706801167262,5,0,0.0,,0
2448,8285,2,3,ACTIVE,5337799.66,10.8617,240,2025-03-06,35,2,1,1,10.0,2962377.96,1.8018631424060418,8,0,0.0,,0
2449,8289,2,3,ACTIVE,2796300.58,11.3517,300,2025-02-05,40,2,1,1,3.0,326121.6,8.57441083325974,10,0,0.0,,0
2451,8301,2,3,ACTIVE,6799213.58,13.5575,120,2025-07-12,55,2,2,1,4.0,2391063.72,2.843593637061249,5,1,958.06,8.0,1
2452,8306,1,3,ACTIVE,168757.73,20.0893,36,2025-11-06,29,2,1,1,10.0,2223071.4,0.075911970258805,1,0,0.0,,0
2454,8309,2,3,ACTIVE,5406004.93,10.6778,120,2025-10-08,43,2,1,1,6.0,2820212.52,1.9168785655912202,2,0,0.0,,0
2456,8320,1,3,ACTIVE,520378.89,20.5716,60,2025-07-07,49,1,1,1,8.0,1062470.16,0.48978212244567887,5,0,0.0,,0
2458,8340,1,3,ACTIVE,1115850.07,21.6275,60,2025-07-05,40,1,1,1,8.0,1189979.52,0.937705272440319,5,0,0.0,,0
2459,8350,2,3,ACTIVE,2107314.38,13.869,300,2025-05-15,42,1,1,1,1.0,2019159.12,1.0436593922325448,7,0,0.0,,0
2460,8351,1,3,ACTIVE,615686.44,18.9674,60,2025-08-20,44,1,1,1,8.0,1762280.04,0.34936924099758854,4,0,0.0,,0
2461,8366,1,3,ACTIVE,735884.56,24.2817,12,2025-06-15,50,2,1,1,2.0,2394212.16,0.3073597955496141,6,0,0.0,,0
2462,8367,1,3,ACTIVE,228350.06,20.7433,60,2025-05-26,38,2,1,1,12.0,1030515.6,0.22158816421604874,7,1,939.49,15.0,1
2463,8370,1,3,ACTIVE,612000.38,20.76,24,2025-09-25,58,1,1,1,3.0,1408843.68,0.43439906690002683,3,0,0.0,,0
2465,8386,1,3,ACTIVE,897723.19,16.1411,12,2025-11-29,51,2,3,1,8.0,2539681.8,0.3534786090131449,1,0,0.0,,0
2466,8387,1,3,ACTIVE,241057.74,22.5026,24,2025-03-17,73,1,1,4,,628131.12,0.38376977724014055,9,1,477.31,9.0,1
2467,8388,1,3,ACTIVE,466402.07,17.0282,24,2025-11-04,43,1,1,1,7.0,2568108.36,0.18161308037640592,1,1,761.48,11.0,1
2468,8394,2,3,ACTIVE,3492703.93,11.5045,300,2025-08-09,57,1,1,1,9.0,3351230.28,1.0422154367738643,4,0,0.0,,0
2469,8402,1,3,ACTIVE,1162453.64,17.6737,48,2025-06-08,53,2,1,1,12.0,2477016.84,0.46929581633365075,6,1,327.87,18.0,1
2470,8402,2,3,ACTIVE,6585716.65,12.9783,120,2025-05-20,53,2,1,1,12.0,2477016.84,2.658729058135915,7,0,0.0,,0
2471,8404,2,3,ACTIVE,4605647.5,14.571,300,2025-04-15,43,1,1,1,7.0,1613784.84,2.8539414833020738,8,0,0.0,,0
2472,8405,2,3,ACTIVE,2966908.53,12.4329,180,2025-10-18,43,2,1,1,1.0,4542540.24,0.65313863460679,2,0,0.0,,0
2476,8418,1,3,ACTIVE,335337.16,17.4575,36,2025-03-24,45,2,3,1,10.0,1713247.2,0.19573191772909362,9,1,846.25,9.0,1
2477,8420,2,3,ACTIVE,8337140.84,11.7626,180,2025-05-25,59,2,1,1,10.0,2208944.28,3.774264890013432,7,0,0.0,,0
2478,8426,1,3,ACTIVE,1251551.44,19.5763,12,2025-07-25,49,1,1,2,6.0,0.0,,5,0,0.0,,0
2479,8432,2,3,ACTIVE,4623395.62,13.9826,180,2025-05-10,54,2,1,2,12.0,2387358.12,1.936615868925438,7,0,0.0,,0
2481,8440,1,3,ACTIVE,501405.08,21.5771,48,2025-07-14,42,1,1,1,3.0,6389721.72,0.07847056600768523,5,0,0.0,,0
2482,8450,1,3,ACTIVE,1084915.77,22.0217,60,2025-05-27,38,1,1,2,4.0,2026488.6,0.5353673196089038,7,0,0.0,,0
2483,8452,2,3,ACTIVE,9279950.77,10.6356,180,2025-11-09,50,1,1,1,6.0,2254481.4,4.116224143610145,1,0,0.0,,0
2484,8454,1,3,ACTIVE,806708.55,23.1355,24,2025-04-06,61,1,1,1,9.0,5078330.04,0.15885311581678926,8,0,0.0,,0
2488,8462,2,3,ACTIVE,3841929.14,14.0529,180,2025-05-24,41,1,1,1,3.0,5011690.08,0.7665935200845461,5,0,0.0,,0
2489,8463,1,3,ACTIVE,1497342.47,24.2888,48,2025-11-20,42,2,1,2,2.0,2317586.52,0.6460783479185925,1,0,0.0,,0
2490,8464,1,3,ACTIVE,815255.72,21.2807,12,2025-07-04,60,1,1,1,2.0,1987743.72,0.41014126307993065,5,0,0.0,,0
2491,8466,1,3,ACTIVE,610337.24,20.2754,60,2025-08-06,53,1,1,1,11.0,1769308.08,0.34495814883748227,4,0,0.0,,0
2492,8466,2,3,ACTIVE,8849978.09,12.7562,120,2025-09-09,53,1,1,1,11.0,1769308.08,5.001942957271749,3,0,0.0,,0
2493,8471,1,3,ACTIVE,210518.24,17.4346,48,2025-11-05,28,1,1,1,5.0,1475906.88,0.1426365327330136,1,0,0.0,,0
2494,8480,1,3,ACTIVE,1150272.49,19.8369,24,2025-07-19,54,1,1,2,6.0,3630668.52,0.3168211263748198,5,1,652.03,17.0,1
2495,8481,1,3,ACTIVE,968605.85,19.6837,24,2025-05-17,39,2,1,2,5.0,3793312.2,0.2553456712579576,7,0,0.0,,0
2496,8483,1,3,ACTIVE,106214.67,17.8983,12,2025-04-28,56,1,1,4,,470210.28,0.225887596502569,8,0,0.0,,0
2497,8484,2,3,ACTIVE,4699794.77,13.2052,180,2025-02-17,62,2,1,1,3.0,1338015.0,3.512512767046707,10,0,0.0,,0
2498,8485,1,3,ACTIVE,954999.71,18.0568,36,2025-05-20,49,1,1,1,11.0,821126.88,1.1630354982411488,7,2,3745.91,17.0,1
2501,8495,1,3,ACTIVE,943803.82,24.9699,36,2025-10-05,43,2,1,1,12.0,1488235.32,0.6341764688127413,2,0,0.0,,0
2502,8497,1,3,ACTIVE,1398030.43,17.5244,60,2025-09-17,64,2,1,2,8.0,6585313.44,0.2122951994218213,3,0,0.0,,0
2503,8506,1,3,ACTIVE,318455.36,17.4923,12,2025-11-05,62,2,1,1,3.0,1712712.36,0.18593627712244687,1,0,0.0,,0
2504,8507,1,3,ACTIVE,334808.91,19.1921,24,2025-07-15,43,2,2,1,7.0,1549223.04,0.2161140787061881,5,0,0.0,,0
2505,8507,2,3,ACTIVE,3464670.11,12.1899,300,2025-07-25,43,2,2,1,7.0,1549223.04,2.236392062694859,5,0,0.0,,0
2506,8510,1,3,ACTIVE,193061.58,24.2511,24,2025-11-11,26,2,1,1,7.0,1365160.56,0.14142042017387318,1,0,0.0,,0
2507,8516,1,3,ACTIVE,504663.28,22.2512,60,2025-06-25,60,2,1,1,5.0,3508555.8,0.14383789478280493,6,0,0.0,,0
2509,8518,1,3,ACTIVE,759039.23,17.3199,24,2025-06-29,40,1,1,1,5.0,1787367.24,0.4246688721899144,6,0,0.0,,0
2510,8525,2,3,ACTIVE,8702521.74,12.5001,120,2025-08-25,50,1,1,1,11.0,1922333.04,4.527062459478926,4,1,1248.82,7.0,1
2513,8531,1,3,ACTIVE,1047523.23,18.817,60,2025-05-20,53,2,1,1,12.0,1669825.8,0.6273248562814157,7,0,0.0,,0
2514,8531,2,3,ACTIVE,2916386.26,12.5472,120,2025-05-17,53,2,1,1,12.0,1669825.8,1.7465212598823183,7,0,0.0,,0
2515,8535,2,3,ACTIVE,6137044.99,11.9206,120,2025-07-02,49,2,1,2,2.0,3350161.44,1.8318654488483397,5,0,0.0,,0
2516,8540,2,3,ACTIVE,9231058.04,11.4647,300,2025-03-08,34,2,1,1,10.0,3693609.36,2.4991971646942113,8,0,0.0,,0
2519,8548,2,3,ACTIVE,6942209.8,10.6079,300,2025-10-28,49,2,1,1,3.0,2627826.72,2.6418065343364803,2,0,0.0,,0
2521,8550,1,3,ACTIVE,207989.1,16.5382,24,2025-06-04,54,2,1,2,12.0,3582151.92,0.05806261282184816,6,0,0.0,,0
2522,8551,1,3,ACTIVE,694763.33,24.7636,48,2025-07-21,48,2,1,1,12.0,2255733.72,0.30799882266245504,5,0,0.0,,0
2523,8556,1,3,ACTIVE,492888.99,18.6453,48,2025-05-11,48,1,2,1,12.0,1305558.6,0.3775311119700027,6,1,1151.54,4.0,1
2524,8556,2,3,ACTIVE,4269771.3,12.519,120,2025-03-04,48,1,2,1,12.0,1305558.6,3.270455496980373,9,0,0.0,,0
2526,8559,1,3,ACTIVE,1393244.91,17.7789,48,2025-04-12,46,1,1,2,9.0,2988045.36,0.4662730120000588,8,0,0.0,,0
2527,8559,2,3,ACTIVE,8663533.47,13.6842,180,2025-04-18,46,1,1,2,9.0,2988045.36,2.899398244074849,8,0,0.0,,0
2528,8561,1,3,ACTIVE,157891.8,16.8313,24,2025-03-22,59,2,1,1,2.0,2121884.04,0.07441113511556456,9,0,0.0,,0
2529,8561,2,3,ACTIVE,8114381.99,13.8846,180,2025-02-15,59,2,1,1,2.0,2121884.04,3.824140168376025,10,1,362.59,19.0,1
2531,8564,1,3,ACTIVE,1068732.77,20.3061,60,2025-07-23,40,1,1,1,10.0,2014012.68,0.5306484813193927,5,2,1798.04,12.5,1
2532,8565,1,3,ACTIVE,224371.07,23.2625,48,2025-06-05,61,1,1,2,2.0,1883721.48,0.11911053326206165,6,1,1914.21,20.0,1
2534,8568,1,3,ACTIVE,1209782.67,22.9061,60,2025-07-02,46,1,1,1,5.0,6208946.76,0.19484507063159293,5,0,0.0,,0
2535,8568,2,3,ACTIVE,9971951.11,12.7534,240,2025-04-24,46,1,1,1,5.0,6208946.76,1.606061622921695,8,0,0.0,,0
2536,8571,1,3,ACTIVE,1414300.14,24.4191,60,2025-05-20,54,2,1,1,3.0,5101342.2,0.27724078968864313,7,0,0.0,,0
2537,8590,1,3,ACTIVE,884650.34,20.1387,60,2025-04-10,63,2,1,1,2.0,712534.68,1.24155408126942,8,0,0.0,,0
2538,8590,2,3,ACTIVE,3000823.85,10.06,300,2025-03-05,63,2,1,1,2.0,712534.68,4.211477608360059,9,0,0.0,,0
2539,8591,2,3,ACTIVE,9093360.47,14.4468,180,2025-05-13,33,1,1,1,5.0,1863898.32,4.87867839807914,7,0,0.0,,0
2540,8592,2,3,ACTIVE,6060912.49,11.3223,240,2025-05-02,35,2,1,1,11.0,1197325.32,5.06204319641382,7,1,1814.58,13.0,1
2541,8593,2,3,ACTIVE,6769403.7,13.2574,240,2025-04-09,52,1,1,1,8.0,4446509.52,1.5224084575894488,8,1,891.32,20.0,1
2542,8595,1,3,ACTIVE,800784.45,18.6378,60,2025-11-27,29,2,1,1,11.0,822320.16,0.9738110397293434,1,0,0.0,,0
2543,8596,1,3,ACTIVE,783723.21,18.5144,60,2025-05-27,55,1,1,1,8.0,2666664.6,0.29389643151973444,7,0,0.0,,0
2544,8602,1,3,ACTIVE,1320814.89,24.5454,60,2025-06-14,64,2,1,1,10.0,3226481.76,0.4093669167371955,6,1,1716.62,18.0,1
2545,8603,1,3,ACTIVE,591628.06,22.1916,24,2025-06-03,32,1,1,1,2.0,1737370.92,0.34053065651634135,6,0,0.0,,0
2547,8611,1,3,ACTIVE,1166793.32,22.5988,24,2025-06-20,40,1,1,1,7.0,2456643.48,0.474954273788234,6,0,0.0,,0
2548,8614,1,3,ACTIVE,483076.97,23.2408,36,2025-05-01,62,1,2,1,4.0,2049118.56,0.2357486674660738,8,0,0.0,,0
2549,8617,1,3,ACTIVE,1168344.9,18.1626,36,2025-05-06,44,2,1,2,6.0,3306478.68,0.35335019913087723,7,2,2327.46,11.0,1
2550,8625,1,3,ACTIVE,842666.57,24.7892,24,2025-05-23,48,2,1,2,8.0,5439619.68,0.1549127732400586,7,0,0.0,,0
2551,8626,1,3,ACTIVE,604184.88,19.5821,24,2025-07-09,38,2,1,1,2.0,2499801.0,0.24169319077798593,5,0,0.0,,0
2552,8627,1,3,ACTIVE,893619.16,19.5437,60,2025-06-03,49,1,1,1,2.0,1806790.92,0.4945891359693129,6,0,0.0,,0
2553,8627,2,3,ACTIVE,3914395.18,14.5213,300,2025-04-11,49,1,1,1,2.0,1806790.92,2.1664903983466997,8,0,0.0,,0
2554,8629,1,3,ACTIVE,1069428.06,23.0542,12,2025-11-15,50,1,1,1,11.0,1843005.36,0.580263130650906,1,0,0.0,,0
2556,8632,1,3,ACTIVE,768224.94,17.3762,24,2025-10-16,30,1,1,1,2.0,1269391.08,0.6051916955332631,2,0,0.0,,0
2558,8636,1,3,ACTIVE,176520.0,24.8013,48,2025-05-07,24,1,1,3,,678298.08,0.26023956901072165,7,0,0.0,,0
2559,8642,2,3,ACTIVE,3732040.67,14.0882,120,2025-10-19,50,1,1,1,5.0,1395641.64,2.6740680150529186,2,0,0.0,,0
2561,8650,1,3,ACTIVE,726272.8,16.585,36,2025-06-25,48,2,1,1,6.0,2287651.44,0.31747528810595377,6,0,0.0,,0
2562,8663,2,3,ACTIVE,3735761.41,11.7704,240,2025-03-18,58,1,1,1,11.0,2606721.24,1.4331265471255377,9,0,0.0,,0
2563,8676,1,3,ACTIVE,872286.81,24.719,48,2025-06-19,35,1,1,1,7.0,197953.32,4.406527811708336,6,1,1229.02,17.0,1
2564,8681,1,3,ACTIVE,657763.85,20.2943,48,2025-06-20,54,2,1,1,1.0,1912276.8,0.343968953657755,6,0,0.0,,0
2565,8682,1,3,ACTIVE,575581.99,22.8057,24,2025-06-30,49,1,1,1,7.0,2332412.16,0.246775419829744,6,0,0.0,,0
2566,8684,1,3,ACTIVE,667423.19,21.3396,24,2025-07-29,42,1,1,1,11.0,1637710.56,0.40753427760763783,5,0,0.0,,0
2567,8684,2,3,ACTIVE,3192477.55,11.7881,120,2025-08-10,42,1,1,1,11.0,1637710.56,1.9493539505539978,4,0,0.0,,0
2568,8685,1,3,ACTIVE,403691.56,20.6132,24,2025-05-05,28,1,1,1,1.0,1432129.8,0.2818819634924153,7,1,338.73,8.0,1
2569,8699,1,3,ACTIVE,1025037.24,23.184,12,2025-04-21,58,2,1,1,10.0,2255097.96,0.45454222307930253,8,0,0.0,,0
2571,8707,2,3,ACTIVE,9492332.25,11.3258,120,2025-03-25,36,2,1,1,5.0,686777.52,13.821553521437336,8,1,778.05,15.0,1
2573,8716,1,3,ACTIVE,796715.15,16.5112,36,2025-04-12,27,2,1,1,3.0,1352733.72,0.5889667258386965,8,0,0.0,,0
2574,8717,1,3,ACTIVE,1107788.97,16.3861,12,2025-09-28,44,1,1,1,11.0,2438766.24,0.45424155535300503,3,0,0.0,,0
2575,8717,2,3,ACTIVE,4352805.54,14.2358,120,2025-10-23,44,1,1,1,11.0,2438766.24,1.7848391816347269,2,0,0.0,,0
2576,8719,1,3,ACTIVE,997149.27,21.2875,36,2025-07-06,50,2,1,2,7.0,3976634.88,0.25075203031966564,5,0,0.0,,0
2577,8721,2,3,ACTIVE,9916883.35,11.9721,120,2025-09-11,35,1,1,1,6.0,3761580.48,2.636360807040343,3,0,0.0,,0
2578,8733,1,3,ACTIVE,1061351.87,16.2978,24,2025-06-22,59,1,2,1,10.0,2126015.88,0.49922104532916284,5,1,1922.11,9.0,1
2579,8733,2,3,ACTIVE,8297973.03,14.8413,300,2025-07-10,59,1,2,1,10.0,2126015.88,3.9030625820160854,5,0,0.0,,0
2580,8738,1,3,ACTIVE,272289.82,22.3913,24,2025-07-08,27,2,1,1,10.0,1634873.16,0.16655103690123582,5,0,0.0,,0
2581,8742,2,3,ACTIVE,9509450.73,13.3051,240,2025-01-30,22,1,1,3,,642250.44,14.806452651087323,11,1,657.4,11.0,1
2582,8743,1,3,ACTIVE,553667.92,16.8197,12,2025-03-12,59,1,2,1,10.0,2881038.12,0.19217653392243209,9,0,0.0,,0
2583,8750,1,3,ACTIVE,1104578.86,16.5513,24,2025-05-02,58,1,1,1,4.0,1403113.44,0.7872341811507415,7,0,0.0,,0
2585,8757,2,3,ACTIVE,3897128.96,11.9872,240,2025-04-22,51,1,1,1,9.0,2574297.6,1.513861085835608,8,0,0.0,,0
2586,8763,2,3,ACTIVE,2051698.66,10.3449,240,2025-10-02,56,1,1,1,5.0,2716676.04,0.7552238948593959,2,0,0.0,,0
2587,8767,1,3,ACTIVE,1149062.93,18.204,60,2025-04-22,49,1,1,1,2.0,1382669.76,0.8310465472246966,7,0,0.0,,0
2588,8769,1,3,ACTIVE,1001798.92,17.6856,60,2025-07-07,54,1,1,1,3.0,3710423.4,0.269995850069294,5,0,0.0,,0
2591,8776,1,3,ACTIVE,1043843.96,24.5028,48,2025-11-30,49,1,1,1,1.0,1737321.72,0.6008351521674408,1,0,0.0,,0
2592,8780,1,3,ACTIVE,1355104.99,19.5203,12,2025-06-04,39,1,1,1,2.0,0.0,,5,0,0.0,,0
2593,8785,1,3,ACTIVE,207559.41,18.1749,24,2025-10-07,41,1,1,1,7.0,1299830.88,0.15968185799678802,2,0,0.0,,0
2594,8786,1,3,ACTIVE,271588.61,22.4461,12,2025-05-19,37,1,1,1,1.0,3823035.72,0.07104003987700121,7,0,0.0,,0
2595,8788,1,3,ACTIVE,1356286.98,16.9163,24,2025-09-06,42,1,1,1,1.0,5979021.72,0.22684095216834235,3,0,0.0,,0
2596,8794,1,3,ACTIVE,901316.54,23.8601,12,2025-10-13,39,2,1,2,6.0,3621590.52,0.2488731221883141,2,1,1257.8,3.0,1
2597,8796,2,3,ACTIVE,2320473.95,12.6842,240,2025-10-06,39,1,2,1,2.0,1846085.76,1.256969746627589,2,0,0.0,,0
2599,8803,1,3,ACTIVE,252866.25,24.7098,60,2025-04-14,34,2,1,1,5.0,760358.4,0.33256192079945457,8,1,1240.65,4.0,1
2600,8803,2,3,ACTIVE,6949868.81,14.6709,300,2025-04-24,34,2,1,1,5.0,760358.4,9.140253872384392,8,1,1642.04,6.0,1
2601,8804,2,3,ACTIVE,9636799.08,13.9959,120,2025-03-08,42,2,1,1,7.0,5247056.4,1.836610538434464,9,0,0.0,,0
2602,8809,1,3,ACTIVE,1057832.29,19.6142,36,2025-08-29,33,1,1,1,9.0,1027198.32,1.0298228388847053,4,0,0.0,,0
2603,8809,2,3,ACTIVE,5940493.37,10.5213,300,2025-09-30,33,1,1,1,9.0,1027198.32,5.7832000445639355,3,0,0.0,,0
2604,8811,1,3,ACTIVE,371919.46,24.4803,24,2025-05-25,52,1,1,1,9.0,1612349.88,0.23066920189803966,7,0,0.0,,0
2605,8814,1,3,ACTIVE,229938.33,16.2914,36,2025-03-10,23,1,1,3,,549911.04,0.41813732272041676,8,1,474.95,9.0,1
2606,8829,1,3,ACTIVE,373711.34,16.8497,24,2025-03-14,25,1,1,1,11.0,536176.68,0.6969929016681591,8,0,0.0,,0
2607,8829,2,3,ACTIVE,9402806.14,12.971,240,2025-03-24,25,1,1,1,11.0,536176.68,17.536768178727954,9,0,0.0,,0
2609,8840,1,3,ACTIVE,1173613.1,22.8123,36,2025-06-04,50,2,1,1,8.0,1916117.28,0.612495441823895,5,0,0.0,,0
2610,8843,1,3,ACTIVE,745078.53,24.1393,24,2025-06-18,46,2,1,2,6.0,1668317.4,0.4466047827589642,6,0,0.0,,0
2611,8847,2,3,ACTIVE,5576914.99,14.1827,300,2025-08-31,30,1,1,1,11.0,1591151.16,3.5049561161744056,4,0,0.0,,0
2612,8849,1,3,ACTIVE,877773.35,21.7447,36,2025-04-10,35,1,1,1,5.0,2280522.72,0.38490006799844556,8,0,0.0,,0
2613,8850,1,3,ACTIVE,987651.22,24.0081,12,2025-07-24,49,2,1,1,9.0,2027214.0,0.4871963295438962,5,0,0.0,,0
2614,8852,1,3,ACTIVE,822937.05,23.0181,48,2025-10-07,37,2,1,1,10.0,2157645.72,0.3814050853538643,2,0,0.0,,0
2615,8855,2,3,ACTIVE,8504323.24,11.7218,240,2025-06-27,57,1,1,1,5.0,2190418.32,3.8825110082169143,6,1,1087.88,16.0,1
2616,8858,1,3,ACTIVE,418231.31,17.2732,36,2025-07-01,25,1,1,1,9.0,2243837.64,0.18639107506905,6,0,0.0,,0
2617,8868,2,3,ACTIVE,8181042.16,14.354,120,2025-05-21,41,1,1,1,11.0,1810417.08,4.51887150777433,7,2,3060.24,10.0,1
2618,8869,2,3,ACTIVE,8414183.63,12.4465,300,2025-09-06,23,1,1,3,,655984.44,12.826803681501957,3,0,0.0,,0
2619,8870,2,3,ACTIVE,3630958.59,11.4568,180,2025-02-25,44,1,1,1,2.0,4694718.6,0.7734134672097279,10,0,0.0,,0
2620,8876,2,3,ACTIVE,7568846.13,14.0876,120,2025-07-09,43,1,1,1,7.0,3441997.2,2.198969287366068,5,0,0.0,,0
2621,8881,1,3,ACTIVE,702159.8,16.8647,48,2025-07-17,53,1,1,1,7.0,567051.12,1.2382654318714688,5,0,0.0,,0
2622,8886,1,3,ACTIVE,816811.82,16.5959,36,2025-07-02,34,2,1,1,8.0,2036181.24,0.401148878083171,5,1,981.01,20.0,1
2625,8896,1,3,ACTIVE,226168.7,20.8716,36,2025-07-28,26,1,1,1,12.0,2007591.12,0.11265675452878074,5,0,0.0,,0
2626,8906,2,3,ACTIVE,2123920.33,14.8094,180,2025-05-02,47,1,1,1,11.0,1334904.48,1.591065399675638,7,0,0.0,,0
2628,8913,1,3,ACTIVE,389978.96,24.2008,48,2025-07-07,30,2,3,1,4.0,1355005.08,0.28780627154549115,5,0,0.0,,0
2629,8919,2,3,ACTIVE,4448847.91,11.2466,240,2025-07-30,46,1,1,1,11.0,1734852.72,2.5643951551114954,5,0,0.0,,0
2630,8921,2,3,ACTIVE,9026303.62,14.3368,120,2025-06-09,49,1,1,1,8.0,3939637.32,2.2911509072616867,6,0,0.0,,0
2631,8929,1,3,ACTIVE,334644.23,23.2042,12,2025-05-10,39,1,1,2,7.0,2242512.84,0.14922734177076105,7,0,0.0,,0
2633,8937,1,3,ACTIVE,846366.48,24.6396,60,2025-11-14,26,1,1,1,8.0,1668960.12,0.5071220515442874,1,0,0.0,,0
2634,8937,2,3,ACTIVE,6945274.43,11.4842,180,2025-11-24,26,1,1,1,8.0,1668960.12,4.161438219386572,1,0,0.0,,0
2635,8938,1,3,ACTIVE,868754.12,21.4881,60,2025-05-19,63,2,1,1,12.0,3193357.68,0.2720503642423169,7,1,1255.75,18.0,1
2636,8941,1,3,ACTIVE,199556.29,18.5612,24,2025-01-07,56,1,1,1,4.0,1427586.0,0.13978582726364647,11,0,0.0,,0
2637,8941,2,3,ACTIVE,5317024.77,14.1156,300,2025-02-06,56,1,1,1,4.0,1427586.0,3.724486489780651,10,1,761.24,12.0,1
2638,8942,1,3,ACTIVE,870734.74,23.8411,60,2025-05-22,51,2,1,1,8.0,1771265.28,0.4915891198409309,7,1,1201.1,9.0,1
2639,8942,2,3,ACTIVE,4925683.43,11.4739,180,2025-03-27,51,2,1,1,8.0,1771265.28,2.7808840864311417,9,0,0.0,,0
2640,8946,2,3,ACTIVE,2335083.83,13.4022,300,2025-11-03,35,2,1,1,10.0,3166599.6,0.7374105112626175,1,0,0.0,,0
2641,8949,1,3,ACTIVE,1410557.65,20.3399,60,2025-05-28,37,1,1,2,4.0,3568652.64,0.39526336471907225,5,0,0.0,,0
2642,8949,2,3,ACTIVE,8718956.54,12.1886,120,2025-05-04,37,1,1,2,4.0,3568652.64,2.443206840103104,7,2,1451.03,15.0,1
2643,8953,2,3,ACTIVE,6040844.2,14.1256,240,2025-08-19,38,1,1,1,11.0,2185856.88,2.7636046327058703,3,1,1746.51,18.0,1
2644,8960,2,3,ACTIVE,5151064.53,14.6733,240,2025-08-19,43,2,1,1,1.0,4633789.2,1.1116311743313658,4,0,0.0,,0
2645,8963,2,3,ACTIVE,3161067.93,10.5164,120,2025-11-15,42,1,1,1,7.0,3491856.12,0.9052686655371127,1,1,346.57,16.0,1
2646,8970,1,3,ACTIVE,556266.0,19.8155,36,2025-04-15,31,1,1,1,7.0,1491172.44,0.3730393515051821,8,0,0.0,,0
2647,8973,1,3,ACTIVE,652648.52,18.3041,12,2025-05-03,64,1,1,1,10.0,5617813.8,0.11617482231255155,7,1,526.06,5.0,1
2648,8976,1,3,ACTIVE,779545.07,18.4049,36,2025-06-29,66,2,1,1,3.0,2048170.8,0.3806054993069914,6,0,0.0,,0
2649,8976,2,3,ACTIVE,5510206.35,13.0618,120,2025-02-15,66,2,1,1,3.0,2048170.8,2.690306077012718,10,0,0.0,,0
2650,8977,2,3,ACTIVE,8484652.73,13.2378,240,2025-09-24,42,1,1,1,4.0,2889598.92,2.9362734984687773,3,0,0.0,,0
2652,8990,1,3,ACTIVE,511531.41,22.7329,36,2025-06-01,51,1,1,1,5.0,2014179.12,0.25396520345221335,7,0,0.0,,0
2653,8990,2,3,ACTIVE,9893529.91,12.3235,180,2025-03-18,51,1,1,1,5.0,2014179.12,4.911941451364068,9,0,0.0,,0
2654,8992,1,3,ACTIVE,281665.14,23.4457,24,2025-11-25,36,1,1,1,11.0,2375620.44,0.11856487478277464,1,0,0.0,,0
2655,8995,1,3,ACTIVE,1258129.64,19.7893,12,2025-11-05,62,1,1,1,11.0,2468153.04,0.5097453924494082,1,0,0.0,,0
2657,9000,2,3,ACTIVE,5254143.73,10.4487,180,2025-10-20,36,1,1,1,12.0,2633810.04,1.9948833249948428,2,0,0.0,,0
2658,9001,2,3,ACTIVE,4960516.99,11.6983,180,2025-05-12,35,1,1,1,8.0,2007929.76,2.4704634040585165,7,0,0.0,,0
2659,9002,1,3,ACTIVE,996581.41,21.4012,36,2025-06-06,64,1,1,1,7.0,337914.48,2.9492119130260415,6,0,0.0,,0
2660,9007,1,3,ACTIVE,197509.74,21.1102,36,2025-05-06,44,1,1,1,4.0,1441797.36,0.13698855711595975,7,1,1484.33,9.0,1
2661,9009,1,3,ACTIVE,610114.59,22.9558,48,2025-07-12,50,1,1,1,10.0,1909880.28,0.31945174594922776,5,0,0.0,,0
2662,9009,2,3,ACTIVE,4825435.25,11.628,300,2025-07-02,50,1,1,1,10.0,1909880.28,2.5265642566873354,5,0,0.0,,0
2664,9013,2,3,ACTIVE,6821421.52,10.0273,180,2025-06-12,49,2,1,1,9.0,1082146.08,6.303605073355715,6,0,0.0,,0
2665,9014,1,3,ACTIVE,867851.53,18.6394,36,2025-08-28,54,1,1,2,7.0,2298587.64,0.3775585994189023,4,1,1194.71,15.0,1
2666,9015,1,3,ACTIVE,102752.2,23.1914,48,2025-05-22,57,1,1,1,2.0,437333.04,0.23495183441891332,7,0,0.0,,0
2667,9015,2,3,ACTIVE,2525033.66,13.2752,180,2025-06-15,57,1,1,1,2.0,437333.04,5.773708887853522,6,0,0.0,,0
2668,9021,1,3,ACTIVE,332854.75,20.6427,48,2025-06-25,40,1,1,1,3.0,7866318.48,0.04231391734853837,6,0,0.0,,0
2670,9030,2,3,ACTIVE,6829253.47,13.8322,300,2025-11-03,59,2,1,1,12.0,5406740.28,1.263099967139535,1,0,0.0,,0
2671,9032,1,3,ACTIVE,819678.93,23.4178,48,2025-08-04,63,1,1,1,6.0,1288990.56,0.6359076283692877,4,0,0.0,,0
2672,9032,2,3,ACTIVE,2004488.18,11.1476,240,2025-08-17,63,1,1,1,6.0,1288990.56,1.5550836772613759,4,0,0.0,,0
2673,9033,1,3,ACTIVE,571796.84,20.7687,36,2025-07-07,36,2,1,2,3.0,4049776.92,0.14119218201283049,4,0,0.0,,0
2674,9033,2,3,ACTIVE,5429091.12,10.0868,120,2025-07-27,36,2,1,2,3.0,4049776.92,1.340590167618418,5,0,0.0,,0
2676,9047,2,3,ACTIVE,9910913.02,11.3946,240,2025-08-09,62,1,1,1,3.0,1810259.52,5.474857560754604,4,0,0.0,,0
2677,9048,2,3,ACTIVE,4057704.72,12.0666,240,2025-02-01,38,1,1,1,3.0,1518522.36,2.672140250868614,11,0,0.0,,0
2678,9053,2,3,ACTIVE,7866485.56,14.2232,120,2025-11-16,28,1,1,3,,552661.56,14.233820712987528,1,0,0.0,,0
2679,9056,1,3,ACTIVE,571944.74,23.6614,60,2025-06-05,45,1,1,1,6.0,2425060.56,0.23584761116233732,6,0,0.0,,0
2680,9056,2,3,ACTIVE,7201686.32,10.6912,120,2025-03-06,45,1,1,1,6.0,2425060.56,2.9696933919044066,8,0,0.0,,0
2681,9059,2,3,ACTIVE,6301659.14,13.9693,180,2025-07-17,58,2,1,1,5.0,1191100.92,5.290617305542842,5,0,0.0,,0
2682,9063,1,3,ACTIVE,908360.17,19.1371,24,2025-04-04,62,2,1,1,6.0,2032893.24,0.44683122169268463,8,1,1242.94,16.0,1
2683,9063,2,3,ACTIVE,8243334.73,11.0124,300,2025-05-08,62,2,1,1,6.0,2032893.24,4.054976704039805,7,2,2094.55,12.0,1
2684,9067,1,3,ACTIVE,719003.7,18.8816,12,2025-07-25,49,2,1,1,6.0,6080039.16,0.11825642583525728,4,0,0.0,,0
2685,9067,2,3,ACTIVE,4222398.37,11.4555,300,2025-08-28,49,2,1,1,6.0,6080039.16,0.694468943190162,4,0,0.0,,0
2686,9073,2,3,ACTIVE,7236680.78,11.8973,180,2025-09-09,46,1,1,1,12.0,1976531.88,3.661302331232826,3,1,1779.82,7.0,1
2687,9078,1,3,ACTIVE,361757.05,20.9581,12,2025-10-21,32,1,1,1,4.0,1425627.36,0.25375288111754535,2,0,0.0,,0
2688,9084,1,3,ACTIVE,586776.1,23.9303,60,2025-01-29,49,2,1,1,3.0,2399669.88,0.24452367589828647,11,0,0.0,,0
2689,9088,1,3,ACTIVE,1084076.13,20.6602,48,2025-08-08,41,1,1,1,8.0,1929312.12,0.5618977451922087,4,0,0.0,,0
2690,9094,1,3,ACTIVE,850014.08,21.6609,48,2025-08-03,29,2,1,1,6.0,762711.48,1.114463466578476,4,0,0.0,,0
2691,9105,2,3,ACTIVE,9508454.22,10.1785,240,2025-06-05,50,1,1,1,9.0,1958768.88,4.854301248649611,5,0,0.0,,0
2692,9107,1,3,ACTIVE,378602.57,23.5228,24,2025-09-30,18,1,1,3,,471960.0,0.8021920713619798,3,0,0.0,,0
2693,9110,1,3,ACTIVE,1197428.92,23.1711,60,2025-11-24,56,1,2,1,7.0,2037515.16,0.587690802752113,1,0,0.0,,0
2695,9118,2,3,ACTIVE,5010858.92,12.3754,120,2025-10-31,37,2,1,1,11.0,6443944.68,0.7776073769770475,2,0,0.0,,0
2696,9128,2,3,ACTIVE,8485413.1,14.3146,240,2025-04-28,41,1,1,1,1.0,1923221.16,4.412083891589463,8,1,493.6,10.0,1
2697,9130,1,3,ACTIVE,1103264.28,23.3908,48,2025-06-24,65,2,1,1,4.0,1474975.56,0.7479881768346046,6,1,1282.36,12.0,1
2698,9132,2,3,ACTIVE,5220930.75,12.3225,120,2025-10-04,36,2,1,1,2.0,1887600.48,2.765908784892871,2,2,2976.37,3.5,1
2699,9133,1,3,ACTIVE,465526.62,21.4885,60,2025-06-24,27,2,1,1,3.0,633178.08,0.7352222616424119,6,1,660.22,17.0,1
2700,9141,2,3,ACTIVE,9271988.79,14.2199,300,2025-06-16,27,1,1,1,6.0,1860060.6,4.9847778024006315,6,0,0.0,,0
2701,9143,2,3,ACTIVE,6136332.05,11.0835,180,2025-10-01,28,2,1,1,3.0,1526530.68,4.01978953347993,2,0,0.0,,0
2703,9162,2,3,ACTIVE,2032048.84,12.261,180,2025-05-13,26,1,1,1,2.0,1517169.96,1.3393679637579958,7,1,1323.59,8.0,1
2704,9172,1,3,ACTIVE,1114246.79,22.797,24,2025-07-16,47,2,1,1,8.0,5625688.2,0.19806408574154535,5,0,0.0,,0
2705,9177,1,3,ACTIVE,988597.94,20.3845,24,2025-07-21,58,2,1,2,1.0,2216888.28,0.4459394498670903,5,2,3826.1,10.5,1
2706,9178,1,3,ACTIVE,167530.51,18.1757,60,2025-06-21,76,2,1,4,,624116.64,0.2684282059840609,6,0,0.0,,0
2707,9180,1,3,ACTIVE,1469539.53,17.7266,24,2025-05-31,49,1,1,1,4.0,5373145.56,0.2734970630499725,7,0,0.0,,0
2708,9185,1,3,ACTIVE,1052230.54,22.5213,36,2025-04-11,52,2,1,1,10.0,2436167.16,0.4319205008904233,8,0,0.0,,0
2709,9185,2,3,ACTIVE,3230439.82,12.4767,240,2025-03-22,52,2,1,1,10.0,2436167.16,1.3260337275049714,9,1,1608.83,20.0,1
2710,9189,1,3,ACTIVE,826878.14,17.0429,48,2025-10-09,43,2,1,1,6.0,1857279.24,0.4452093805775808,2,1,853.45,5.0,1
2711,9191,2,3,ACTIVE,2159674.01,12.5141,180,2025-09-22,26,1,1,1,11.0,1043011.92,2.0706129705593392,3,0,0.0,,0
2712,9193,1,3,ACTIVE,561463.49,18.18,12,2025-09-08,30,2,1,1,4.0,1145661.6,0.4900779514649003,3,0,0.0,,0
2713,9202,1,3,ACTIVE,724891.48,18.0009,36,2025-08-07,32,1,1,1,8.0,1353734.28,0.5354754553456385,4,0,0.0,,0
2714,9203,1,3,ACTIVE,340861.7,24.3483,12,2025-07-05,54,1,1,1,7.0,3163235.04,0.10775731037678439,5,0,0.0,,0
2715,9205,2,3,ACTIVE,8291454.38,12.5285,180,2025-08-02,50,2,1,1,12.0,1268300.28,6.5374537171906955,4,0,0.0,,0
2716,9206,1,3,ACTIVE,1338682.51,23.5057,24,2025-06-13,39,2,1,1,7.0,3418369.44,0.3916143452300463,6,0,0.0,,0
2717,9206,2,3,ACTIVE,5807457.77,13.5262,180,2025-07-05,39,2,1,1,7.0,3418369.44,1.6988970536783174,5,0,0.0,,0
2718,9219,1,3,ACTIVE,127594.08,18.7032,60,2025-07-10,60,1,1,1,9.0,2020974.84,0.06313491760243783,5,0,0.0,,0
2719,9240,1,3,ACTIVE,187835.36,24.0991,60,2025-07-10,40,2,1,1,3.0,2117355.24,0.08871225595568932,5,0,0.0,,0
2720,9243,1,3,ACTIVE,749053.29,20.2866,48,2025-08-04,55,1,1,2,11.0,976887.96,0.7667750250499555,4,0,0.0,,0
2721,9245,1,3,ACTIVE,141050.7,21.0597,36,2025-03-31,29,2,1,1,4.0,412311.96,0.3420970373985756,9,0,0.0,,0
2722,9252,1,3,ACTIVE,667226.49,21.22,60,2025-04-09,31,1,1,1,10.0,1373413.08,0.48581632119012585,8,0,0.0,,0
2723,9252,2,3,ACTIVE,2522512.47,11.1524,300,2025-04-29,31,1,1,1,10.0,1373413.08,1.8366742728269343,8,0,0.0,,0
2724,9253,1,3,ACTIVE,436850.93,23.6782,12,2025-08-10,27,1,3,1,6.0,2101445.28,0.2078811826116167,4,0,0.0,,0
2725,9253,2,3,ACTIVE,7955924.6,12.7687,300,2025-08-27,27,1,3,1,6.0,2101445.28,3.785929938656314,4,0,0.0,,0
2726,9255,1,3,ACTIVE,1332914.58,18.8824,12,2025-10-21,49,1,1,1,2.0,5558198.4,0.23981054364666077,2,0,0.0,,0
2727,9256,1,3,ACTIVE,383016.02,24.9631,60,2025-05-28,27,1,2,1,4.0,1507298.04,0.2541076879526759,7,0,0.0,,0
2728,9267,1,3,ACTIVE,198421.06,20.2814,12,2025-07-05,50,1,1,1,8.0,1715487.96,0.11566450166167298,5,0,0.0,,0
2729,9267,2,3,ACTIVE,9466766.74,13.8152,240,2025-06-09,50,1,1,1,8.0,1715487.96,5.518410481878287,6,0,0.0,,0
2730,9268,2,3,ACTIVE,9637963.42,14.7036,180,2025-02-25,48,2,2,1,10.0,1502061.6,6.416490122642108,10,1,1006.5,18.0,1
2732,9274,2,3,ACTIVE,2341039.82,12.8262,180,2025-07-30,61,1,1,2,9.0,2763377.04,0.8471662701518284,5,1,1997.4,3.0,1
2733,9277,1,3,ACTIVE,544489.85,21.8348,36,2025-06-08,55,1,1,2,7.0,4514718.12,0.12060328807416221,6,0,0.0,,0
2734,9278,1,3,ACTIVE,716349.61,24.5112,60,2025-08-24,24,2,1,1,12.0,2557003.44,0.28015199306888694,4,0,0.0,,0
2738,9302,1,3,ACTIVE,589668.27,24.7494,36,2025-10-04,28,2,1,1,11.0,1382776.08,0.4264380028905331,1,1,1739.5,6.0,1
2740,9310,2,3,ACTIVE,3433036.4,13.3885,240,2025-02-05,45,2,1,1,10.0,4586160.36,0.7485644047562262,10,0,0.0,,0
2741,9311,1,3,ACTIVE,855098.2,17.153,60,2025-07-04,35,2,1,1,8.0,4593568.2,0.1861511928787734,5,0,0.0,,0
2742,9311,2,3,ACTIVE,4978968.04,12.8358,180,2025-04-19,35,2,1,1,8.0,4593568.2,1.0838998841902467,8,0,0.0,,0
2743,9314,1,3,ACTIVE,404071.76,19.9192,48,2025-06-20,18,1,1,3,,575247.0,0.7024317554024619,6,1,1242.55,6.0,1
2744,9319,1,3,ACTIVE,1022271.77,20.2402,48,2025-09-30,34,1,1,1,6.0,1932742.32,0.5289229502668519,3,0,0.0,,0
2745,9320,1,3,ACTIVE,1104349.39,22.2098,24,2025-11-05,32,1,1,1,2.0,1034474.52,1.0675462456049667,1,0,0.0,,0
2746,9323,1,3,ACTIVE,128732.66,18.8031,24,2025-05-20,41,1,1,1,7.0,1550657.64,0.0830181057889735,7,0,0.0,,0
2747,9327,1,3,ACTIVE,264780.61,22.5245,36,2025-05-18,20,1,1,3,,836040.48,0.316707882374308,7,1,421.75,4.0,1
2748,9330,1,3,ACTIVE,756681.45,21.1399,60,2025-06-03,45,2,1,1,12.0,1456421.28,0.5195484715795968,6,0,0.0,,0
2749,9339,2,3,ACTIVE,2459880.02,10.7775,120,2025-04-28,42,1,1,1,3.0,2168276.4,1.1344863689887508,8,0,0.0,,0
2750,9343,1,3,ACTIVE,778544.99,22.8469,60,2025-09-03,27,1,1,1,3.0,2006703.0,0.38797220615108463,3,0,0.0,,0
2753,9355,1,3,ACTIVE,835460.43,20.7255,60,2025-05-29,59,2,2,1,8.0,1349384.28,0.6191419615470842,7,0,0.0,,0
2755,9370,1,3,ACTIVE,104652.33,23.0123,36,2025-09-18,65,1,2,2,8.0,3326607.72,0.031459173671369946,3,1,1401.0,16.0,1
2756,9371,1,3,ACTIVE,370583.99,20.339,12,2025-10-11,36,2,2,1,8.0,2064186.36,0.1795302968671879,2,0,0.0,,0
2757,9372,1,3,ACTIVE,662231.2,23.7466,48,2025-09-16,40,2,1,1,5.0,2054809.8,0.32228345416690146,3,0,0.0,,0
2758,9373,1,3,ACTIVE,337967.7,16.3883,36,2025-07-17,32,1,3,1,3.0,1592954.28,0.21216409299581404,5,0,0.0,,0
2759,9374,1,3,ACTIVE,518787.1,23.1424,36,2025-11-28,43,1,1,1,6.0,1623078.0,0.3196316504813693,1,0,0.0,,0
2760,9377,2,3,ACTIVE,8591934.33,12.8655,300,2025-11-27,57,2,1,1,11.0,1302936.0,6.594287309583893,1,0,0.0,,0
2762,9385,1,3,ACTIVE,189333.76,22.0816,60,2025-09-09,47,2,1,1,7.0,520726.92,0.36359510662517697,3,1,570.55,3.0,1
2763,9385,2,3,ACTIVE,4713928.82,14.7651,120,2025-10-17,47,2,1,1,7.0,520726.92,9.052592902245193,2,0,0.0,,0
2765,9392,1,3,ACTIVE,394982.78,19.2283,36,2025-06-29,44,1,1,1,2.0,4414215.48,0.08947972335958551,6,0,0.0,,0
2766,9392,2,3,ACTIVE,4397031.88,13.789,240,2025-07-25,44,1,1,1,2.0,4414215.48,0.9961072131440217,5,0,0.0,,0
2767,9399,1,3,ACTIVE,142310.23,23.1384,60,2025-08-02,21,2,1,3,,614576.4,0.23155824076550938,4,0,0.0,,0
2768,9400,2,3,ACTIVE,6753446.73,11.2197,240,2025-08-10,53,2,1,2,2.0,3340453.68,2.0217154245946616,3,0,0.0,,0
2769,9401,1,3,ACTIVE,735678.58,18.8606,48,2025-10-14,60,2,1,1,4.0,5266206.6,0.13969800956916503,2,0,0.0,,0
2770,9402,1,3,ACTIVE,386808.35,24.3165,24,2025-08-29,32,2,2,1,2.0,1601351.52,0.2415511804678588,4,0,0.0,,0
2771,9404,1,3,ACTIVE,524309.4,18.6628,24,2025-08-11,53,2,1,1,10.0,3918156.0,0.13381534579021356,4,0,0.0,,0
2772,9406,1,3,ACTIVE,522403.17,24.2425,60,2025-11-05,30,2,1,1,10.0,919798.32,0.5679540380112893,1,0,0.0,,0
2773,9410,1,3,ACTIVE,108054.4,18.8587,48,2025-06-17,32,1,1,1,9.0,553241.64,0.1953114013616184,6,0,0.0,,0
2774,9422,1,3,ACTIVE,115738.94,16.3721,12,2025-04-09,24,2,1,1,5.0,1747284.84,0.06623930875517697,8,1,1994.4,7.0,1
2775,9424,2,3,ACTIVE,4492041.76,12.6682,180,2025-12-01,63,1,1,1,6.0,2989211.4,1.502751448090958,1,0,0.0,,0
2776,9429,1,3,ACTIVE,129568.56,23.4348,36,2025-08-03,76,1,1,4,,754147.08,0.17180807754370672,4,0,0.0,,0
2778,9433,1,3,ACTIVE,711055.87,24.4971,24,2025-07-15,65,2,3,1,11.0,2208810.24,0.321918043081872,5,0,0.0,,0
2779,9434,1,3,ACTIVE,732643.75,20.8582,60,2025-08-14,28,1,1,1,4.0,2172567.72,0.33722481617281874,4,0,0.0,,0
2780,9436,2,3,ACTIVE,9460959.96,11.1235,240,2025-05-29,57,1,1,1,8.0,5184117.12,1.824989625234393,7,0,0.0,,0
2781,9438,1,3,ACTIVE,444881.77,17.9033,36,2025-09-11,27,1,1,1,7.0,1363608.24,0.3262533599826296,3,0,0.0,,0
2782,9440,1,3,ACTIVE,599876.63,24.5126,48,2025-06-03,24,1,2,1,7.0,970197.48,0.6183036364926447,5,0,0.0,,0
2783,9443,2,3,ACTIVE,4799268.78,10.0536,180,2025-07-05,35,1,2,1,9.0,2658543.6,1.805224777957375,5,0,0.0,,0
2784,9446,2,3,ACTIVE,5677965.61,14.0173,120,2025-10-21,59,2,1,1,2.0,2126115.24,2.6705822446388185,2,1,1942.04,6.0,1
2785,9452,1,3,ACTIVE,203963.31,19.4199,60,2025-09-20,42,2,1,1,4.0,1708106.88,0.11940898569532137,3,1,464.42,5.0,1
2787,9458,2,3,ACTIVE,2678740.64,13.0565,300,2025-08-13,57,1,1,1,10.0,3325169.88,0.8055951234587749,4,0,0.0,,0
2788,9460,1,3,ACTIVE,808030.01,22.9359,60,2025-09-04,39,2,1,1,8.0,1845924.72,0.43773724965338784,3,0,0.0,,0
2789,9461,1,3,ACTIVE,169357.78,22.774,36,2025-10-06,76,1,1,4,,511265.4,0.33125218330831696,2,0,0.0,,0
2790,9463,1,3,ACTIVE,878176.03,23.6603,24,2025-07-14,51,2,1,1,6.0,2528634.96,0.34729252893031265,5,0,0.0,,0
2793,9482,1,3,ACTIVE,468023.18,17.4619,36,2025-05-09,52,2,1,1,3.0,4041074.76,0.1158165111501179,7,0,0.0,,0
2794,9485,1,3,ACTIVE,998435.62,18.2164,24,2025-09-17,49,2,1,1,6.0,2096528.4,0.4762328142084791,3,0,0.0,,0
2795,9496,2,3,ACTIVE,9272910.79,14.788,120,2025-10-20,43,2,1,1,11.0,1712593.08,5.414544119260367,2,0,0.0,,0
2796,9497,1,3,ACTIVE,752564.62,24.9537,36,2025-06-11,51,2,1,1,7.0,1939429.44,0.38803402922459507,6,0,0.0,,0
2797,9498,1,3,ACTIVE,794185.31,20.474,48,2025-10-03,60,2,1,1,5.0,1644124.56,0.4830444902544367,2,0,0.0,,0
2798,9501,2,3,ACTIVE,4303004.74,13.3762,240,2025-03-25,37,2,1,1,7.0,2624156.64,1.6397667252058552,8,0,0.0,,0
2799,9508,2,3,ACTIVE,9196859.9,12.7337,180,2025-06-06,36,2,1,1,4.0,2543165.28,3.616304442470212,6,0,0.0,,0
2800,9511,1,3,ACTIVE,479884.54,18.5068,12,2025-04-19,63,1,1,1,1.0,2088349.68,0.22979127710068173,8,2,2438.22,13.5,1
2801,9512,2,3,ACTIVE,4872734.52,11.3003,300,2025-09-21,63,1,2,1,1.0,839770.56,5.802459328890977,3,0,0.0,,0
2803,9519,1,3,ACTIVE,668547.48,16.3227,48,2025-02-05,52,1,1,1,3.0,1958304.96,0.3413908934796345,10,0,0.0,,0
2804,9529,1,3,ACTIVE,538165.13,23.9116,24,2025-05-01,51,2,1,1,5.0,2296401.0,0.2343515483576257,7,0,0.0,,0
2805,9529,2,3,ACTIVE,4973213.01,13.6898,180,2025-04-25,51,2,1,1,5.0,2296401.0,2.165655305845974,8,2,1039.64,17.0,1
2806,9539,1,3,ACTIVE,564323.62,20.1568,12,2025-07-14,30,1,1,1,11.0,1317882.84,0.4282046953430246,5,0,0.0,,0
2807,9541,2,3,ACTIVE,4828254.45,10.7458,180,2025-03-10,47,2,1,1,1.0,976167.96,4.946130837975875,9,1,952.14,15.0,1
2808,9544,2,3,ACTIVE,4388250.81,13.5164,120,2025-04-18,25,2,1,1,5.0,1863459.48,2.3548946768619836,8,0,0.0,,0
2810,9547,1,3,ACTIVE,1171428.37,18.5085,60,2025-02-25,37,2,1,1,1.0,1715092.32,0.6830118450999769,10,0,0.0,,0
2812,9551,1,3,ACTIVE,975943.84,17.0937,24,2025-07-11,34,1,1,1,9.0,5479363.56,0.17811262737236586,5,1,1965.01,11.0,1
2814,9574,2,3,ACTIVE,2523192.67,14.0927,120,2025-11-05,56,2,1,2,1.0,1770561.24,1.4250807105661027,1,0,0.0,,0
2815,9576,1,3,ACTIVE,326249.51,23.9564,12,2025-04-19,54,2,1,1,12.0,1656064.44,0.19700290768878534,8,0,0.0,,0
2816,9576,2,3,ACTIVE,4350874.1,13.7025,300,2025-04-14,54,2,1,1,12.0,1656064.44,2.627237198571814,8,0,0.0,,0
2818,9587,1,3,ACTIVE,1015875.96,24.9374,60,2025-06-25,65,1,1,1,6.0,1565243.16,0.6490211782813349,6,1,1698.8,4.0,1
2819,9588,1,3,ACTIVE,1411599.79,20.7083,12,2025-06-04,47,1,1,1,9.0,2046915.48,0.6896229003065627,6,0,0.0,,0
2820,9591,2,3,ACTIVE,9257219.1,12.3556,240,2025-11-15,61,2,1,1,1.0,1194311.04,7.751095644230166,1,0,0.0,,0
2821,9603,2,3,ACTIVE,9605347.99,14.9141,300,2025-05-19,49,2,1,1,11.0,1222114.44,7.8596141863768505,7,0,0.0,,0
2822,9605,1,3,ACTIVE,298993.1,18.4528,48,2025-07-09,44,2,1,1,5.0,1972172.16,0.15160598352630633,5,0,0.0,,0
2824,9609,1,3,ACTIVE,328231.91,20.6176,60,2025-05-29,58,2,1,1,1.0,2641958.4,0.12423810685285581,7,1,1471.11,15.0,1
2825,9609,2,3,ACTIVE,8085498.1,13.8475,120,2025-02-03,58,2,1,1,1.0,2641958.4,3.0604184002291634,10,1,1438.59,20.0,1
2826,9610,1,3,ACTIVE,245171.72,24.57,24,2025-07-06,34,1,2,1,12.0,1773660.84,0.13822920057252885,5,0,0.0,,0
2828,9613,1,3,ACTIVE,452571.95,16.7697,48,2025-07-13,63,2,1,1,10.0,4701257.28,0.09626615244507529,5,0,0.0,,0
2829,9616,1,3,ACTIVE,477323.96,24.4969,12,2025-05-15,36,2,1,2,6.0,4575336.24,0.10432543860426748,7,0,0.0,,0
2830,9618,1,3,ACTIVE,934349.31,16.9889,24,2025-04-23,51,2,1,1,10.0,1832379.96,0.5099102426333019,8,1,1768.29,14.0,1
2832,9626,1,3,ACTIVE,590882.87,16.0882,48,2025-09-13,37,1,1,1,7.0,8476093.68,0.06971169648516674,3,0,0.0,,0
2833,9627,1,3,ACTIVE,720813.37,17.6545,24,2025-07-10,27,1,1,1,7.0,2592383.04,0.2780504882488353,5,1,536.02,13.0,1
2834,9632,1,3,ACTIVE,283156.05,21.2452,36,2025-07-04,23,1,1,3,,739620.48,0.3828396558191574,5,0,0.0,,0
2835,9635,1,3,ACTIVE,470722.02,16.1867,12,2025-08-29,56,1,2,2,11.0,2199938.76,0.21397051070639803,4,0,0.0,,0
2836,9637,1,3,ACTIVE,1068575.19,21.595,36,2025-07-12,62,1,3,1,1.0,2263521.6,0.47208526306972287,5,1,768.4,9.0,1
2837,9641,1,3,ACTIVE,189550.55,18.2541,60,2025-06-16,39,1,1,1,7.0,692431.68,0.27374621276715705,6,0,0.0,,0
2838,9647,2,3,ACTIVE,5572424.64,13.9291,180,2025-07-04,24,2,1,1,5.0,1351671.84,4.122616507272949,5,0,0.0,,0
2839,9648,1,3,ACTIVE,602892.73,21.9906,60,2025-10-24,41,1,1,2,8.0,3226787.4,0.1868399293985095,2,0,0.0,,0
2841,9659,1,3,ACTIVE,105630.67,18.8048,24,2025-10-18,42,2,1,1,4.0,1734261.84,0.06090814406664221,2,0,0.0,,0
2842,9666,1,3,ACTIVE,866168.89,21.3341,48,2025-11-30,57,1,1,1,6.0,2809829.4,0.3082638718208301,1,0,0.0,,0
2843,9673,2,3,ACTIVE,6267368.85,13.3253,240,2025-03-19,28,1,2,1,1.0,710931.48,8.815714349855488,9,1,1292.67,12.0,1
2844,9674,1,3,ACTIVE,948690.99,18.0438,36,2025-07-07,42,2,1,1,12.0,1691439.12,0.5608779995581514,5,1,1698.55,9.0,1
2845,9675,1,3,ACTIVE,794359.35,21.2142,12,2025-04-24,38,1,1,1,1.0,1672629.36,0.47491654098430985,8,0,0.0,,0
2846,9675,2,3,ACTIVE,7168116.16,10.0901,300,2025-04-02,38,1,1,1,1.0,1672629.36,4.2855376877995255,8,2,2646.76,14.0,1
2847,9677,1,3,ACTIVE,1054706.44,16.4002,36,2025-03-28,27,1,1,1,5.0,1967070.84,0.5361812185676038,9,1,1400.72,18.0,1
2848,9677,2,3,ACTIVE,9676419.18,12.0261,180,2025-02-13,27,1,1,1,5.0,1967070.84,4.91920218795984,10,1,732.37,11.0,1
2849,9683,1,3,ACTIVE,1067524.07,16.2633,12,2025-09-25,60,2,1,2,4.0,4271262.24,0.24993175553650857,3,0,0.0,,0
2850,9684,2,3,ACTIVE,2717031.9,13.2118,240,2025-10-24,62,1,1,1,10.0,1062245.76,2.5578185409749246,2,0,0.0,,0
2851,9688,1,3,ACTIVE,287760.02,17.8005,24,2025-10-18,79,2,1,4,,733773.96,0.39216439351431875,2,0,0.0,,0
2852,9689,1,3,ACTIVE,166150.53,16.1264,48,2025-04-22,32,1,1,1,1.0,2526129.96,0.06577275620451452,8,1,1676.03,15.0,1
2853,9689,2,3,ACTIVE,5391487.72,12.5164,120,2025-02-15,32,1,1,1,1.0,2526129.96,2.134287548689696,10,1,1552.48,6.0,1
2854,9690,1,3,ACTIVE,808952.49,24.8679,60,2025-06-29,45,2,1,1,6.0,2151718.68,0.37595643776257964,6,0,0.0,,0
2855,9691,2,3,ACTIVE,6095647.25,10.1631,240,2025-05-06,53,1,1,1,3.0,2055537.24,2.965476436710045,7,0,0.0,,0
2856,9693,1,3,ACTIVE,641960.06,20.0254,36,2025-11-14,37,1,1,1,2.0,1583969.04,0.4052857371505191,1,0,0.0,,0
2857,9695,2,3,ACTIVE,2121762.13,13.7155,300,2025-04-04,56,2,1,1,1.0,2900663.28,0.7314748128917604,8,1,369.85,12.0,1
2858,9700,1,3,ACTIVE,117167.45,17.1332,48,2025-08-27,64,2,1,1,6.0,1625050.32,0.07210081346896384,4,2,3587.23,10.0,1
2859,9701,1,3,ACTIVE,436625.75,21.0959,36,2025-09-05,25,2,1,1,7.0,1530938.64,0.28520133896417954,3,0,0.0,,0
2860,9702,1,3,ACTIVE,911990.5,17.9988,36,2025-10-23,39,1,1,1,2.0,1863858.36,0.48930247038728847,2,0,0.0,,0
2861,9702,2,3,ACTIVE,2193481.3,12.2073,180,2025-11-02,39,1,1,1,2.0,1863858.36,1.1768497795079236,1,0,0.0,,0
2863,9710,1,3,ACTIVE,965556.02,17.0512,12,2025-11-09,57,2,1,1,4.0,2066510.16,0.4672399094326253,1,0,0.0,,0
2864,9711,2,3,ACTIVE,8618898.42,12.4521,180,2025-05-07,35,2,1,1,2.0,2360912.64,3.650663846672446,7,0,0.0,,0
2865,9716,1,3,ACTIVE,428671.96,17.7553,12,2025-02-28,35,1,1,1,2.0,948296.04,0.4520444480607554,9,0,0.0,,0
2867,9723,1,3,ACTIVE,863426.59,20.0711,48,2025-10-03,47,1,2,2,7.0,2153986.68,0.40085047786832184,2,0,0.0,,0
2868,9723,2,3,ACTIVE,5789925.02,13.4777,180,2025-10-12,47,1,2,2,7.0,2153986.68,2.6880040966641445,2,0,0.0,,0
2869,9726,2,3,ACTIVE,2927299.06,11.1244,300,2025-10-19,33,1,1,1,2.0,1816658.76,1.6113642938644128,2,0,0.0,,0
2870,9730,1,3,ACTIVE,141236.44,17.8209,12,2025-04-10,47,2,1,1,11.0,1727969.28,0.08173550400155262,8,2,1736.4,10.0,1
2871,9731,1,3,ACTIVE,475009.83,19.634,12,2025-07-17,51,1,1,1,11.0,1051295.76,0.45183272688172926,5,0,0.0,,0
2872,9734,2,3,ACTIVE,8393277.42,12.8191,300,2025-08-28,51,2,1,1,9.0,2072991.0,4.048873063124732,4,0,0.0,,0
2873,9740,2,3,ACTIVE,4299807.9,11.0062,180,2025-04-02,28,2,1,1,10.0,760048.8,5.657278716840287,8,0,0.0,,0
2874,9741,1,3,ACTIVE,818803.77,20.6493,48,2025-05-24,31,1,3,1,11.0,2699329.68,0.3033359637641594,7,0,0.0,,0
2875,9742,2,3,ACTIVE,4412174.7,13.3487,180,2025-07-26,32,2,1,1,7.0,2222984.28,1.9847979761692243,5,2,2500.31,19.0,1
2877,9757,2,3,ACTIVE,9021020.02,11.7841,120,2025-06-16,38,2,1,1,11.0,5190379.92,1.738026918846434,6,0,0.0,,0
2878,9760,2,3,ACTIVE,6598978.07,14.9851,300,2025-02-08,39,2,1,1,10.0,1634958.72,4.036174118206483,10,1,1942.93,5.0,1
2880,9768,1,3,ACTIVE,472638.77,16.8915,60,2025-11-18,37,1,1,1,10.0,1700167.44,0.2779954249682608,1,0,0.0,,0
2882,9769,1,3,ACTIVE,108383.88,16.3861,60,2025-08-19,33,2,1,1,1.0,1384358.16,0.07829179119368936,4,1,1644.17,3.0,1
2883,9772,1,3,ACTIVE,244520.03,23.4364,12,2025-07-12,47,1,1,1,3.0,2307799.68,0.10595374985059362,5,0,0.0,,0
2884,9774,1,3,ACTIVE,1342884.31,21.1478,36,2025-06-27,34,2,1,2,5.0,4445055.48,0.3021074351134983,6,2,1552.36,13.5,1
2885,9779,1,3,ACTIVE,532469.99,19.3136,48,2025-07-07,30,2,1,1,11.0,2148483.6,0.24783525924982625,5,0,0.0,,0
2886,9780,2,3,ACTIVE,3362236.64,12.6609,180,2025-07-08,49,2,1,1,9.0,3053342.16,1.10116602195674,4,0,0.0,,0
2887,9786,1,3,ACTIVE,1074901.87,16.7959,36,2025-07-15,37,2,1,1,8.0,1918869.72,0.5601744916794038,5,1,1723.31,18.0,1
2888,9786,2,3,ACTIVE,4848825.77,12.9773,300,2025-07-28,37,2,1,1,8.0,1918869.72,2.5269176533777395,5,1,1306.38,5.0,1
2889,9788,1,3,ACTIVE,728632.03,21.269,24,2025-07-05,49,1,1,1,6.0,3625338.48,0.20098317274915528,5,1,1973.34,19.0,1
2890,9788,2,3,ACTIVE,5280750.85,10.2881,180,2025-06-02,49,1,1,1,6.0,3625338.48,1.4566228447722762,6,0,0.0,,0
2891,9789,1,3,ACTIVE,718417.35,21.4389,60,2025-06-24,25,1,1,1,1.0,1497226.92,0.47983197496876423,6,0,0.0,,0
2892,9790,1,3,ACTIVE,174549.44,19.5662,36,2025-08-21,69,1,1,4,,441031.92,0.395775072244204,4,0,0.0,,0
2893,9791,1,3,ACTIVE,869394.9,22.0934,60,2025-04-02,65,2,1,1,2.0,5044994.64,0.17232821083829733,8,0,0.0,,0
2895,9798,1,3,ACTIVE,1130549.26,24.3575,24,2025-07-30,47,2,1,1,3.0,2134448.64,0.5296680551657593,5,0,0.0,,0
2896,9801,2,3,ACTIVE,9008496.92,12.8388,240,2025-07-21,60,1,1,1,9.0,3849494.64,2.340176506908969,5,0,0.0,,0
2897,9806,2,3,ACTIVE,4777651.96,12.0206,120,2025-09-18,43,2,1,1,1.0,5241221.28,0.9115531867030807,3,0,0.0,,0
2898,9808,2,3,ACTIVE,9516727.96,11.64,180,2025-08-12,78,1,1,4,,578259.24,16.457545857805922,4,1,503.1,19.0,1
2899,9809,2,3,ACTIVE,9550452.79,13.9543,300,2025-04-18,28,2,1,1,7.0,864227.04,11.050860882575487,8,0,0.0,,0
2900,9810,1,3,ACTIVE,115743.4,23.9748,36,2025-09-23,50,1,1,1,3.0,2485156.08,0.046573895672580856,3,0,0.0,,0
2901,9816,1,3,ACTIVE,987118.94,22.9971,24,2025-04-30,66,1,1,1,5.0,1432386.12,0.6891430503389686,8,0,0.0,,0
2902,9833,1,3,ACTIVE,884943.89,22.1672,60,2025-08-26,34,2,1,1,8.0,2661171.48,0.33253922065931657,4,2,1833.81,12.5,1
2903,9838,1,3,ACTIVE,597873.49,19.9373,36,2025-04-17,59,2,1,1,12.0,852244.92,0.7015277838206416,8,1,898.02,4.0,1
2904,9843,2,3,ACTIVE,9510786.72,12.7815,120,2025-10-12,53,1,1,1,1.0,6258508.32,1.519657118551214,2,0,0.0,,0
2905,9846,1,3,ACTIVE,366901.0,21.7617,24,2025-06-23,30,1,1,1,1.0,1625285.64,0.22574554956382928,6,0,0.0,,0
2906,9857,2,3,ACTIVE,2293174.65,13.2877,120,2025-11-05,65,1,1,1,9.0,1505368.32,1.5233312801481036,1,0,0.0,,0
2907,9859,2,3,ACTIVE,4048870.75,12.096,180,2025-10-12,37,2,1,1,5.0,4435088.16,0.912917760354058,2,0,0.0,,0
2908,9866,1,3,ACTIVE,471609.95,18.6008,12,2025-08-27,43,2,1,1,4.0,2541030.6,0.18559790267775603,4,0,0.0,,0
2909,9866,2,3,ACTIVE,7084319.22,14.6034,300,2025-10-05,43,2,1,1,4.0,2541030.6,2.7879708414373288,2,0,0.0,,0
2910,9868,1,3,ACTIVE,103308.5,24.1812,60,2025-07-10,37,2,1,1,10.0,2645557.56,0.03904980241669737,5,1,1900.67,15.0,1
2911,9877,1,3,ACTIVE,215106.72,24.6459,48,2025-03-21,30,2,1,1,3.0,2226030.72,0.09663241305133471,9,1,440.12,15.0,1
2912,9878,1,3,ACTIVE,425598.93,22.4844,48,2025-07-17,65,1,1,1,10.0,1819765.92,0.2338756459402207,5,0,0.0,,0
2913,9879,1,3,ACTIVE,667412.36,18.3658,12,2025-09-04,49,2,1,1,4.0,6812524.08,0.09796844050201141,3,0,0.0,,0
2915,9885,2,3,ACTIVE,4697616.98,13.6752,120,2025-06-05,36,1,2,2,8.0,1701384.6,2.761055307541869,6,2,1395.41,13.5,1
2916,9886,2,3,ACTIVE,4065679.53,14.1482,120,2025-10-07,43,1,1,1,9.0,1551294.36,2.6208304721742173,2,0,0.0,,0
2917,9887,2,3,ACTIVE,5410021.5,10.3203,240,2025-07-09,35,2,1,2,4.0,1237222.92,4.372713609282311,5,0,0.0,,0
2918,9900,1,3,ACTIVE,1199493.36,22.2947,60,2025-11-30,65,1,1,1,2.0,4422693.96,0.2712132855785481,1,0,0.0,,0
2922,9912,2,3,ACTIVE,8624279.47,10.3938,180,2025-02-28,48,1,1,1,4.0,2255517.12,3.823637335104776,10,1,1496.1,19.0,1
2923,9914,1,3,ACTIVE,476026.43,19.4579,48,2025-05-06,43,1,1,1,9.0,1128308.28,0.4218939437367242,7,0,0.0,,0
2924,9915,2,3,ACTIVE,7233638.15,10.1778,120,2025-05-28,62,1,1,1,1.0,1245576.36,5.80746261915247,7,0,0.0,,0
2925,9917,1,3,ACTIVE,1478824.73,17.3438,24,2025-03-18,39,2,1,2,6.0,2802621.6,0.5276576509650821,9,1,799.62,18.0,1
2927,9942,1,3,ACTIVE,747385.67,21.7544,12,2025-04-29,29,1,1,1,5.0,1337750.52,0.5586883793549189,8,0,0.0,,0
2928,9947,1,3,ACTIVE,1006208.52,23.1459,36,2025-12-01,35,1,1,1,9.0,3798837.96,0.2648727138653737,1,0,0.0,,0
2929,9951,1,3,ACTIVE,982100.83,24.6151,60,2025-11-05,37,2,2,1,12.0,1350681.96,0.7271147902204897,1,0,0.0,,0
2930,9960,1,3,ACTIVE,607059.98,18.3842,60,2025-09-25,59,2,1,1,6.0,2001486.12,0.30330461647168455,3,0,0.0,,0
2931,9966,1,3,ACTIVE,589490.53,16.0707,36,2025-04-24,31,1,1,1,10.0,1316274.24,0.44784780563661264,8,0,0.0,,0
2932,9967,1,3,ACTIVE,303563.2,20.6244,36,2025-11-02,65,1,1,1,7.0,2412191.76,0.12584538469694465,1,0,0.0,,0
2933,9971,2,3,ACTIVE,9431588.53,12.3995,180,2025-02-28,37,1,1,1,1.0,710153.52,13.281055806074157,10,0,0.0,,0
2934,9972,1,3,ACTIVE,379375.08,19.6799,12,2025-04-15,55,1,1,1,8.0,2514213.6,0.15089214377012358,8,0,0.0,,0
2935,9987,1,3,ACTIVE,486117.14,17.0789,12,2025-08-04,34,1,1,2,11.0,3869863.68,0.1256160888850741,4,0,0.0,,0
2936,9990,1,3,ACTIVE,216778.58,23.9977,36,2025-10-06,56,2,1,1,8.0,5335805.88,0.040627148902201066,2,0,0.0,,0
2937,9992,1,3,ACTIVE,566687.11,19.6716,60,2025-03-30,56,1,1,1,1.0,2369350.68,0.2391740128565519,9,0,0.0,,0
2938,9992,2,3,ACTIVE,9773008.01,11.6354,180,2025-04-11,56,1,1,1,1.0,2369350.68,4.124762152135284,8,0,0.0,,0
2939,9997,1,3,ACTIVE,513050.33,19.0845,60,2025-10-31,41,1,1,1,9.0,1013296.92,0.5063178618958005,2,0,0.0,,0
